x,y,prediction,squared_error
1.0,11.0,1.0244499999999999,99.5115978025
2.0,27.0,2.033792,623.3115418992641
3.0,7.0,3.043134,15.656788541956002
4.0,-4.0,4.0524759999999995,64.84236973057598
5.0,27.0,5.061818,481.28382946512403
6.0,-5.0,6.071159999999999,122.57058374559998
7.0,11.0,7.080501999999999,15.362464572004006
8.0,32.0,8.089844,571.6955599443361
9.0,54.0,9.099186,2016.0830978625957
10.0,18.0,10.108528,62.275330326784
11.0,25.0,11.11787,192.7135333369
12.0,16.0,12.127211999999998,14.998486892944014
13.0,19.0,13.136553999999999,34.379998994916015
14.0,35.0,14.145895999999999,434.893653642816
15.0,67.0,15.155237999999999,2687.8793468366443
16.0,53.0,16.16458,1356.8481665764
17.0,60.0,17.173922,1834.0729568620836
18.0,47.0,18.183264,830.4042736936959
19.0,29.0,19.192606,96.18497707123598
20.0,51.0,20.201948,948.5200069947039
21.0,85.0,21.21129,4068.999523464099
22.0,37.0,22.220632000000002,218.42971847942394
23.0,62.0,23.229974000000002,1503.114916040676
24.0,85.0,24.239316,3691.860720147856
25.0,74.0,25.248658,2376.6933468009643
26.0,85.0,26.258,3450.6225640000007
27.0,52.0,27.267342,611.7043717449641
28.0,113.0,28.276684,7178.040274035856
29.0,77.0,29.286026,2276.623314872676
30.0,92.0,30.295368,3807.4616102554246
31.0,74.0,31.30471,1822.8877881841
32.0,123.0,32.314052,8223.941164658703
33.0,90.0,33.32339399999999,3212.237667679237
34.0,115.0,34.332736,6507.207481245697
35.0,99.0,35.342077999999994,4052.331033358085
36.0,126.0,36.35142,8036.867896016402
37.0,107.0,37.360761999999994,4849.623469220644
38.0,142.0,38.370104,10739.155344970817
39.0,128.0,39.379445999999994,7853.602591266916
40.0,117.0,40.388788,5869.277804108943
41.0,152.0,41.398129999999995,12232.7736474969
42.0,111.0,42.407472,4704.934897430784
43.0,113.0,43.416813999999995,4841.819773910598
44.0,148.0,44.426156,10727.541160936338
45.0,155.0,45.435497999999995,12004.380098508005
46.0,151.0,46.44484,10931.7814826256
47.0,165.0,47.454181999999996,13817.019329289124
48.0,165.0,48.46352399999999,13580.750238498578
49.0,173.0,49.472865999999996,15258.952834253956
50.0,122.0,50.48220799999999,5114.794572555266
51.0,159.0,51.49155,11558.066821402503
52.0,176.0,52.50089199999999,15252.029676795666
53.0,135.0,53.510234,6640.581962734756
54.0,152.0,54.519575999999994,9502.433063219776
55.0,143.0,55.528918,7651.190186250723
56.0,176.0,56.538259999999994,14271.107323827602
57.0,158.0,57.547602,10090.684263950405
58.0,147.0,58.556943999999994,7822.174154619138
59.0,171.0,59.566286,12417.472615833798
60.0,209.0,60.575627999999995,22029.794203594385
61.0,166.0,61.58497,10902.4984899009
62.0,205.0,62.594311999999995,20279.379974753345
63.0,216.0,63.603654,23224.646274151713
64.0,170.0,64.612996,11106.420612096017
65.0,190.0,65.622338,15469.802804586245
66.0,220.0,66.63167999999999,23521.841579622404
67.0,172.0,67.64102199999999,10890.796289204485
68.0,193.0,68.650364,15462.831973332497
69.0,204.0,69.659706,18047.314592006434
70.0,226.0,70.66904799999999,24127.70464922631
71.0,242.0,71.67839,29009.45083299211
72.0,192.0,72.687732,14235.417295303825
73.0,232.0,73.697074,25059.81638016148
74.0,199.0,74.70641599999999,15448.89502356506
75.0,241.0,75.715758,27318.880653514567
76.0,232.0,76.7251,24110.29457001
77.0,214.0,77.734442,18568.302297051363
78.0,220.0,78.74378399999999,19953.318558638653
79.0,242.0,79.753126,26324.048122771874
80.0,259.0,80.762468,31768.61781345102
81.0,252.0,81.77180999999999,28977.636670676104
82.0,219.0,82.78115199999999,18555.574550447105
83.0,220.0,83.790494,18553.02952476404
84.0,227.0,84.799836,20220.886641626897
85.0,278.0,85.80917799999999,36937.31206103569
86.0,269.0,86.81851999999999,33190.09165499041
87.0,234.0,87.827862,21366.29392749105
88.0,287.0,88.837204,39268.49371853762
89.0,265.0,89.84654599999999,30678.73244813012
90.0,257.0,90.855888,27603.865952268545
91.0,268.0,91.86523,31023.4572029529
92.0,289.0,92.874572,38465.18350818318
93.0,282.0,93.88391399999999,35387.66181195939
94.0,261.0,94.893256,27591.450402281534
95.0,290.0,95.902598,37673.8014631496
96.0,271.0,96.91193999999999,30306.652634563605
97.0,291.0,97.92128199999999,37279.39134452353
98.0,311.0,98.930624,44973.42023702938
99.0,281.0,99.939966,32782.73591208116
100.0,277.0,100.94930799999999,30993.846153678875
1.0,11.0,3.0311673043314205,63.50229453155656
2.0,27.0,6.0135712400722685,440.4301920955219
3.0,7.0,8.995975175813117,3.9839169024622016
4.0,-4.0,11.978379111553965,255.30859903254407
5.0,27.0,14.960783047294813,144.94274483430397
6.0,-5.0,17.943186983035663,526.3898289385371
7.0,11.0,20.92559091877651,98.51735508689873
8.0,32.0,23.90799485451736,65.48054727451755
9.0,54.0,26.890398790258207,734.9304777512338
10.0,18.0,29.872802725999055,140.9634445704906
11.0,25.0,32.8552066617399,61.70427169864289
12.0,16.0,35.83761059748075,393.53079421728046
13.0,19.0,38.820014533221595,392.83297609711525
14.0,35.0,41.80241846896244,46.27289702688135
15.0,67.0,44.78482240470329,493.5141155905728
16.0,53.0,47.76722634044414,27.381920172141633
17.0,60.0,50.74963027618499,85.56934002727343
18.0,47.0,53.732034211925836,45.32028463053991
19.0,29.0,56.714438147666684,768.0900818408423
20.0,51.0,59.69684208340753,75.63506222372826
21.0,85.0,62.67924601914838,498.2160582737034
22.0,37.0,65.66164995488923,821.4901781366017
23.0,62.0,68.64405389063008,44.14345210159665
24.0,85.0,71.62645782637092,178.8516302698355
25.0,74.0,74.60886176211177,0.37071264536185206
26.0,85.0,77.59126569785262,54.88934395981522
27.0,52.0,80.57366963359347,816.4545963297414
28.0,113.0,83.55607356933432,866.9448036544533
29.0,77.0,86.53847750507516,90.98255311482492
30.0,92.0,89.52088144081601,6.146028830490491
31.0,74.0,92.50328537655686,342.37156972630294
32.0,123.0,95.48568931229771,757.0372926194085
33.0,90.0,98.46809324803856,71.70860325747618
34.0,115.0,101.4504971837794,183.58902656676986
35.0,99.0,104.43290111952025,29.516414574484415
36.0,126.0,107.4153050552611,345.3908861890036
37.0,107.0,110.39770899100195,11.54442638753548
38.0,142.0,113.3801129267428,819.0979360859948
39.0,128.0,116.36251686248364,135.4310137759775
40.0,117.0,119.34492079822449,5.498653549945793
41.0,152.0,122.32732473396534,880.467657443545
42.0,111.0,125.30972866970619,204.76833460061127
43.0,113.0,128.29213260544705,233.84931962257681
44.0,148.0,131.2745365411879,279.74112791205886
45.0,155.0,134.25694047692875,430.274518377677
46.0,151.0,137.2393444126696,189.3556421931275
47.0,165.0,140.22174834841044,613.9617549095005
48.0,165.0,143.2041522841513,475.0589776524674
49.0,173.0,146.18655621989214,718.9607673490049
50.0,122.0,149.168960155633,738.1523959383728
51.0,159.0,152.15136409137384,46.90381380892373
52.0,176.0,155.13376802711468,435.3996367462614
53.0,135.0,158.11617196285553,534.3574062163082
54.0,152.0,161.09857589859638,82.78408338251892
55.0,143.0,164.08097983433723,444.4077107757329
56.0,176.0,167.06338377007808,79.86310964090394
57.0,158.0,170.04578770581892,145.10100145365834
58.0,147.0,173.02819164155977,677.466760129762
59.0,171.0,176.01059557730062,25.106068039264535
60.0,209.0,178.99299951304147,900.4200782243296
61.0,166.0,181.97540344878232,255.2135153513659
62.0,205.0,184.95780738452316,401.6894848358742
63.0,216.0,187.940211320264,787.3517407514399
64.0,170.0,190.92261525600486,437.7558291508073
65.0,190.0,193.9050191917457,15.249174887902306
66.0,220.0,196.88742312748656,534.1912096878433
67.0,172.0,199.8698270632274,776.7272605342026
68.0,193.0,202.85223099896825,97.06645565703097
69.0,204.0,205.8346349347091,3.365885343655066
70.0,226.0,208.81703887044995,295.25415317962796
71.0,242.0,211.7994428061908,912.0736548165409
72.0,192.0,214.78184674193164,519.0125409728615
73.0,232.0,217.7642506776725,202.65655876814807
74.0,199.0,220.74665461341334,472.91698687509177
75.0,241.0,223.7290585491542,298.285418598544
76.0,232.0,226.71146248489504,27.968629048672575
77.0,214.0,229.69386642063589,246.2974432287626
78.0,220.0,232.67627035637673,160.6878301479555
79.0,242.0,235.65867429211758,40.21241173345046
80.0,259.0,238.64107822785843,414.48569572418006
81.0,252.0,241.62348216359928,107.67212240914233
82.0,219.0,244.60588609934013,655.6614029323798
83.0,220.0,247.58829003508097,761.1137470597481
84.0,227.0,250.57069397082182,555.5776142661362
85.0,278.0,253.55309790656267,597.6510219661105
86.0,269.0,256.5355018423035,155.363714323219
87.0,234.0,259.51790577804434,651.1635152971486
88.0,287.0,262.5003097137852,600.2348241204471
89.0,265.0,265.4827136495261,0.23301246743879703
90.0,257.0,268.4651175852669,131.44892124399655
91.0,268.0,271.44752152100773,11.88540463781145
92.0,289.0,274.4299254567486,212.2870721959023
93.0,282.0,277.4123293924895,21.04672160301592
94.0,261.0,280.3947333282303,376.1556808731672
95.0,290.0,283.3771372639711,43.86231082027992
96.0,271.0,286.359541199712,235.9155058656503
97.0,291.0,289.3419451354529,2.749145933848386
98.0,311.0,292.3243490711937,348.7799376146238
99.0,281.0,295.3067530069345,204.68318160142977
100.0,277.0,298.2891569426754,453.2282033298638
1.0,11.0,3.0352979797848874,63.43647827081869
2.0,27.0,6.017639324910352,440.25945949954854
3.0,7.0,8.999980670035816,3.9999226805169115
4.0,-4.0,11.98232201516128,255.43461699630893
5.0,27.0,14.964663360286744,144.84932803122436
6.0,-5.0,17.947004705412212,526.5650249502102
7.0,11.0,20.929346050537674,98.59191299132812
8.0,32.0,23.91168739566314,65.42080078547451
9.0,54.0,26.894028740788606,734.7336779051941
10.0,18.0,29.87637008591407,141.04816641759453
11.0,25.0,32.85871143103953,61.75934535635139
12.0,16.0,35.841052776165,393.6673752665649
13.0,19.0,38.82339412129046,392.96695448801324
14.0,35.0,41.805735466415925,46.318035238831584
15.0,67.0,44.788076811541394,493.3695317299851
16.0,53.0,47.77041815666686,27.348526256119676
17.0,60.0,50.75275950179232,85.51145683169224
18.0,47.0,53.73510084691779,45.36158341815271
19.0,29.0,56.71744219204325,768.2566016692593
20.0,51.0,59.69978353716871,75.68623359359177
21.0,85.0,62.68212488229418,498.08754976951246
22.0,37.0,65.66446622741964,821.651624102881
23.0,62.0,68.64680757254511,44.18005090644308
24.0,85.0,71.62914891767058,178.7796586658299
25.0,74.0,74.61149026279604,0.37392034149436887
26.0,85.0,77.5938316079215,54.85133025182262
27.0,52.0,80.57617295304696,816.5976606424529
28.0,113.0,83.55851429817243,866.8010803309174
29.0,77.0,86.5408556432979,91.02792640624943
30.0,92.0,89.52319698842336,6.134553158155089
31.0,74.0,92.50553833354883,342.4549490144451
32.0,123.0,95.48787967867429,756.9167645751031
33.0,90.0,98.47022102379975,71.74464419201932
34.0,115.0,101.45256236892521,183.5330663678612
35.0,99.0,104.43490371405068,29.53817838100184
36.0,126.0,107.41724505917615,345.3187811907131
37.0,107.0,110.39958640430162,11.557187720312387
38.0,142.0,113.38192774942708,818.9940593390119
39.0,128.0,116.36426909455254,135.39023370398516
40.0,117.0,119.346610439678,5.5065805556057885
41.0,152.0,122.32895178480346,880.3711021885175
42.0,111.0,125.31129312992894,204.8131110507513
43.0,113.0,128.29363447505438,233.89525545657173
44.0,148.0,131.27597582017984,279.69298476720945
45.0,155.0,134.25831716530533,430.2174068150676
46.0,151.0,137.2406585104308,189.31947822658063
47.0,165.0,140.22299985555625,613.8997361577655
48.0,165.0,143.20534120068172,475.0071521787019
49.0,173.0,146.18768254580718,718.900367264413
50.0,122.0,149.17002389093264,738.2101982338504
51.0,159.0,152.1523652360581,46.89010186034561
52.0,176.0,155.13470658118356,435.36046945330446
53.0,135.0,158.11704792630903,534.3979048272685
54.0,152.0,161.0993892714345,82.79888511309709
55.0,143.0,164.08173061655995,444.43936578920125
56.0,176.0,167.0640719616854,79.85080990593676
57.0,158.0,170.04641330681088,145.11607355851015
58.0,147.0,173.02875465193637,677.4960687306991
59.0,171.0,176.01109599706183,25.111083091769093
60.0,209.0,178.9934373421873,900.39380253724
61.0,166.0,181.97577868731275,255.22550466599643
62.0,205.0,184.95812003243822,401.6769526341543
63.0,216.0,187.94046137756368,787.3377077039956
64.0,170.0,190.92280272268914,437.76367377256815
65.0,190.0,193.9051440678146,15.25015019038759
66.0,220.0,196.88748541294007,534.1883305370583
67.0,172.0,199.86982675806553,776.7272435245853
68.0,193.0,202.852168103191,97.06521633353397
69.0,204.0,205.83450944831645,3.3654249159623366
70.0,226.0,208.81685079344192,295.26061665483775
71.0,242.0,211.7991921385674,912.0887954831687
72.0,192.0,214.78153348369287,518.9982678686193
73.0,232.0,217.76387482881833,202.6672598895523
74.0,199.0,220.7462161739438,472.89791788389465
75.0,241.0,223.72855751906926,298.30272537209913
76.0,232.0,226.71089886419472,27.974590824776726
77.0,214.0,229.69324020932018,246.2777882674237
78.0,220.0,232.67558155444564,160.6703677434026
79.0,242.0,235.6579228995711,40.22194194778458
80.0,259.0,238.64026424469657,414.51884002578106
81.0,252.0,241.62260558982203,107.69031474439299
82.0,219.0,244.6049469349475,655.613307541477
83.0,220.0,247.58728828007295,761.0584746478506
84.0,227.0,250.56962962519844,555.5274406690322
85.0,278.0,253.5519709703239,597.7061234358849
86.0,269.0,256.53431231544937,155.39336944875726
87.0,234.0,259.51665366057483,651.099614033727
88.0,287.0,262.4989950057003,600.2992457306991
89.0,265.0,265.48133635082576,0.23168468262625588
90.0,257.0,268.4636776959513,131.41590631665076
91.0,268.0,271.44601904107674,11.875047231463443
92.0,289.0,274.4283603862022,212.33268103440128
93.0,282.0,277.41070173132766,21.06165859883891
94.0,261.0,280.3930430764531,376.0901197651665
95.0,290.0,283.3753844215786,43.885531561863665
96.0,271.0,286.35772576670405,235.8597407252855
97.0,291.0,289.3400671118295,2.755377193230017
98.0,311.0,292.322408456955,348.85242584882707
99.0,281.0,295.30474980208044,204.6258669001203
100.0,277.0,298.2870911472059,453.1402495094518
1.0,11.0,3.039418497330335,63.370857860646424
2.0,27.0,6.021697405759483,440.0891797355184
3.0,7.0,9.00397631418863,4.015921067829049
4.0,-4.0,11.986255222617778,255.5603560426742
5.0,27.0,14.968534131046926,144.75617095578275
6.0,-5.0,17.950813039476074,526.739819172985
7.0,11.0,20.933091947905222,98.66631564553956
8.0,32.0,23.91537085633437,65.36122839060766
9.0,54.0,26.897649764763518,734.537388273423
10.0,18.0,29.879928673192666,141.13270528014525
11.0,25.0,32.86220758162181,61.81430805651147
12.0,16.0,35.84448649005096,393.8036440538151
13.0,19.0,38.82676539848011,393.1006261663683
14.0,35.0,41.80904430690926,46.36308437345337
15.0,67.0,44.7913232153384,493.22532452556703
16.0,53.0,47.77360212376755,27.315234760687034
17.0,60.0,50.755881032196704,85.45373549090067
18.0,47.0,53.73815994062585,45.40279938545494
19.0,29.0,56.72043884905499,768.4227299841973
20.0,51.0,59.702717757484145,75.73729636642986
21.0,85.0,62.684996665913296,497.95937380030074
22.0,37.0,65.66727557434244,821.8126888552907
23.0,62.0,68.64955448277159,44.21657481934777
24.0,85.0,71.63183339120074,178.70787848061542
25.0,74.0,74.6141122996299,0.3771339165567175
26.0,85.0,77.59639120805905,54.81342314410539
27.0,52.0,80.57867011648818,816.7403856270547
28.0,113.0,83.56094902491733,866.6577223135156
29.0,77.0,86.54322793334649,91.07319938780465
30.0,92.0,89.52550684177562,6.123116390099249
31.0,74.0,92.50778575020477,342.5381333754829
32.0,123.0,95.49006465863393,756.7965424861421
33.0,90.0,98.47234356706308,71.78060551835512
34.0,115.0,101.45462247549223,183.47725228144026
35.0,99.0,104.43690138392137,29.55989665848607
36.0,126.0,107.41918029235052,345.24686100817536
37.0,107.0,110.40145920077967,11.569924694568668
38.0,142.0,113.3837381092088,818.8904446023483
39.0,128.0,116.36601701763796,135.3495600338896
40.0,117.0,119.34829592606711,5.514493756383383
41.0,152.0,122.33057483449626,880.2747896514265
42.0,111.0,125.31285374292541,204.857782266374
43.0,113.0,128.29513265135455,233.94108282253205
44.0,148.0,131.27741155978367,279.64496414085676
45.0,155.0,134.25969046821282,430.160439474342
46.0,151.0,137.24196937664198,189.2834066332572
47.0,165.0,140.22424828507113,613.837873039801
48.0,165.0,143.20652719350028,474.9554569676429
49.0,173.0,146.18880610192943,718.8401182399366
50.0,122.0,149.17108501035858,738.2678606401328
51.0,159.0,152.15336391878773,46.87642562855767
52.0,176.0,155.13564282721688,435.32140023346625
53.0,135.0,158.117921735646,534.4383053754541
54.0,152.0,161.10020064407516,82.81365176242593
55.0,143.0,164.0824795525043,444.47094408176235
56.0,176.0,167.06475846093346,79.83854136146016
57.0,158.0,170.0470373693626,145.13110937881927
58.0,147.0,173.02931627779176,677.5253058893153
59.0,171.0,176.01159518622092,25.116086310552657
60.0,209.0,178.99387409465004,900.367591847714
61.0,166.0,181.9761530030792,255.23746477779622
62.0,205.0,184.95843191150834,401.66445144564716
63.0,216.0,187.9407108199375,787.3237092903729
64.0,170.0,190.92298972836664,437.7714991733361
65.0,190.0,193.9052686367958,15.251123125540895
66.0,220.0,196.88754754522495,534.1854584742373
67.0,172.0,199.8698264536541,776.7272265567979
68.0,193.0,202.85210536208325,97.06398006558953
69.0,204.0,205.83438427051237,3.3649656519032125
70.0,226.0,208.81666317894152,295.26706430594396
71.0,242.0,211.79894208737068,912.1038990419903
72.0,192.0,214.78122099579983,518.9840300594709
73.0,232.0,217.76349990422898,202.67793497688828
74.0,199.0,220.74577881265813,472.87889616905125
75.0,241.0,223.72805772108728,298.3199900860927
76.0,232.0,226.7103366295164,27.980538573035865
77.0,214.0,229.69261553794556,246.2581824217703
78.0,220.0,232.6748944463747,160.65294922674042
79.0,242.0,235.65717335480386,40.231449851010126
80.0,259.0,238.639452263233,414.55190414116737
81.0,252.0,241.62173117166216,107.70846387324883
82.0,219.0,244.6040100800913,655.5653321814176
83.0,220.0,247.58628898852047,761.0033401581654
84.0,227.0,250.56856789694962,555.4773927131241
85.0,278.0,253.55084680537874,597.761091934059
86.0,269.0,256.5331257138079,155.4229544677173
87.0,234.0,259.51540462223704,651.0358730364754
88.0,287.0,262.49768353066617,600.363512363388
89.0,265.0,265.47996243909535,0.23036394294235316
90.0,257.0,268.46224134752447,131.38297670889955
91.0,268.0,271.44452025595365,11.864719793674986
92.0,289.0,274.42679916438277,212.3781825952347
93.0,282.0,277.40907807281195,21.07656414153603
94.0,261.0,280.3913569812411,376.02472557392696
95.0,290.0,283.37363588967025,43.908701322666126
96.0,271.0,286.3559147980994,235.80411928648743
97.0,291.0,289.3381937065285,2.7616001570214848
98.0,311.0,292.3204726149577,348.92474332854596
99.0,281.0,295.3027515233868,204.56870113974352
100.0,277.0,298.285030431816,453.0525204833325
1.0,11.0,3.0435288819474806,63.30543265240391
2.0,27.0,6.025745507220871,439.91935152786544
3.0,7.0,9.007962132494262,4.0319119255309035
4.0,-4.0,11.990178757767653,255.6858167053639
5.0,27.0,14.972395383041045,144.66327282189238
6.0,-5.0,17.954612008314434,526.9142124522532
7.0,11.0,20.936828633587826,98.7405632932909
8.0,32.0,23.919045258861217,65.30182952833337
9.0,54.0,26.90126188413461,734.3416074722558
10.0,18.0,29.883478509408,141.2170614835618
11.0,25.0,32.865695134681395,61.869159951750575
12.0,16.0,35.84791175995478,393.9396012309514
13.0,19.0,38.83012838522818,393.23399177463233
14.0,35.0,41.812345010501566,46.408044542105586
15.0,67.0,44.79456163577496,493.0814929473972
16.0,53.0,47.77677826104835,27.282045334257106
17.0,60.0,50.75899488632174,85.3961755110278
18.0,47.0,53.74121151159513,45.44393264406273
19.0,29.0,56.72342813686852,768.5884676601131
20.0,51.0,59.705644762141915,75.78825072460897
21.0,85.0,62.6878613874153,497.831529467193
22.0,37.0,65.67007801268869,821.9733732536555
23.0,62.0,68.65229463796209,44.25302395025912
24.0,85.0,71.63451126323547,178.63628917257958
25.0,74.0,74.61672788850886,0.38035328846459937
26.0,85.0,77.59894451378226,54.77562231007375
27.0,52.0,80.58116113905564,816.8827720566642
28.0,113.0,83.56337776432903,866.5147286455984
29.0,77.0,86.54559438960243,91.11837225080934
30.0,92.0,89.52781101487582,6.111718378169308
31.0,74.0,92.5100276401492,342.6211232390875
32.0,123.0,95.4922442654226,756.6766255531759
33.0,90.0,98.474460890696,71.81648738793594
34.0,115.0,101.45667751596937,183.42158390644946
35.0,99.0,104.43889414124277,29.581569479644926
36.0,126.0,107.42111076651616,345.17512515006155
37.0,107.0,110.40332739178956,11.582637335705128
38.0,142.0,113.38554401706294,818.7870911994424
39.0,128.0,116.36776064233634,135.30899247397957
40.0,117.0,119.34997726760973,5.5223931582824966
41.0,152.0,122.33219389288311,880.1787192094821
42.0,111.0,125.3144105181565,204.90234848230963
43.0,113.0,128.2966271434299,233.98680196511643
44.0,148.0,131.2788437687033,279.59706571143255
45.0,155.0,134.2610603939767,430.10361598228224
46.0,151.0,137.2432770192501,189.2474271690928
47.0,165.0,140.22549364452345,613.7761651575478
48.0,165.0,143.20771026979685,474.90389168511774
49.0,173.0,146.18992689507024,718.7800198916779
50.0,122.0,149.17214352034364,738.3253834901528
51.0,159.0,152.15436014561703,46.862785015916444
52.0,176.0,155.13657677089043,435.28242883694884
53.0,135.0,158.11879339616382,534.478608094508
54.0,152.0,161.1010100214372,82.82838341030016
55.0,143.0,164.08322664671059,444.5024458365673
56.0,176.0,167.06544327198398,79.82630392613632
57.0,158.0,170.04765989725738,145.1461089999836
58.0,147.0,173.02987652253077,677.5544717781986
59.0,171.0,176.01209314780417,25.12107772226547
60.0,209.0,178.99430977307756,900.3414459940288
61.0,166.0,181.97652639835093,255.24939575720404
62.0,205.0,184.95874302362432,401.6519811931268
63.0,216.0,187.94095964889772,787.3097454247861
64.0,170.0,190.9231762741711,437.77930540003695
65.0,190.0,193.9053928994445,15.252093699031576
66.0,220.0,196.8876095247179,534.1825934819107
67.0,172.0,199.8698261499913,776.7272096307387
68.0,193.0,202.85204277526466,97.06274684564467
69.0,204.0,205.83425940053806,3.3645075484622398
70.0,226.0,208.81647602581145,295.27349617151253
71.0,242.0,211.79869265108485,912.1189655836363
72.0,192.0,214.78090927635824,518.9698274576651
73.0,232.0,217.76312590163164,202.68858409279193
74.0,199.0,220.74534252690503,472.8599216124246
75.0,241.0,223.7275591521784,298.3372128414961
76.0,232.0,226.7097757774518,27.986472324835752
77.0,214.0,229.6919924027252,246.2386255671851
78.0,220.0,232.6742090279986,160.63557448540087
79.0,242.0,235.65642565327198,40.240935492465816
80.0,259.0,238.63864227854538,414.58488826103985
81.0,252.0,241.62085890381877,107.72656989443809
82.0,219.0,244.60307552909214,655.5174765483966
83.0,220.0,247.58529215436553,760.9483432417006
84.0,227.0,250.56750877963893,555.4274700783579
85.0,278.0,253.54972540491232,597.8159277751898
86.0,269.0,256.53194203018575,155.45246953864873
87.0,234.0,259.51415865545914,650.9722918959407
88.0,287.0,262.49637528073254,600.4276243826955
89.0,265.0,265.47859190600593,0.22905021249439025
90.0,257.0,268.4608085312793,131.35013219064498
91.0,268.0,271.4430251565527,11.854422228654892
92.0,289.0,274.4252417818261,212.42357711822714
93.0,282.0,277.40745840709945,21.091438282521477
94.0,261.0,280.38967503237285,375.95949786102307
95.0,290.0,283.37189165764624,43.93182019797945
96.0,271.0,286.35410828291964,235.7486411636215
97.0,291.0,289.33632490819303,2.767814811098914
98.0,311.0,292.31854153346643,348.99689043681883
99.0,281.0,295.3007581587398,204.51168391476367
100.0,277.0,298.2829747840132,452.96501565694257
1.0,11.0,3.0476291585546087,63.24020199987089
2.0,27.0,6.029783653835224,439.7499736049564
3.0,7.0,9.01193814911584,4.047895115867673
4.0,-4.0,11.994092644396456,255.81099951753683
5.0,27.0,14.976247139677072,144.57063284612377
6.0,-5.0,17.958401634957685,527.0882056320277
7.0,11.0,20.940556130238303,98.8146561784183
8.0,32.0,23.922710625518917,65.242603639105
9.0,54.0,26.90486512079953,734.1463341220658
10.0,18.0,29.88701961608015,141.30123535307425
11.0,25.0,32.86917411136077,61.92390119491057
12.0,16.0,35.85132860664138,394.0752474488584
13.0,19.0,38.833483101922,393.3670519542255
14.0,35.0,41.81563759720262,46.45291585640186
15.0,67.0,44.79779209248323,492.9380359686003
16.0,53.0,47.779946587763845,27.248957626598322
17.0,60.0,50.76210108304446,85.33877639988827
18.0,47.0,53.744255578325074,45.48498330576888
19.0,29.0,56.72641007360569,768.7538155697432
20.0,51.0,59.70856456888631,75.839096850462
21.0,85.0,62.69071906416692,497.7040158739253
22.0,37.0,65.67287355944754,822.1336781560657
23.0,62.0,68.65502805472815,44.28939840921873
24.0,85.0,71.63718255000876,178.5648902017904
25.0,74.0,74.61933704528938,0.3835783756677851
26.0,85.0,77.60149154057,54.73792742425734
27.0,52.0,80.5836460358506,817.024820702798
28.0,113.0,83.56580053113123,866.3720983731546
29.0,77.0,86.54795502641184,91.16344518638316
30.0,92.0,89.53010952169245,6.100358974834287
31.0,74.0,92.51226401697308,342.70391903411615
32.0,123.0,95.49441851225369,756.5570129790526
33.0,90.0,98.4765730075343,71.85228995205907
34.0,115.0,101.45872750281492,183.36606084302096
35.0,99.0,104.44088199809553,29.603196917200055
36.0,126.0,107.42303649337615,345.10357312643447
37.0,107.0,110.40519098865677,11.59532566922927
38.0,142.0,113.38734548393738,818.6839984555586
39.0,128.0,116.36949997921799,135.2685307334103
40.0,117.0,119.35165447449862,5.530278767429364
41.0,152.0,122.33380896977923,880.0828902415515
42.0,111.0,125.31596346505984,204.9468099329281
43.0,113.0,128.29811796034045,234.03241312849102
44.0,148.0,131.2802724556211,279.5492891582629
45.0,155.0,134.2624269509017,430.04693596668824
46.0,151.0,137.2445814461823,189.21153959071196
47.0,165.0,140.22673594146292,613.714612114005
48.0,165.0,143.20889043674353,474.8524559978476
49.0,173.0,146.19104493202414,718.7200718367485
50.0,122.0,149.17319942730478,738.3827671160768
51.0,159.0,152.1553539225854,46.84917992506719
52.0,176.0,155.137508417866,435.24355501461196
53.0,135.0,158.1196629131466,534.5188132175269
54.0,152.0,161.10181740842722,82.84308013634886
55.0,143.0,164.08397190370783,444.5338712363413
56.0,176.0,167.06612639898847,79.81409751885067
57.0,158.0,170.04828089426908,145.16107250720944
58.0,147.0,173.0304353895497,677.5835665695212
59.0,171.0,176.0125898848303,25.126057353503093
60.0,209.0,178.99474438011092,900.3153648148855
61.0,166.0,181.97689887539153,255.26129767448703
62.0,205.0,184.95905337067217,401.6395417995667
63.0,216.0,187.94120786595278,787.2958160216704
64.0,170.0,190.9233623612334,437.787092499478
65.0,190.0,193.905516856514,15.25306191651498
66.0,220.0,196.8876713517946,534.1797355426556
67.0,172.0,199.86982584707525,776.7271927463036
68.0,193.0,202.85198034235586,97.06151666616626
69.0,204.0,205.83413483763647,3.364050602631757
70.0,226.0,208.81628933291708,295.27991229001935
71.0,242.0,211.7984438281977,912.1339951985302
72.0,192.0,214.7805983234783,518.9556599756623
73.0,232.0,217.76275281875894,202.6992072997565
74.0,199.0,220.74490731403955,472.8409940961708
75.0,241.0,223.72706180932016,298.3543937390461
76.0,232.0,226.70921630460077,27.992392111502305
77.0,214.0,229.69137079988138,246.21911757937013
78.0,220.0,232.673525295162,160.6182434071109
79.0,242.0,235.65567979044263,40.25039892139803
80.0,259.0,238.63783428572324,414.6177925756678
81.0,252.0,241.61998878100385,107.74463290648585
82.0,219.0,244.60214327628447,655.4697403393978
83.0,220.0,247.58429777156508,760.89348355037
84.0,227.0,250.5664522668457,555.3776724455162
85.0,278.0,253.54860676212633,597.8706312731344
86.0,269.0,256.53076125740694,155.48191481978384
87.0,234.0,259.51291575268755,650.9088702037324
88.0,287.0,262.4950702479682,600.4915821520126
89.0,265.0,265.4772247432488,0.2277434555689076
90.0,257.0,268.45937923852944,131.3173725324395
91.0,268.0,271.44153373381005,11.844154440952524
92.0,289.0,274.42368822909066,212.46886484275024
93.0,282.0,277.40584272437127,21.106281073212408
94.0,261.0,280.3879972196519,375.894436189229
95.0,290.0,283.3701517149325,43.9548882830126
96.0,271.0,286.3523062102131,235.69330597214773
97.0,291.0,289.3344607054937,2.7740211415445053
98.0,311.0,292.3166152007743,349.0688675559371
99.0,281.0,295.298769696055,204.4548148208205
100.0,277.0,298.2809241913356,452.8777344373728
1.0,11.0,3.0517193520087282,63.17516525923255
2.0,27.0,6.0338118700829,439.5810446990767
3.0,7.0,9.015904388157072,4.063870502190937
4.0,-4.0,11.997996906231243,255.93590501178443
5.0,27.0,14.980089424305415,144.47825024769452
6.0,-5.0,17.962181942379587,527.2617995549432
7.0,11.0,20.94427446045376,98.8885945448329
8.0,32.0,23.92636697852793,65.18355016540421
9.0,54.0,26.908459496602102,733.9515668472488
10.0,18.0,29.890552014676274,141.385227213722
11.0,25.0,32.87264453275045,61.97853193904554
12.0,16.0,35.85473705082462,394.2105833573878
13.0,19.0,38.836829568898786,393.4998073455372
14.0,35.0,41.81892208697296,46.497698428207684
15.0,67.0,44.801014605047136,492.79495256533056
16.0,53.0,47.783107123121304,27.21597128882767
17.0,60.0,50.76519964119547,85.28153766697622
18.0,47.0,53.74729215926965,45.52595148254167
19.0,29.0,56.72938467734382,768.9187745841105
20.0,51.0,59.71147719541799,75.88983492628772
21.0,85.0,62.69356971349216,497.57683212683423
22.0,37.0,65.67566223156635,822.2936044188808
23.0,62.0,68.65775474964052,44.32569830636087
24.0,85.0,71.63984726771469,178.49368102999074
25.0,74.0,74.62193978578885,0.38680909714708533
26.0,85.0,77.60403230386302,54.70033816230172
27.0,52.0,80.5861248219372,817.1665323353743
28.0,113.0,83.56821734001137,866.2298305448072
29.0,77.0,86.55030985808554,91.20841838544587
30.0,92.0,89.53240237615972,6.08903803318218
31.0,74.0,92.51449489423389,342.7865211886128
32.0,123.0,95.49658741230806,756.4377039688114
33.0,90.0,98.47867993038223,71.88801336186638
34.0,115.0,101.4607724484564,183.31068269247743
35.0,99.0,104.44286496653058,29.624779043885916
36.0,126.0,107.42495748460475,345.0322044487412
37.0,107.0,110.40705000267891,11.607989720754393
38.0,142.0,113.3891425207531,818.5811656977785
39.0,128.0,116.37123503882727,135.2281745221987
40.0,117.0,119.35332755690143,5.5381505900716705
41.0,152.0,122.3354200749756,879.9873021281605
42.0,111.0,125.31751259304977,204.99116685213875
43.0,113.0,128.29960511112395,234.07791655633017
44.0,148.0,131.28169762919813,279.50163416155925
45.0,155.0,134.2637901472723,429.9903990563618
46.0,151.0,137.24588266534647,189.17574365541668
47.0,165.0,140.22797518342063,613.6532135132244
48.0,165.0,143.2100677014948,474.8011495734398
49.0,173.0,146.192160219569,718.6602736932593
50.0,122.0,149.17425273764314,738.440011849306
51.0,159.0,152.15634525571733,46.835610258942744
52.0,176.0,155.13843777379148,435.20477851797017
53.0,135.0,158.12053029186566,534.5589209770777
54.0,152.0,161.10262280993985,82.85774202003716
55.0,143.0,164.084715328014,444.56522046338847
56.0,176.0,167.06680784608818,79.80192205871167
57.0,158.0,170.04890036416236,145.17599998551194
58.0,147.0,173.03099288223652,677.6125904350482
59.0,171.0,176.0130854003107,25.131025230808294
60.0,209.0,178.99517791838488,900.2893481493782
61.0,166.0,181.97727043645904,255.27317059974794
62.0,205.0,184.95936295453322,401.6271331881355
63.0,216.0,187.94145547260737,787.2819209956747
64.0,170.0,190.92354799068156,437.79486051835414
65.0,190.0,193.90564050875574,15.254027783633779
66.0,220.0,196.8877330268299,534.1768846390897
67.0,172.0,199.86982554490407,776.7271759033877
68.0,193.0,202.85191806297823,97.06028951963668
69.0,204.0,205.8340105810524,3.3635948114122014
70.0,226.0,208.8161030991266,295.2863126998467
71.0,242.0,211.79819561720075,912.1489879768721
72.0,192.0,214.78028813527493,518.9415275261478
73.0,232.0,217.7623806533491,202.70980466012767
74.0,199.0,220.74447317142327,472.82211350274616
75.0,241.0,223.72656568949745,298.3715328792468
76.0,232.0,226.70865820757163,27.998297964299066
77.0,214.0,229.69075072564578,246.19965833435373
78.0,220.0,232.67284324371997,160.6009558798988
79.0,242.0,235.65493576179412,40.25984018695915
80.0,259.0,238.6370282798683,414.65061727488325
81.0,252.0,241.6191207979425,107.76265300771026
82.0,219.0,244.60121331601664,655.4221232521877
83.0,220.0,247.58330583409082,760.8387607369888
84.0,227.0,250.56539835216498,555.3279994962198
85.0,278.0,253.54749087023916,597.9252027410373
86.0,269.0,256.5295833883133,155.51129046903128
87.0,234.0,259.5116759063875,650.8456075525522
88.0,287.0,262.4937684244617,600.5553860339115
89.0,265.0,265.4758609425358,0.22644363663106293
90.0,257.0,268.45795346061,131.28469750550434
91.0,268.0,271.44004597868417,11.833916335461115
92.0,289.0,274.42213849675835,212.5140460076949
93.0,282.0,277.40423101483253,21.12109256502721
94.0,261.0,280.38632353290666,375.8295401225305
95.0,290.0,283.36841605098084,43.97790567288855
96.0,271.0,286.350508569055,235.6381133286317
97.0,291.0,289.3326010871292,2.780219134642707
98.0,311.0,292.3146936052034,349.14067506742714
99.0,281.0,295.2967861232775,204.39809345474046
100.0,277.0,298.2788786413517,452.7906762333734
1.0,11.0,3.055799487105722,63.110321789069715
2.0,27.0,6.037830180384059,439.4125635464174
3.0,7.0,9.019860873662395,4.079837948952215
4.0,-4.0,12.001891566940733,256.060533720129
5.0,27.0,14.983922260219071,144.38612424845877
6.0,-5.0,17.965952953497407,527.4349950622562
7.0,11.0,20.947983646775747,98.96237863651768
8.0,32.0,23.930014340054083,65.12466855173274
9.0,54.0,26.91204503333242,733.7573042762109
10.0,18.0,29.894075726610758,141.46903739035125
11.0,25.0,32.8761064198891,62.03305233741826
12.0,16.0,35.85813711316743,394.3456096053577
13.0,19.0,38.84016780644577,393.63225858792714
14.0,35.0,41.82219849972411,46.54239236963789
15.0,67.0,44.80422919300244,492.65224171676505
16.0,53.0,47.78625988628078,27.18308597340489
17.0,60.0,50.76829057955912,85.22445882345687
18.0,47.0,53.75032127283745,45.56683728652186
19.0,29.0,56.73235196611579,769.0833455725265
20.0,51.0,59.71438265939413,75.94046513434915
21.0,85.0,62.696413352672465,497.4499773348471
22.0,37.0,65.67844404595081,822.4531528967316
23.0,62.0,68.66047473922914,44.361923751909536
24.0,85.0,71.64250543250748,178.42266112059227
25.0,74.0,74.62453612578582,0.39004537241156595
26.0,85.0,77.60656681906416,54.66285420096311
27.0,52.0,80.58859751234249,817.3079077227151
28.0,113.0,83.57062820562084,866.0879242118
29.0,77.0,86.55265889889917,91.25329203871746
30.0,92.0,89.5346895921775,6.077755406917941
31.0,74.0,92.51672028545585,342.86893012981204
32.0,123.0,95.49875097873418,756.3186977296742
33.0,90.0,98.48078167201251,71.92365776834333
34.0,115.0,101.46281236529086,183.2554490573221
35.0,99.0,104.44484305856919,29.646315932449102
36.0,126.0,107.42687375184752,344.9610186298105
37.0,107.0,110.40890444512587,11.620629515998916
38.0,142.0,113.3909351384042,818.4785922549954
39.0,128.0,116.37296583168254,135.18792355122181
40.0,117.0,119.35499652496088,5.546008632577829
41.0,152.0,122.33702721823921,879.8919542514813
42.0,111.0,125.31905791151755,205.03541947339323
43.0,113.0,128.3010886047959,234.12331249181474
44.0,148.0,131.28311929807424,279.4541004024179
45.0,155.0,134.26514999135256,429.93400488110683
46.0,151.0,137.2471806846309,189.14003912118926
47.0,165.0,140.22921137790925,613.5919689603005
48.0,165.0,143.21124207118757,474.74997208038656
49.0,173.0,146.19327276446592,718.6006250803248
50.0,122.0,149.17530345774426,738.4971180204873
51.0,159.0,152.15733415102258,46.822075920761854
52.0,176.0,155.13936484430093,435.16609909918805
53.0,135.0,158.12139553757928,534.5989316051908
54.0,152.0,161.1034262308576,82.87236914066608
55.0,143.0,164.08545692413594,444.59649369959226
56.0,176.0,167.0674876174143,79.7897774650471
57.0,158.0,170.0495183106926,145.19089151971636
58.0,147.0,173.03154900397095,677.6415435461411
59.0,171.0,176.0135796972493,25.135981380670366
60.0,209.0,178.99561039052762,900.2633958370143
61.0,166.0,181.97764108380596,255.2850146029242
62.0,205.0,184.9596717770843,401.61475528219114
63.0,216.0,187.94170247036263,787.2680602616547
64.0,170.0,190.92373316364097,437.8026095032492
65.0,190.0,193.90576385691932,15.254991306017295
66.0,220.0,196.88779455019764,534.1740407538739
67.0,172.0,199.869825243476,776.7271591018913
68.0,193.0,202.85185593675433,97.0590653985616
69.0,204.0,205.83388663003265,3.3631401718125153
70.0,226.0,208.815917323311,295.2926974392831
71.0,242.0,211.79794801658934,912.1639440086395
72.0,192.0,214.77997870986766,518.927430022024
73.0,232.0,217.762009403146,202.72037623610265
74.0,199.0,220.74404009642436,472.80327971491016
75.0,241.0,223.72607078970267,298.3886303623632
76.0,232.0,226.70810148298102,28.004189914427663
77.0,214.0,229.69013217625937,246.18024770848953
78.0,220.0,232.6721628695377,160.58371179208962
79.0,242.0,235.65419356281603,40.26925933820547
80.0,259.0,238.63622425609438,414.6833625480789
81.0,252.0,241.6182549493727,107.78063029622447
82.0,219.0,244.60028564265104,655.3746249853252
83.0,220.0,247.5823163359294,760.7841744552774
84.0,227.0,250.5643470292077,555.2784509129302
85.0,278.0,253.54637772248606,597.9796424913262
86.0,269.0,256.52840841576443,155.54059664397545
87.0,234.0,259.51043910904275,650.7825035361778
88.0,287.0,262.4924698023211,600.619036390142
89.0,265.0,265.47450049559944,0.2251507203241172
90.0,257.0,268.45653118887776,131.2521068817289
91.0,268.0,271.43856188215614,11.823707817417153
92.0,289.0,274.42059257543445,212.55912085147693
93.0,282.0,277.4026232687128,21.135872809381226
94.0,261.0,280.38465396199115,375.7648092261391
95.0,290.0,283.36668465526947,44.00087246263756
96.0,271.0,286.3487153485478,235.58306285074636
97.0,291.0,289.33074604182616,2.7864087768790324
98.0,311.0,292.3127767351045,349.21231335205243
99.0,281.0,295.2948074283828,204.34151941454797
100.0,277.0,298.27683812166117,452.70384045537406
1.0,11.0,3.0598695885804945,63.045670950348885
2.0,27.0,6.041838609098807,439.2445288870614
3.0,7.0,9.02380762961712,4.09579732169647
4.0,-4.0,12.005776650135434,256.1848861740207
5.0,27.0,14.987745670653748,144.2942540728978
6.0,-5.0,17.969714691172058,527.6077929938455
7.0,11.0,20.95168371169037,99.03600869752346
8.0,32.0,23.933652732208685,65.0659582446044
9.0,54.0,26.915621752727,733.5635450413549
10.0,18.0,29.897590773245312,141.552666207612
11.0,25.0,32.879559793763626,62.08746254349627
12.0,16.0,35.86152881428194,394.48032684055175
13.0,19.0,38.84349783480025,393.76440631972235
14.0,35.0,41.82546685531857,46.586997793052326
15.0,67.0,44.80743587583688,492.50990240509196
16.0,53.0,47.789404896355194,27.150301334127228
17.0,60.0,50.77137391687351,85.16753938216263
18.0,47.0,53.75334293739182,45.60764083001999
19.0,29.0,56.735311957910135,769.2475294025929
20.0,51.0,59.71728097842845,75.99098765687044
21.0,85.0,62.69924999894676,497.323450609476
22.0,37.0,65.68121901946506,822.6123244425244
23.0,62.0,68.66318803998338,44.39807485617758
24.0,85.0,71.64515706050169,178.35182993866792
25.0,74.0,74.62712608102001,0.39328712149551487
26.0,85.0,77.60909510153832,54.625475218104924
27.0,52.0,80.59106412205664,817.4489476315542
28.0,113.0,83.57303314257494,865.9463784279927
29.0,77.0,86.55500216309326,91.29806633671694
30.0,92.0,89.53697118361157,6.066510950359791
31.0,74.0,92.51894020412989,342.9511462841384
32.0,123.0,95.5009092246482,756.1999934710386
33.0,90.0,98.4828782451665,71.95922332231913
34.0,115.0,101.46484726568482,183.20035954123958
35.0,99.0,104.44681628620313,29.667807655647664
36.0,126.0,107.42878530672145,344.89001518384504
37.0,107.0,110.41075432723976,11.633245080784732
38.0,142.0,113.39272334775808,818.3762774579058
39.0,128.0,116.37469236827638,135.14777753221134
40.0,117.0,119.3566613887947,5.553852901435791
41.0,152.0,122.33863040931301,879.7968459953307
42.0,111.0,125.32059942983133,205.0795680296855
43.0,113.0,128.30256845034964,234.16860117763616
44.0,148.0,131.28453747086795,279.40668756281775
45.0,155.0,134.26650649138628,429.8777530717272
46.0,151.0,137.2484755119046,189.1044257466878
47.0,165.0,140.2304445324229,613.5308780613789
48.0,165.0,143.2124135529412,474.6989231880603
49.0,173.0,146.1943825734595,718.5411256180514
50.0,122.0,149.17635159397784,738.554085959502
51.0,159.0,152.15832061449615,46.80857681402836
52.0,176.0,155.14028963501445,435.1275165110854
53.0,135.0,158.12225865553276,534.6388453333597
54.0,152.0,161.1042276760511,82.88696157737473
55.0,143.0,164.0861966965694,444.6276911264144
56.0,176.0,167.0681657170877,79.77766365740732
57.0,158.0,170.05013473760602,145.20574719445918
58.0,147.0,173.03210375812435,677.670426073752
59.0,171.0,176.01407277864266,25.14092582952529
60.0,209.0,178.99604179916096,900.2375077176961
61.0,166.0,181.97801081967927,255.29682975378782
62.0,205.0,184.9599798401976,401.6024080052864
63.0,216.0,187.9419488607159,787.2542337346812
64.0,170.0,190.92391788123422,437.810339500633
65.0,190.0,193.90588690175252,15.255952489281931
66.0,220.0,196.88785592227083,534.1712038697116
67.0,172.0,199.86982494278917,776.7271423417131
68.0,193.0,202.85179396330747,97.05784429546155
69.0,204.0,205.83376298382578,3.3626866808496216
70.0,226.0,208.81573200434408,295.29906654652416
71.0,242.0,211.79770102486242,912.1788633835965
72.0,192.0,214.77967004538073,518.913367376416
73.0,232.0,217.76163906589903,202.73092208973256
74.0,199.0,220.74360808641734,472.7844926157135
75.0,241.0,223.72557710693567,298.4056862884249
76.0,232.0,226.70754612745398,28.01006799302736
77.0,214.0,229.6895151479723,246.16088557845185
78.0,220.0,232.6714841684906,160.56651103230774
79.0,242.0,235.65345318900893,40.278656424100944
80.0,259.0,238.63542220952723,414.7160285842166
81.0,252.0,241.61739123004554,107.79856486993523
82.0,219.0,244.59936025056385,655.3272452381483
83.0,220.0,247.58132927108215,760.7297243598532
84.0,227.0,250.5632982916005,555.2290263789425
85.0,278.0,253.5452673121188,598.0339508357255
86.0,269.0,256.52723633263713,155.56983350188725
87.0,234.0,259.50920535315544,650.719557749454
88.0,287.0,262.49117437367374,600.6825335816666
89.0,265.0,265.47314339419205,0.2238646714675736
90.0,257.0,268.4551124147104,131.21960043365263
91.0,268.0,271.4370814352287,11.813528792393916
92.0,289.0,274.419050455747,212.604089612051
93.0,282.0,277.40101947626533,21.150621857690794
94.0,261.0,280.38298849678364,375.7002430664469
95.0,290.0,283.36495751730195,44.02378874720796
96.0,271.0,286.34692653782025,235.52815415725152
97.0,291.0,289.32889555833856,2.7925900549405975
98.0,311.0,292.31086457885687,349.283782789827
99.0,281.0,295.29283359937523,204.28509229942944
100.0,277.0,298.27480261989353,452.6172265154288
1.0,11.0,3.063929681107125,62.98121210641247
2.0,27.0,6.0458371805273465,439.07693946497017
3.0,7.0,9.027744679947567,4.11174848705566
4.0,-4.0,12.009652179367789,256.30896290433583
5.0,27.0,14.991559678788011,144.2026389481099
6.0,-5.0,17.97346717820823,527.7801941882109
7.0,11.0,20.955374677628456,99.10948497196587
8.0,32.0,23.937282177048676,65.00741869253694
9.0,54.0,26.919189676468896,733.3702877790688
10.0,18.0,29.90109717588912,141.636113989956
11.0,25.0,32.883004675309344,62.14176271094898
12.0,16.0,35.86491217472956,394.61473570971873
13.0,19.0,38.846819674149785,393.89625117821896
14.0,35.0,41.82872717357001,46.63151481105344
15.0,67.0,44.810634672990226,492.3679336155036
16.0,53.0,47.79254217241045,27.11761702612368
17.0,60.0,50.77444967183067,85.11077885758517
18.0,47.0,53.75635717125089,45.64836222551333
19.0,29.0,56.738264670671114,769.4113269402013
20.0,51.0,59.72017217009134,76.04140267603547
21.0,85.0,62.702079669511555,497.1972510648099
22.0,37.0,65.6839871689318,822.7711199074438
23.0,62.0,68.66589466835201,44.43415172956375
24.0,85.0,71.64780216777223,178.28118695094804
25.0,74.0,74.62970966719246,0.396534264955636
26.0,85.0,77.61161716661267,54.58820089269252
27.0,52.0,80.59352466603289,817.5896528270314
28.0,113.0,83.57543216545312,865.8051922498507
29.0,77.0,86.55733966487334,91.34274146976124
30.0,92.0,89.53924716429356,6.055304518437305
31.0,74.0,92.52115466371379,343.033170077207
32.0,123.0,95.503062163134,756.0815904044729
33.0,90.0,98.48496966255422,71.99471017446548
34.0,115.0,101.46687716197445,183.14541374908868
35.0,99.0,104.44878466139467,29.689254286249813
36.0,126.0,107.43069216081489,344.81919362642174
37.0,107.0,110.41259966023512,11.645836441036833
38.0,142.0,113.39450715965533,818.27422063901
39.0,128.0,116.37641465907555,135.10773617775376
40.0,117.0,119.35832215849578,5.561683403252201
41.0,152.0,122.340229657916,879.7019767451658
42.0,111.0,125.32213715733621,205.12361275355067
43.0,113.0,128.30404465675645,234.21378285599553
44.0,148.0,131.28595215617668,279.3593953256151
45.0,155.0,134.26785965559688,429.82164326002754
46.0,151.0,137.2497671550171,189.06890329124624
47.0,165.0,140.23167465443734,613.4699404236416
48.0,165.0,143.21358215385754,474.64800256671447
49.0,173.0,146.19548965327778,718.4817749275388
50.0,122.0,149.177397152698,738.6109159954777
51.0,159.0,152.1593046521182,46.79511284253158
52.0,176.0,155.14121215153844,435.08903050712763
53.0,135.0,158.12311965095867,534.678662392551
54.0,152.0,161.10502715037887,82.90151940913643
55.0,143.0,164.0869346497991,444.6588129248981
56.0,176.0,167.06884214921934,79.7655805555611
57.0,158.0,170.05074964863954,145.22056709418595
58.0,147.0,173.03265714805977,677.6992381884274
59.0,171.0,176.01456464748,25.14585860375622
60.0,209.0,178.9964721469002,900.2116836317354
61.0,166.0,181.97837964632043,255.30861612194713
62.0,205.0,184.96028714574066,401.59009128116685
63.0,216.0,187.94219464516087,787.2404413300395
64.0,170.0,190.9241021445811,437.81805055686334
65.0,190.0,193.90600964400133,15.256911339031394
66.0,220.0,196.88791714342153,534.1683739693483
67.0,172.0,199.86982464284176,776.72712562275
68.0,193.0,202.851732142262,97.0566262028781
69.0,204.0,205.8336396416822,3.3622343355484157
70.0,226.0,208.81554714110243,295.30542005967294
71.0,242.0,211.79745464052266,912.1937461912862
72.0,192.0,214.77936213994286,518.8993395026622
73.0,232.0,217.7612696393631,202.74144228292323
74.0,199.0,220.74317713878332,472.76575208850977
75.0,241.0,223.72508463820353,298.4227007572318
76.0,232.0,226.70699213762376,28.015932231176723
77.0,214.0,229.688899637044,246.14157182123898
78.0,220.0,232.6708071364642,160.54935348947188
79.0,242.0,235.65271463588442,40.288031493515824
80.0,259.0,238.63462213530465,414.7486155718232
81.0,252.0,241.61652963472486,107.81645682654714
82.0,219.0,244.5984371341451,655.2799837107781
83.0,220.0,247.58034463356532,760.6754101062352
84.0,227.0,250.56225213298552,555.1797255783807
85.0,278.0,253.54415963240575,598.0881280852524
86.0,269.0,256.526067131826,155.59900119971206
87.0,234.0,259.5079746312462,650.6567697883004
88.0,287.0,262.48988213066644,600.7458779686241
89.0,265.0,265.4717896300866,0.22258545505726848
90.0,257.0,268.45369712950685,131.18717793447345
91.0,268.0,271.4356046289271,11.803379166305184
92.0,289.0,274.4175121283473,212.64895252689774
93.0,282.0,277.39941962776754,21.165339761370536
94.0,261.0,280.3813271271878,375.6358412110647
95.0,290.0,283.36323462660795,44.046654621455744
96.0,271.0,286.3451421260282,235.4733868680046
97.0,291.0,289.3270496254484,2.798762955712305
98.0,311.0,292.30895712486864,349.3550837599987
99.0,281.0,295.2908646242889,204.2288117097511
100.0,277.0,298.2727721237091,452.5308338272551
1.0,11.0,1.0244499999999999,99.5115978025
2.0,27.0,2.033792,623.3115418992641
3.0,7.0,3.043134,15.656788541956002
4.0,-4.0,4.0524759999999995,64.84236973057598
5.0,27.0,5.061818,481.28382946512403
6.0,-5.0,6.071159999999999,122.57058374559998
7.0,11.0,7.080501999999999,15.362464572004006
8.0,32.0,8.089844,571.6955599443361
9.0,54.0,9.099186,2016.0830978625957
10.0,18.0,10.108528,62.275330326784
11.0,25.0,11.11787,192.7135333369
12.0,16.0,12.127211999999998,14.998486892944014
13.0,19.0,13.136553999999999,34.379998994916015
14.0,35.0,14.145895999999999,434.893653642816
15.0,67.0,15.155237999999999,2687.8793468366443
16.0,53.0,16.16458,1356.8481665764
17.0,60.0,17.173922,1834.0729568620836
18.0,47.0,18.183264,830.4042736936959
19.0,29.0,19.192606,96.18497707123598
20.0,51.0,20.201948,948.5200069947039
21.0,85.0,21.21129,4068.999523464099
22.0,37.0,22.220632000000002,218.42971847942394
23.0,62.0,23.229974000000002,1503.114916040676
24.0,85.0,24.239316,3691.860720147856
25.0,74.0,25.248658,2376.6933468009643
26.0,85.0,26.258,3450.6225640000007
27.0,52.0,27.267342,611.7043717449641
28.0,113.0,28.276684,7178.040274035856
29.0,77.0,29.286026,2276.623314872676
30.0,92.0,30.295368,3807.4616102554246
31.0,74.0,31.30471,1822.8877881841
32.0,123.0,32.314052,8223.941164658703
33.0,90.0,33.32339399999999,3212.237667679237
34.0,115.0,34.332736,6507.207481245697
35.0,99.0,35.342077999999994,4052.331033358085
36.0,126.0,36.35142,8036.867896016402
37.0,107.0,37.360761999999994,4849.623469220644
38.0,142.0,38.370104,10739.155344970817
39.0,128.0,39.379445999999994,7853.602591266916
40.0,117.0,40.388788,5869.277804108943
41.0,152.0,41.398129999999995,12232.7736474969
42.0,111.0,42.407472,4704.934897430784
43.0,113.0,43.416813999999995,4841.819773910598
44.0,148.0,44.426156,10727.541160936338
45.0,155.0,45.435497999999995,12004.380098508005
46.0,151.0,46.44484,10931.7814826256
47.0,165.0,47.454181999999996,13817.019329289124
48.0,165.0,48.46352399999999,13580.750238498578
49.0,173.0,49.472865999999996,15258.952834253956
50.0,122.0,50.48220799999999,5114.794572555266
51.0,159.0,51.49155,11558.066821402503
52.0,176.0,52.50089199999999,15252.029676795666
53.0,135.0,53.510234,6640.581962734756
54.0,152.0,54.519575999999994,9502.433063219776
55.0,143.0,55.528918,7651.190186250723
56.0,176.0,56.538259999999994,14271.107323827602
57.0,158.0,57.547602,10090.684263950405
58.0,147.0,58.556943999999994,7822.174154619138
59.0,171.0,59.566286,12417.472615833798
60.0,209.0,60.575627999999995,22029.794203594385
61.0,166.0,61.58497,10902.4984899009
62.0,205.0,62.594311999999995,20279.379974753345
63.0,216.0,63.603654,23224.646274151713
64.0,170.0,64.612996,11106.420612096017
65.0,190.0,65.622338,15469.802804586245
66.0,220.0,66.63167999999999,23521.841579622404
67.0,172.0,67.64102199999999,10890.796289204485
68.0,193.0,68.650364,15462.831973332497
69.0,204.0,69.659706,18047.314592006434
70.0,226.0,70.66904799999999,24127.70464922631
71.0,242.0,71.67839,29009.45083299211
72.0,192.0,72.687732,14235.417295303825
73.0,232.0,73.697074,25059.81638016148
74.0,199.0,74.70641599999999,15448.89502356506
75.0,241.0,75.715758,27318.880653514567
76.0,232.0,76.7251,24110.29457001
77.0,214.0,77.734442,18568.302297051363
78.0,220.0,78.74378399999999,19953.318558638653
79.0,242.0,79.753126,26324.048122771874
80.0,259.0,80.762468,31768.61781345102
81.0,252.0,81.77180999999999,28977.636670676104
82.0,219.0,82.78115199999999,18555.574550447105
83.0,220.0,83.790494,18553.02952476404
84.0,227.0,84.799836,20220.886641626897
85.0,278.0,85.80917799999999,36937.31206103569
86.0,269.0,86.81851999999999,33190.09165499041
87.0,234.0,87.827862,21366.29392749105
88.0,287.0,88.837204,39268.49371853762
89.0,265.0,89.84654599999999,30678.73244813012
90.0,257.0,90.855888,27603.865952268545
91.0,268.0,91.86523,31023.4572029529
92.0,289.0,92.874572,38465.18350818318
93.0,282.0,93.88391399999999,35387.66181195939
94.0,261.0,94.893256,27591.450402281534
95.0,290.0,95.902598,37673.8014631496
96.0,271.0,96.91193999999999,30306.652634563605
97.0,291.0,97.92128199999999,37279.39134452353
98.0,311.0,98.930624,44973.42023702938
99.0,281.0,99.939966,32782.73591208116
100.0,277.0,100.94930799999999,30993.846153678875
1.0,11.0,3.0311673043314205,63.50229453155656
2.0,27.0,6.0135712400722685,440.4301920955219
3.0,7.0,8.995975175813117,3.9839169024622016
4.0,-4.0,11.978379111553965,255.30859903254407
5.0,27.0,14.960783047294813,144.94274483430397
6.0,-5.0,17.943186983035663,526.3898289385371
7.0,11.0,20.92559091877651,98.51735508689873
8.0,32.0,23.90799485451736,65.48054727451755
9.0,54.0,26.890398790258207,734.9304777512338
10.0,18.0,29.872802725999055,140.9634445704906
11.0,25.0,32.8552066617399,61.70427169864289
12.0,16.0,35.83761059748075,393.53079421728046
13.0,19.0,38.820014533221595,392.83297609711525
14.0,35.0,41.80241846896244,46.27289702688135
15.0,67.0,44.78482240470329,493.5141155905728
16.0,53.0,47.76722634044414,27.381920172141633
17.0,60.0,50.74963027618499,85.56934002727343
18.0,47.0,53.732034211925836,45.32028463053991
19.0,29.0,56.714438147666684,768.0900818408423
20.0,51.0,59.69684208340753,75.63506222372826
21.0,85.0,62.67924601914838,498.2160582737034
22.0,37.0,65.66164995488923,821.4901781366017
23.0,62.0,68.64405389063008,44.14345210159665
24.0,85.0,71.62645782637092,178.8516302698355
25.0,74.0,74.60886176211177,0.37071264536185206
26.0,85.0,77.59126569785262,54.88934395981522
27.0,52.0,80.57366963359347,816.4545963297414
28.0,113.0,83.55607356933432,866.9448036544533
29.0,77.0,86.53847750507516,90.98255311482492
30.0,92.0,89.52088144081601,6.146028830490491
31.0,74.0,92.50328537655686,342.37156972630294
32.0,123.0,95.48568931229771,757.0372926194085
33.0,90.0,98.46809324803856,71.70860325747618
34.0,115.0,101.4504971837794,183.58902656676986
35.0,99.0,104.43290111952025,29.516414574484415
36.0,126.0,107.4153050552611,345.3908861890036
37.0,107.0,110.39770899100195,11.54442638753548
38.0,142.0,113.3801129267428,819.0979360859948
39.0,128.0,116.36251686248364,135.4310137759775
40.0,117.0,119.34492079822449,5.498653549945793
41.0,152.0,122.32732473396534,880.467657443545
42.0,111.0,125.30972866970619,204.76833460061127
43.0,113.0,128.29213260544705,233.84931962257681
44.0,148.0,131.2745365411879,279.74112791205886
45.0,155.0,134.25694047692875,430.274518377677
46.0,151.0,137.2393444126696,189.3556421931275
47.0,165.0,140.22174834841044,613.9617549095005
48.0,165.0,143.2041522841513,475.0589776524674
49.0,173.0,146.18655621989214,718.9607673490049
50.0,122.0,149.168960155633,738.1523959383728
51.0,159.0,152.15136409137384,46.90381380892373
52.0,176.0,155.13376802711468,435.3996367462614
53.0,135.0,158.11617196285553,534.3574062163082
54.0,152.0,161.09857589859638,82.78408338251892
55.0,143.0,164.08097983433723,444.4077107757329
56.0,176.0,167.06338377007808,79.86310964090394
57.0,158.0,170.04578770581892,145.10100145365834
58.0,147.0,173.02819164155977,677.466760129762
59.0,171.0,176.01059557730062,25.106068039264535
60.0,209.0,178.99299951304147,900.4200782243296
61.0,166.0,181.97540344878232,255.2135153513659
62.0,205.0,184.95780738452316,401.6894848358742
63.0,216.0,187.940211320264,787.3517407514399
64.0,170.0,190.92261525600486,437.7558291508073
65.0,190.0,193.9050191917457,15.249174887902306
66.0,220.0,196.88742312748656,534.1912096878433
67.0,172.0,199.8698270632274,776.7272605342026
68.0,193.0,202.85223099896825,97.06645565703097
69.0,204.0,205.8346349347091,3.365885343655066
70.0,226.0,208.81703887044995,295.25415317962796
71.0,242.0,211.7994428061908,912.0736548165409
72.0,192.0,214.78184674193164,519.0125409728615
73.0,232.0,217.7642506776725,202.65655876814807
74.0,199.0,220.74665461341334,472.91698687509177
75.0,241.0,223.7290585491542,298.285418598544
76.0,232.0,226.71146248489504,27.968629048672575
77.0,214.0,229.69386642063589,246.2974432287626
78.0,220.0,232.67627035637673,160.6878301479555
79.0,242.0,235.65867429211758,40.21241173345046
80.0,259.0,238.64107822785843,414.48569572418006
81.0,252.0,241.62348216359928,107.67212240914233
82.0,219.0,244.60588609934013,655.6614029323798
83.0,220.0,247.58829003508097,761.1137470597481
84.0,227.0,250.57069397082182,555.5776142661362
85.0,278.0,253.55309790656267,597.6510219661105
86.0,269.0,256.5355018423035,155.363714323219
87.0,234.0,259.51790577804434,651.1635152971486
88.0,287.0,262.5003097137852,600.2348241204471
89.0,265.0,265.4827136495261,0.23301246743879703
90.0,257.0,268.4651175852669,131.44892124399655
91.0,268.0,271.44752152100773,11.88540463781145
92.0,289.0,274.4299254567486,212.2870721959023
93.0,282.0,277.4123293924895,21.04672160301592
94.0,261.0,280.3947333282303,376.1556808731672
95.0,290.0,283.3771372639711,43.86231082027992
96.0,271.0,286.359541199712,235.9155058656503
97.0,291.0,289.3419451354529,2.749145933848386
98.0,311.0,292.3243490711937,348.7799376146238
99.0,281.0,295.3067530069345,204.68318160142977
100.0,277.0,298.2891569426754,453.2282033298638
1.0,11.0,3.0352979797848874,63.43647827081869
2.0,27.0,6.017639324910352,440.25945949954854
3.0,7.0,8.999980670035816,3.9999226805169115
4.0,-4.0,11.98232201516128,255.43461699630893
5.0,27.0,14.964663360286744,144.84932803122436
6.0,-5.0,17.947004705412212,526.5650249502102
7.0,11.0,20.929346050537674,98.59191299132812
8.0,32.0,23.91168739566314,65.42080078547451
9.0,54.0,26.894028740788606,734.7336779051941
10.0,18.0,29.87637008591407,141.04816641759453
11.0,25.0,32.85871143103953,61.75934535635139
12.0,16.0,35.841052776165,393.6673752665649
13.0,19.0,38.82339412129046,392.96695448801324
14.0,35.0,41.805735466415925,46.318035238831584
15.0,67.0,44.788076811541394,493.3695317299851
16.0,53.0,47.77041815666686,27.348526256119676
17.0,60.0,50.75275950179232,85.51145683169224
18.0,47.0,53.73510084691779,45.36158341815271
19.0,29.0,56.71744219204325,768.2566016692593
20.0,51.0,59.69978353716871,75.68623359359177
21.0,85.0,62.68212488229418,498.08754976951246
22.0,37.0,65.66446622741964,821.651624102881
23.0,62.0,68.64680757254511,44.18005090644308
24.0,85.0,71.62914891767058,178.7796586658299
25.0,74.0,74.61149026279604,0.37392034149436887
26.0,85.0,77.5938316079215,54.85133025182262
27.0,52.0,80.57617295304696,816.5976606424529
28.0,113.0,83.55851429817243,866.8010803309174
29.0,77.0,86.5408556432979,91.02792640624943
30.0,92.0,89.52319698842336,6.134553158155089
31.0,74.0,92.50553833354883,342.4549490144451
32.0,123.0,95.48787967867429,756.9167645751031
33.0,90.0,98.47022102379975,71.74464419201932
34.0,115.0,101.45256236892521,183.5330663678612
35.0,99.0,104.43490371405068,29.53817838100184
36.0,126.0,107.41724505917615,345.3187811907131
37.0,107.0,110.39958640430162,11.557187720312387
38.0,142.0,113.38192774942708,818.9940593390119
39.0,128.0,116.36426909455254,135.39023370398516
40.0,117.0,119.346610439678,5.5065805556057885
41.0,152.0,122.32895178480346,880.3711021885175
42.0,111.0,125.31129312992894,204.8131110507513
43.0,113.0,128.29363447505438,233.89525545657173
44.0,148.0,131.27597582017984,279.69298476720945
45.0,155.0,134.25831716530533,430.2174068150676
46.0,151.0,137.2406585104308,189.31947822658063
47.0,165.0,140.22299985555625,613.8997361577655
48.0,165.0,143.20534120068172,475.0071521787019
49.0,173.0,146.18768254580718,718.900367264413
50.0,122.0,149.17002389093264,738.2101982338504
51.0,159.0,152.1523652360581,46.89010186034561
52.0,176.0,155.13470658118356,435.36046945330446
53.0,135.0,158.11704792630903,534.3979048272685
54.0,152.0,161.0993892714345,82.79888511309709
55.0,143.0,164.08173061655995,444.43936578920125
56.0,176.0,167.0640719616854,79.85080990593676
57.0,158.0,170.04641330681088,145.11607355851015
58.0,147.0,173.02875465193637,677.4960687306991
59.0,171.0,176.01109599706183,25.111083091769093
60.0,209.0,178.9934373421873,900.39380253724
61.0,166.0,181.97577868731275,255.22550466599643
62.0,205.0,184.95812003243822,401.6769526341543
63.0,216.0,187.94046137756368,787.3377077039956
64.0,170.0,190.92280272268914,437.76367377256815
65.0,190.0,193.9051440678146,15.25015019038759
66.0,220.0,196.88748541294007,534.1883305370583
67.0,172.0,199.86982675806553,776.7272435245853
68.0,193.0,202.852168103191,97.06521633353397
69.0,204.0,205.83450944831645,3.3654249159623366
70.0,226.0,208.81685079344192,295.26061665483775
71.0,242.0,211.7991921385674,912.0887954831687
72.0,192.0,214.78153348369287,518.9982678686193
73.0,232.0,217.76387482881833,202.6672598895523
74.0,199.0,220.7462161739438,472.89791788389465
75.0,241.0,223.72855751906926,298.30272537209913
76.0,232.0,226.71089886419472,27.974590824776726
77.0,214.0,229.69324020932018,246.2777882674237
78.0,220.0,232.67558155444564,160.6703677434026
79.0,242.0,235.6579228995711,40.22194194778458
80.0,259.0,238.64026424469657,414.51884002578106
81.0,252.0,241.62260558982203,107.69031474439299
82.0,219.0,244.6049469349475,655.613307541477
83.0,220.0,247.58728828007295,761.0584746478506
84.0,227.0,250.56962962519844,555.5274406690322
85.0,278.0,253.5519709703239,597.7061234358849
86.0,269.0,256.53431231544937,155.39336944875726
87.0,234.0,259.51665366057483,651.099614033727
88.0,287.0,262.4989950057003,600.2992457306991
89.0,265.0,265.48133635082576,0.23168468262625588
90.0,257.0,268.4636776959513,131.41590631665076
91.0,268.0,271.44601904107674,11.875047231463443
92.0,289.0,274.4283603862022,212.33268103440128
93.0,282.0,277.41070173132766,21.06165859883891
94.0,261.0,280.3930430764531,376.0901197651665
95.0,290.0,283.3753844215786,43.885531561863665
96.0,271.0,286.35772576670405,235.8597407252855
97.0,291.0,289.3400671118295,2.755377193230017
98.0,311.0,292.322408456955,348.85242584882707
99.0,281.0,295.30474980208044,204.6258669001203
100.0,277.0,298.2870911472059,453.1402495094518
1.0,11.0,3.039418497330335,63.370857860646424
2.0,27.0,6.021697405759483,440.0891797355184
3.0,7.0,9.00397631418863,4.015921067829049
4.0,-4.0,11.986255222617778,255.5603560426742
5.0,27.0,14.968534131046926,144.75617095578275
6.0,-5.0,17.950813039476074,526.739819172985
7.0,11.0,20.933091947905222,98.66631564553956
8.0,32.0,23.91537085633437,65.36122839060766
9.0,54.0,26.897649764763518,734.537388273423
10.0,18.0,29.879928673192666,141.13270528014525
11.0,25.0,32.86220758162181,61.81430805651147
12.0,16.0,35.84448649005096,393.8036440538151
13.0,19.0,38.82676539848011,393.1006261663683
14.0,35.0,41.80904430690926,46.36308437345337
15.0,67.0,44.7913232153384,493.22532452556703
16.0,53.0,47.77360212376755,27.315234760687034
17.0,60.0,50.755881032196704,85.45373549090067
18.0,47.0,53.73815994062585,45.40279938545494
19.0,29.0,56.72043884905499,768.4227299841973
20.0,51.0,59.702717757484145,75.73729636642986
21.0,85.0,62.684996665913296,497.95937380030074
22.0,37.0,65.66727557434244,821.8126888552907
23.0,62.0,68.64955448277159,44.21657481934777
24.0,85.0,71.63183339120074,178.70787848061542
25.0,74.0,74.6141122996299,0.3771339165567175
26.0,85.0,77.59639120805905,54.81342314410539
27.0,52.0,80.57867011648818,816.7403856270547
28.0,113.0,83.56094902491733,866.6577223135156
29.0,77.0,86.54322793334649,91.07319938780465
30.0,92.0,89.52550684177562,6.123116390099249
31.0,74.0,92.50778575020477,342.5381333754829
32.0,123.0,95.49006465863393,756.7965424861421
33.0,90.0,98.47234356706308,71.78060551835512
34.0,115.0,101.45462247549223,183.47725228144026
35.0,99.0,104.43690138392137,29.55989665848607
36.0,126.0,107.41918029235052,345.24686100817536
37.0,107.0,110.40145920077967,11.569924694568668
38.0,142.0,113.3837381092088,818.8904446023483
39.0,128.0,116.36601701763796,135.3495600338896
40.0,117.0,119.34829592606711,5.514493756383383
41.0,152.0,122.33057483449626,880.2747896514265
42.0,111.0,125.31285374292541,204.857782266374
43.0,113.0,128.29513265135455,233.94108282253205
44.0,148.0,131.27741155978367,279.64496414085676
45.0,155.0,134.25969046821282,430.160439474342
46.0,151.0,137.24196937664198,189.2834066332572
47.0,165.0,140.22424828507113,613.837873039801
48.0,165.0,143.20652719350028,474.9554569676429
49.0,173.0,146.18880610192943,718.8401182399366
50.0,122.0,149.17108501035858,738.2678606401328
51.0,159.0,152.15336391878773,46.87642562855767
52.0,176.0,155.13564282721688,435.32140023346625
53.0,135.0,158.117921735646,534.4383053754541
54.0,152.0,161.10020064407516,82.81365176242593
55.0,143.0,164.0824795525043,444.47094408176235
56.0,176.0,167.06475846093346,79.83854136146016
57.0,158.0,170.0470373693626,145.13110937881927
58.0,147.0,173.02931627779176,677.5253058893153
59.0,171.0,176.01159518622092,25.116086310552657
60.0,209.0,178.99387409465004,900.367591847714
61.0,166.0,181.9761530030792,255.23746477779622
62.0,205.0,184.95843191150834,401.66445144564716
63.0,216.0,187.9407108199375,787.3237092903729
64.0,170.0,190.92298972836664,437.7714991733361
65.0,190.0,193.9052686367958,15.251123125540895
66.0,220.0,196.88754754522495,534.1854584742373
67.0,172.0,199.8698264536541,776.7272265567979
68.0,193.0,202.85210536208325,97.06398006558953
69.0,204.0,205.83438427051237,3.3649656519032125
70.0,226.0,208.81666317894152,295.26706430594396
71.0,242.0,211.79894208737068,912.1038990419903
72.0,192.0,214.78122099579983,518.9840300594709
73.0,232.0,217.76349990422898,202.67793497688828
74.0,199.0,220.74577881265813,472.87889616905125
75.0,241.0,223.72805772108728,298.3199900860927
76.0,232.0,226.7103366295164,27.980538573035865
77.0,214.0,229.69261553794556,246.2581824217703
78.0,220.0,232.6748944463747,160.65294922674042
79.0,242.0,235.65717335480386,40.231449851010126
80.0,259.0,238.639452263233,414.55190414116737
81.0,252.0,241.62173117166216,107.70846387324883
82.0,219.0,244.6040100800913,655.5653321814176
83.0,220.0,247.58628898852047,761.0033401581654
84.0,227.0,250.56856789694962,555.4773927131241
85.0,278.0,253.55084680537874,597.761091934059
86.0,269.0,256.5331257138079,155.4229544677173
87.0,234.0,259.51540462223704,651.0358730364754
88.0,287.0,262.49768353066617,600.363512363388
89.0,265.0,265.47996243909535,0.23036394294235316
90.0,257.0,268.46224134752447,131.38297670889955
91.0,268.0,271.44452025595365,11.864719793674986
92.0,289.0,274.42679916438277,212.3781825952347
93.0,282.0,277.40907807281195,21.07656414153603
94.0,261.0,280.3913569812411,376.02472557392696
95.0,290.0,283.37363588967025,43.908701322666126
96.0,271.0,286.3559147980994,235.80411928648743
97.0,291.0,289.3381937065285,2.7616001570214848
98.0,311.0,292.3204726149577,348.92474332854596
99.0,281.0,295.3027515233868,204.56870113974352
100.0,277.0,298.285030431816,453.0525204833325
1.0,11.0,3.0435288819474806,63.30543265240391
2.0,27.0,6.025745507220871,439.91935152786544
3.0,7.0,9.007962132494262,4.0319119255309035
4.0,-4.0,11.990178757767653,255.6858167053639
5.0,27.0,14.972395383041045,144.66327282189238
6.0,-5.0,17.954612008314434,526.9142124522532
7.0,11.0,20.936828633587826,98.7405632932909
8.0,32.0,23.919045258861217,65.30182952833337
9.0,54.0,26.90126188413461,734.3416074722558
10.0,18.0,29.883478509408,141.2170614835618
11.0,25.0,32.865695134681395,61.869159951750575
12.0,16.0,35.84791175995478,393.9396012309514
13.0,19.0,38.83012838522818,393.23399177463233
14.0,35.0,41.812345010501566,46.408044542105586
15.0,67.0,44.79456163577496,493.0814929473972
16.0,53.0,47.77677826104835,27.282045334257106
17.0,60.0,50.75899488632174,85.3961755110278
18.0,47.0,53.74121151159513,45.44393264406273
19.0,29.0,56.72342813686852,768.5884676601131
20.0,51.0,59.705644762141915,75.78825072460897
21.0,85.0,62.6878613874153,497.831529467193
22.0,37.0,65.67007801268869,821.9733732536555
23.0,62.0,68.65229463796209,44.25302395025912
24.0,85.0,71.63451126323547,178.63628917257958
25.0,74.0,74.61672788850886,0.38035328846459937
26.0,85.0,77.59894451378226,54.77562231007375
27.0,52.0,80.58116113905564,816.8827720566642
28.0,113.0,83.56337776432903,866.5147286455984
29.0,77.0,86.54559438960243,91.11837225080934
30.0,92.0,89.52781101487582,6.111718378169308
31.0,74.0,92.5100276401492,342.6211232390875
32.0,123.0,95.4922442654226,756.6766255531759
33.0,90.0,98.474460890696,71.81648738793594
34.0,115.0,101.45667751596937,183.42158390644946
35.0,99.0,104.43889414124277,29.581569479644926
36.0,126.0,107.42111076651616,345.17512515006155
37.0,107.0,110.40332739178956,11.582637335705128
38.0,142.0,113.38554401706294,818.7870911994424
39.0,128.0,116.36776064233634,135.30899247397957
40.0,117.0,119.34997726760973,5.5223931582824966
41.0,152.0,122.33219389288311,880.1787192094821
42.0,111.0,125.3144105181565,204.90234848230963
43.0,113.0,128.2966271434299,233.98680196511643
44.0,148.0,131.2788437687033,279.59706571143255
45.0,155.0,134.2610603939767,430.10361598228224
46.0,151.0,137.2432770192501,189.2474271690928
47.0,165.0,140.22549364452345,613.7761651575478
48.0,165.0,143.20771026979685,474.90389168511774
49.0,173.0,146.18992689507024,718.7800198916779
50.0,122.0,149.17214352034364,738.3253834901528
51.0,159.0,152.15436014561703,46.862785015916444
52.0,176.0,155.13657677089043,435.28242883694884
53.0,135.0,158.11879339616382,534.478608094508
54.0,152.0,161.1010100214372,82.82838341030016
55.0,143.0,164.08322664671059,444.5024458365673
56.0,176.0,167.06544327198398,79.82630392613632
57.0,158.0,170.04765989725738,145.1461089999836
58.0,147.0,173.02987652253077,677.5544717781986
59.0,171.0,176.01209314780417,25.12107772226547
60.0,209.0,178.99430977307756,900.3414459940288
61.0,166.0,181.97652639835093,255.24939575720404
62.0,205.0,184.95874302362432,401.6519811931268
63.0,216.0,187.94095964889772,787.3097454247861
64.0,170.0,190.9231762741711,437.77930540003695
65.0,190.0,193.9053928994445,15.252093699031576
66.0,220.0,196.8876095247179,534.1825934819107
67.0,172.0,199.8698261499913,776.7272096307387
68.0,193.0,202.85204277526466,97.06274684564467
69.0,204.0,205.83425940053806,3.3645075484622398
70.0,226.0,208.81647602581145,295.27349617151253
71.0,242.0,211.79869265108485,912.1189655836363
72.0,192.0,214.78090927635824,518.9698274576651
73.0,232.0,217.76312590163164,202.68858409279193
74.0,199.0,220.74534252690503,472.8599216124246
75.0,241.0,223.7275591521784,298.3372128414961
76.0,232.0,226.7097757774518,27.986472324835752
77.0,214.0,229.6919924027252,246.2386255671851
78.0,220.0,232.6742090279986,160.63557448540087
79.0,242.0,235.65642565327198,40.240935492465816
80.0,259.0,238.63864227854538,414.58488826103985
81.0,252.0,241.62085890381877,107.72656989443809
82.0,219.0,244.60307552909214,655.5174765483966
83.0,220.0,247.58529215436553,760.9483432417006
84.0,227.0,250.56750877963893,555.4274700783579
85.0,278.0,253.54972540491232,597.8159277751898
86.0,269.0,256.53194203018575,155.45246953864873
87.0,234.0,259.51415865545914,650.9722918959407
88.0,287.0,262.49637528073254,600.4276243826955
89.0,265.0,265.47859190600593,0.22905021249439025
90.0,257.0,268.4608085312793,131.35013219064498
91.0,268.0,271.4430251565527,11.854422228654892
92.0,289.0,274.4252417818261,212.42357711822714
93.0,282.0,277.40745840709945,21.091438282521477
94.0,261.0,280.38967503237285,375.95949786102307
95.0,290.0,283.37189165764624,43.93182019797945
96.0,271.0,286.35410828291964,235.7486411636215
97.0,291.0,289.33632490819303,2.767814811098914
98.0,311.0,292.31854153346643,348.99689043681883
99.0,281.0,295.3007581587398,204.51168391476367
100.0,277.0,298.2829747840132,452.96501565694257
1.0,11.0,3.0476291585546087,63.24020199987089
2.0,27.0,6.029783653835224,439.7499736049564
3.0,7.0,9.01193814911584,4.047895115867673
4.0,-4.0,11.994092644396456,255.81099951753683
5.0,27.0,14.976247139677072,144.57063284612377
6.0,-5.0,17.958401634957685,527.0882056320277
7.0,11.0,20.940556130238303,98.8146561784183
8.0,32.0,23.922710625518917,65.242603639105
9.0,54.0,26.90486512079953,734.1463341220658
10.0,18.0,29.88701961608015,141.30123535307425
11.0,25.0,32.86917411136077,61.92390119491057
12.0,16.0,35.85132860664138,394.0752474488584
13.0,19.0,38.833483101922,393.3670519542255
14.0,35.0,41.81563759720262,46.45291585640186
15.0,67.0,44.79779209248323,492.9380359686003
16.0,53.0,47.779946587763845,27.248957626598322
17.0,60.0,50.76210108304446,85.33877639988827
18.0,47.0,53.744255578325074,45.48498330576888
19.0,29.0,56.72641007360569,768.7538155697432
20.0,51.0,59.70856456888631,75.839096850462
21.0,85.0,62.69071906416692,497.7040158739253
22.0,37.0,65.67287355944754,822.1336781560657
23.0,62.0,68.65502805472815,44.28939840921873
24.0,85.0,71.63718255000876,178.5648902017904
25.0,74.0,74.61933704528938,0.3835783756677851
26.0,85.0,77.60149154057,54.73792742425734
27.0,52.0,80.5836460358506,817.024820702798
28.0,113.0,83.56580053113123,866.3720983731546
29.0,77.0,86.54795502641184,91.16344518638316
30.0,92.0,89.53010952169245,6.100358974834287
31.0,74.0,92.51226401697308,342.70391903411615
32.0,123.0,95.49441851225369,756.5570129790526
33.0,90.0,98.4765730075343,71.85228995205907
34.0,115.0,101.45872750281492,183.36606084302096
35.0,99.0,104.44088199809553,29.603196917200055
36.0,126.0,107.42303649337615,345.10357312643447
37.0,107.0,110.40519098865677,11.59532566922927
38.0,142.0,113.38734548393738,818.6839984555586
39.0,128.0,116.36949997921799,135.2685307334103
40.0,117.0,119.35165447449862,5.530278767429364
41.0,152.0,122.33380896977923,880.0828902415515
42.0,111.0,125.31596346505984,204.9468099329281
43.0,113.0,128.29811796034045,234.03241312849102
44.0,148.0,131.2802724556211,279.5492891582629
45.0,155.0,134.2624269509017,430.04693596668824
46.0,151.0,137.2445814461823,189.21153959071196
47.0,165.0,140.22673594146292,613.714612114005
48.0,165.0,143.20889043674353,474.8524559978476
49.0,173.0,146.19104493202414,718.7200718367485
50.0,122.0,149.17319942730478,738.3827671160768
51.0,159.0,152.1553539225854,46.84917992506719
52.0,176.0,155.137508417866,435.24355501461196
53.0,135.0,158.1196629131466,534.5188132175269
54.0,152.0,161.10181740842722,82.84308013634886
55.0,143.0,164.08397190370783,444.5338712363413
56.0,176.0,167.06612639898847,79.81409751885067
57.0,158.0,170.04828089426908,145.16107250720944
58.0,147.0,173.0304353895497,677.5835665695212
59.0,171.0,176.0125898848303,25.126057353503093
60.0,209.0,178.99474438011092,900.3153648148855
61.0,166.0,181.97689887539153,255.26129767448703
62.0,205.0,184.95905337067217,401.6395417995667
63.0,216.0,187.94120786595278,787.2958160216704
64.0,170.0,190.9233623612334,437.787092499478
65.0,190.0,193.905516856514,15.25306191651498
66.0,220.0,196.8876713517946,534.1797355426556
67.0,172.0,199.86982584707525,776.7271927463036
68.0,193.0,202.85198034235586,97.06151666616626
69.0,204.0,205.83413483763647,3.364050602631757
70.0,226.0,208.81628933291708,295.27991229001935
71.0,242.0,211.7984438281977,912.1339951985302
72.0,192.0,214.7805983234783,518.9556599756623
73.0,232.0,217.76275281875894,202.6992072997565
74.0,199.0,220.74490731403955,472.8409940961708
75.0,241.0,223.72706180932016,298.3543937390461
76.0,232.0,226.70921630460077,27.992392111502305
77.0,214.0,229.69137079988138,246.21911757937013
78.0,220.0,232.673525295162,160.6182434071109
79.0,242.0,235.65567979044263,40.25039892139803
80.0,259.0,238.63783428572324,414.6177925756678
81.0,252.0,241.61998878100385,107.74463290648585
82.0,219.0,244.60214327628447,655.4697403393978
83.0,220.0,247.58429777156508,760.89348355037
84.0,227.0,250.5664522668457,555.3776724455162
85.0,278.0,253.54860676212633,597.8706312731344
86.0,269.0,256.53076125740694,155.48191481978384
87.0,234.0,259.51291575268755,650.9088702037324
88.0,287.0,262.4950702479682,600.4915821520126
89.0,265.0,265.4772247432488,0.2277434555689076
90.0,257.0,268.45937923852944,131.3173725324395
91.0,268.0,271.44153373381005,11.844154440952524
92.0,289.0,274.42368822909066,212.46886484275024
93.0,282.0,277.40584272437127,21.106281073212408
94.0,261.0,280.3879972196519,375.894436189229
95.0,290.0,283.3701517149325,43.9548882830126
96.0,271.0,286.3523062102131,235.69330597214773
97.0,291.0,289.3344607054937,2.7740211415445053
98.0,311.0,292.3166152007743,349.0688675559371
99.0,281.0,295.298769696055,204.4548148208205
100.0,277.0,298.2809241913356,452.8777344373728
1.0,11.0,3.0517193520087282,63.17516525923255
2.0,27.0,6.0338118700829,439.5810446990767
3.0,7.0,9.015904388157072,4.063870502190937
4.0,-4.0,11.997996906231243,255.93590501178443
5.0,27.0,14.980089424305415,144.47825024769452
6.0,-5.0,17.962181942379587,527.2617995549432
7.0,11.0,20.94427446045376,98.8885945448329
8.0,32.0,23.92636697852793,65.18355016540421
9.0,54.0,26.908459496602102,733.9515668472488
10.0,18.0,29.890552014676274,141.385227213722
11.0,25.0,32.87264453275045,61.97853193904554
12.0,16.0,35.85473705082462,394.2105833573878
13.0,19.0,38.836829568898786,393.4998073455372
14.0,35.0,41.81892208697296,46.497698428207684
15.0,67.0,44.801014605047136,492.79495256533056
16.0,53.0,47.783107123121304,27.21597128882767
17.0,60.0,50.76519964119547,85.28153766697622
18.0,47.0,53.74729215926965,45.52595148254167
19.0,29.0,56.72938467734382,768.9187745841105
20.0,51.0,59.71147719541799,75.88983492628772
21.0,85.0,62.69356971349216,497.57683212683423
22.0,37.0,65.67566223156635,822.2936044188808
23.0,62.0,68.65775474964052,44.32569830636087
24.0,85.0,71.63984726771469,178.49368102999074
25.0,74.0,74.62193978578885,0.38680909714708533
26.0,85.0,77.60403230386302,54.70033816230172
27.0,52.0,80.5861248219372,817.1665323353743
28.0,113.0,83.56821734001137,866.2298305448072
29.0,77.0,86.55030985808554,91.20841838544587
30.0,92.0,89.53240237615972,6.08903803318218
31.0,74.0,92.51449489423389,342.7865211886128
32.0,123.0,95.49658741230806,756.4377039688114
33.0,90.0,98.47867993038223,71.88801336186638
34.0,115.0,101.4607724484564,183.31068269247743
35.0,99.0,104.44286496653058,29.624779043885916
36.0,126.0,107.42495748460475,345.0322044487412
37.0,107.0,110.40705000267891,11.607989720754393
38.0,142.0,113.3891425207531,818.5811656977785
39.0,128.0,116.37123503882727,135.2281745221987
40.0,117.0,119.35332755690143,5.5381505900716705
41.0,152.0,122.3354200749756,879.9873021281605
42.0,111.0,125.31751259304977,204.99116685213875
43.0,113.0,128.29960511112395,234.07791655633017
44.0,148.0,131.28169762919813,279.50163416155925
45.0,155.0,134.2637901472723,429.9903990563618
46.0,151.0,137.24588266534647,189.17574365541668
47.0,165.0,140.22797518342063,613.6532135132244
48.0,165.0,143.2100677014948,474.8011495734398
49.0,173.0,146.192160219569,718.6602736932593
50.0,122.0,149.17425273764314,738.440011849306
51.0,159.0,152.15634525571733,46.835610258942744
52.0,176.0,155.13843777379148,435.20477851797017
53.0,135.0,158.12053029186566,534.5589209770777
54.0,152.0,161.10262280993985,82.85774202003716
55.0,143.0,164.084715328014,444.56522046338847
56.0,176.0,167.06680784608818,79.80192205871167
57.0,158.0,170.04890036416236,145.17599998551194
58.0,147.0,173.03099288223652,677.6125904350482
59.0,171.0,176.0130854003107,25.131025230808294
60.0,209.0,178.99517791838488,900.2893481493782
61.0,166.0,181.97727043645904,255.27317059974794
62.0,205.0,184.95936295453322,401.6271331881355
63.0,216.0,187.94145547260737,787.2819209956747
64.0,170.0,190.92354799068156,437.79486051835414
65.0,190.0,193.90564050875574,15.254027783633779
66.0,220.0,196.8877330268299,534.1768846390897
67.0,172.0,199.86982554490407,776.7271759033877
68.0,193.0,202.85191806297823,97.06028951963668
69.0,204.0,205.8340105810524,3.3635948114122014
70.0,226.0,208.8161030991266,295.2863126998467
71.0,242.0,211.79819561720075,912.1489879768721
72.0,192.0,214.78028813527493,518.9415275261478
73.0,232.0,217.7623806533491,202.70980466012767
74.0,199.0,220.74447317142327,472.82211350274616
75.0,241.0,223.72656568949745,298.3715328792468
76.0,232.0,226.70865820757163,27.998297964299066
77.0,214.0,229.69075072564578,246.19965833435373
78.0,220.0,232.67284324371997,160.6009558798988
79.0,242.0,235.65493576179412,40.25984018695915
80.0,259.0,238.6370282798683,414.65061727488325
81.0,252.0,241.6191207979425,107.76265300771026
82.0,219.0,244.60121331601664,655.4221232521877
83.0,220.0,247.58330583409082,760.8387607369888
84.0,227.0,250.56539835216498,555.3279994962198
85.0,278.0,253.54749087023916,597.9252027410373
86.0,269.0,256.5295833883133,155.51129046903128
87.0,234.0,259.5116759063875,650.8456075525522
88.0,287.0,262.4937684244617,600.5553860339115
89.0,265.0,265.4758609425358,0.22644363663106293
90.0,257.0,268.45795346061,131.28469750550434
91.0,268.0,271.44004597868417,11.833916335461115
92.0,289.0,274.42213849675835,212.5140460076949
93.0,282.0,277.40423101483253,21.12109256502721
94.0,261.0,280.38632353290666,375.8295401225305
95.0,290.0,283.36841605098084,43.97790567288855
96.0,271.0,286.350508569055,235.6381133286317
97.0,291.0,289.3326010871292,2.780219134642707
98.0,311.0,292.3146936052034,349.14067506742714
99.0,281.0,295.2967861232775,204.39809345474046
100.0,277.0,298.2788786413517,452.7906762333734
1.0,11.0,3.055799487105722,63.110321789069715
2.0,27.0,6.037830180384059,439.4125635464174
3.0,7.0,9.019860873662395,4.079837948952215
4.0,-4.0,12.001891566940733,256.060533720129
5.0,27.0,14.983922260219071,144.38612424845877
6.0,-5.0,17.965952953497407,527.4349950622562
7.0,11.0,20.947983646775747,98.96237863651768
8.0,32.0,23.930014340054083,65.12466855173274
9.0,54.0,26.91204503333242,733.7573042762109
10.0,18.0,29.894075726610758,141.46903739035125
11.0,25.0,32.8761064198891,62.03305233741826
12.0,16.0,35.85813711316743,394.3456096053577
13.0,19.0,38.84016780644577,393.63225858792714
14.0,35.0,41.82219849972411,46.54239236963789
15.0,67.0,44.80422919300244,492.65224171676505
16.0,53.0,47.78625988628078,27.18308597340489
17.0,60.0,50.76829057955912,85.22445882345687
18.0,47.0,53.75032127283745,45.56683728652186
19.0,29.0,56.73235196611579,769.0833455725265
20.0,51.0,59.71438265939413,75.94046513434915
21.0,85.0,62.696413352672465,497.4499773348471
22.0,37.0,65.67844404595081,822.4531528967316
23.0,62.0,68.66047473922914,44.361923751909536
24.0,85.0,71.64250543250748,178.42266112059227
25.0,74.0,74.62453612578582,0.39004537241156595
26.0,85.0,77.60656681906416,54.66285420096311
27.0,52.0,80.58859751234249,817.3079077227151
28.0,113.0,83.57062820562084,866.0879242118
29.0,77.0,86.55265889889917,91.25329203871746
30.0,92.0,89.5346895921775,6.077755406917941
31.0,74.0,92.51672028545585,342.86893012981204
32.0,123.0,95.49875097873418,756.3186977296742
33.0,90.0,98.48078167201251,71.92365776834333
34.0,115.0,101.46281236529086,183.2554490573221
35.0,99.0,104.44484305856919,29.646315932449102
36.0,126.0,107.42687375184752,344.9610186298105
37.0,107.0,110.40890444512587,11.620629515998916
38.0,142.0,113.3909351384042,818.4785922549954
39.0,128.0,116.37296583168254,135.18792355122181
40.0,117.0,119.35499652496088,5.546008632577829
41.0,152.0,122.33702721823921,879.8919542514813
42.0,111.0,125.31905791151755,205.03541947339323
43.0,113.0,128.3010886047959,234.12331249181474
44.0,148.0,131.28311929807424,279.4541004024179
45.0,155.0,134.26514999135256,429.93400488110683
46.0,151.0,137.2471806846309,189.14003912118926
47.0,165.0,140.22921137790925,613.5919689603005
48.0,165.0,143.21124207118757,474.74997208038656
49.0,173.0,146.19327276446592,718.6006250803248
50.0,122.0,149.17530345774426,738.4971180204873
51.0,159.0,152.15733415102258,46.822075920761854
52.0,176.0,155.13936484430093,435.16609909918805
53.0,135.0,158.12139553757928,534.5989316051908
54.0,152.0,161.1034262308576,82.87236914066608
55.0,143.0,164.08545692413594,444.59649369959226
56.0,176.0,167.0674876174143,79.7897774650471
57.0,158.0,170.0495183106926,145.19089151971636
58.0,147.0,173.03154900397095,677.6415435461411
59.0,171.0,176.0135796972493,25.135981380670366
60.0,209.0,178.99561039052762,900.2633958370143
61.0,166.0,181.97764108380596,255.2850146029242
62.0,205.0,184.9596717770843,401.61475528219114
63.0,216.0,187.94170247036263,787.2680602616547
64.0,170.0,190.92373316364097,437.8026095032492
65.0,190.0,193.90576385691932,15.254991306017295
66.0,220.0,196.88779455019764,534.1740407538739
67.0,172.0,199.869825243476,776.7271591018913
68.0,193.0,202.85185593675433,97.0590653985616
69.0,204.0,205.83388663003265,3.3631401718125153
70.0,226.0,208.815917323311,295.2926974392831
71.0,242.0,211.79794801658934,912.1639440086395
72.0,192.0,214.77997870986766,518.927430022024
73.0,232.0,217.762009403146,202.72037623610265
74.0,199.0,220.74404009642436,472.80327971491016
75.0,241.0,223.72607078970267,298.3886303623632
76.0,232.0,226.70810148298102,28.004189914427663
77.0,214.0,229.69013217625937,246.18024770848953
78.0,220.0,232.6721628695377,160.58371179208962
79.0,242.0,235.65419356281603,40.26925933820547
80.0,259.0,238.63622425609438,414.6833625480789
81.0,252.0,241.6182549493727,107.78063029622447
82.0,219.0,244.60028564265104,655.3746249853252
83.0,220.0,247.5823163359294,760.7841744552774
84.0,227.0,250.5643470292077,555.2784509129302
85.0,278.0,253.54637772248606,597.9796424913262
86.0,269.0,256.52840841576443,155.54059664397545
87.0,234.0,259.51043910904275,650.7825035361778
88.0,287.0,262.4924698023211,600.619036390142
89.0,265.0,265.47450049559944,0.2251507203241172
90.0,257.0,268.45653118887776,131.2521068817289
91.0,268.0,271.43856188215614,11.823707817417153
92.0,289.0,274.42059257543445,212.55912085147693
93.0,282.0,277.4026232687128,21.135872809381226
94.0,261.0,280.38465396199115,375.7648092261391
95.0,290.0,283.36668465526947,44.00087246263756
96.0,271.0,286.3487153485478,235.58306285074636
97.0,291.0,289.33074604182616,2.7864087768790324
98.0,311.0,292.3127767351045,349.21231335205243
99.0,281.0,295.2948074283828,204.34151941454797
100.0,277.0,298.27683812166117,452.70384045537406
1.0,11.0,3.0598695885804945,63.045670950348885
2.0,27.0,6.041838609098807,439.2445288870614
3.0,7.0,9.02380762961712,4.09579732169647
4.0,-4.0,12.005776650135434,256.1848861740207
5.0,27.0,14.987745670653748,144.2942540728978
6.0,-5.0,17.969714691172058,527.6077929938455
7.0,11.0,20.95168371169037,99.03600869752346
8.0,32.0,23.933652732208685,65.0659582446044
9.0,54.0,26.915621752727,733.5635450413549
10.0,18.0,29.897590773245312,141.552666207612
11.0,25.0,32.879559793763626,62.08746254349627
12.0,16.0,35.86152881428194,394.48032684055175
13.0,19.0,38.84349783480025,393.76440631972235
14.0,35.0,41.82546685531857,46.586997793052326
15.0,67.0,44.80743587583688,492.50990240509196
16.0,53.0,47.789404896355194,27.150301334127228
17.0,60.0,50.77137391687351,85.16753938216263
18.0,47.0,53.75334293739182,45.60764083001999
19.0,29.0,56.735311957910135,769.2475294025929
20.0,51.0,59.71728097842845,75.99098765687044
21.0,85.0,62.69924999894676,497.323450609476
22.0,37.0,65.68121901946506,822.6123244425244
23.0,62.0,68.66318803998338,44.39807485617758
24.0,85.0,71.64515706050169,178.35182993866792
25.0,74.0,74.62712608102001,0.39328712149551487
26.0,85.0,77.60909510153832,54.625475218104924
27.0,52.0,80.59106412205664,817.4489476315542
28.0,113.0,83.57303314257494,865.9463784279927
29.0,77.0,86.55500216309326,91.29806633671694
30.0,92.0,89.53697118361157,6.066510950359791
31.0,74.0,92.51894020412989,342.9511462841384
32.0,123.0,95.5009092246482,756.1999934710386
33.0,90.0,98.4828782451665,71.95922332231913
34.0,115.0,101.46484726568482,183.20035954123958
35.0,99.0,104.44681628620313,29.667807655647664
36.0,126.0,107.42878530672145,344.89001518384504
37.0,107.0,110.41075432723976,11.633245080784732
38.0,142.0,113.39272334775808,818.3762774579058
39.0,128.0,116.37469236827638,135.14777753221134
40.0,117.0,119.3566613887947,5.553852901435791
41.0,152.0,122.33863040931301,879.7968459953307
42.0,111.0,125.32059942983133,205.0795680296855
43.0,113.0,128.30256845034964,234.16860117763616
44.0,148.0,131.28453747086795,279.40668756281775
45.0,155.0,134.26650649138628,429.8777530717272
46.0,151.0,137.2484755119046,189.1044257466878
47.0,165.0,140.2304445324229,613.5308780613789
48.0,165.0,143.2124135529412,474.6989231880603
49.0,173.0,146.1943825734595,718.5411256180514
50.0,122.0,149.17635159397784,738.554085959502
51.0,159.0,152.15832061449615,46.80857681402836
52.0,176.0,155.14028963501445,435.1275165110854
53.0,135.0,158.12225865553276,534.6388453333597
54.0,152.0,161.1042276760511,82.88696157737473
55.0,143.0,164.0861966965694,444.6276911264144
56.0,176.0,167.0681657170877,79.77766365740732
57.0,158.0,170.05013473760602,145.20574719445918
58.0,147.0,173.03210375812435,677.670426073752
59.0,171.0,176.01407277864266,25.14092582952529
60.0,209.0,178.99604179916096,900.2375077176961
61.0,166.0,181.97801081967927,255.29682975378782
62.0,205.0,184.9599798401976,401.6024080052864
63.0,216.0,187.9419488607159,787.2542337346812
64.0,170.0,190.92391788123422,437.810339500633
65.0,190.0,193.90588690175252,15.255952489281931
66.0,220.0,196.88785592227083,534.1712038697116
67.0,172.0,199.86982494278917,776.7271423417131
68.0,193.0,202.85179396330747,97.05784429546155
69.0,204.0,205.83376298382578,3.3626866808496216
70.0,226.0,208.81573200434408,295.29906654652416
71.0,242.0,211.79770102486242,912.1788633835965
72.0,192.0,214.77967004538073,518.913367376416
73.0,232.0,217.76163906589903,202.73092208973256
74.0,199.0,220.74360808641734,472.7844926157135
75.0,241.0,223.72557710693567,298.4056862884249
76.0,232.0,226.70754612745398,28.01006799302736
77.0,214.0,229.6895151479723,246.16088557845185
78.0,220.0,232.6714841684906,160.56651103230774
79.0,242.0,235.65345318900893,40.278656424100944
80.0,259.0,238.63542220952723,414.7160285842166
81.0,252.0,241.61739123004554,107.79856486993523
82.0,219.0,244.59936025056385,655.3272452381483
83.0,220.0,247.58132927108215,760.7297243598532
84.0,227.0,250.5632982916005,555.2290263789425
85.0,278.0,253.5452673121188,598.0339508357255
86.0,269.0,256.52723633263713,155.56983350188725
87.0,234.0,259.50920535315544,650.719557749454
88.0,287.0,262.49117437367374,600.6825335816666
89.0,265.0,265.47314339419205,0.2238646714675736
90.0,257.0,268.4551124147104,131.21960043365263
91.0,268.0,271.4370814352287,11.813528792393916
92.0,289.0,274.419050455747,212.604089612051
93.0,282.0,277.40101947626533,21.150621857690794
94.0,261.0,280.38298849678364,375.7002430664469
95.0,290.0,283.36495751730195,44.02378874720796
96.0,271.0,286.34692653782025,235.52815415725152
97.0,291.0,289.32889555833856,2.7925900549405975
98.0,311.0,292.31086457885687,349.283782789827
99.0,281.0,295.29283359937523,204.28509229942944
100.0,277.0,298.27480261989353,452.6172265154288
1.0,11.0,3.063929681107125,62.98121210641247
2.0,27.0,6.0458371805273465,439.07693946497017
3.0,7.0,9.027744679947567,4.11174848705566
4.0,-4.0,12.009652179367789,256.30896290433583
5.0,27.0,14.991559678788011,144.2026389481099
6.0,-5.0,17.97346717820823,527.7801941882109
7.0,11.0,20.955374677628456,99.10948497196587
8.0,32.0,23.937282177048676,65.00741869253694
9.0,54.0,26.919189676468896,733.3702877790688
10.0,18.0,29.90109717588912,141.636113989956
11.0,25.0,32.883004675309344,62.14176271094898
12.0,16.0,35.86491217472956,394.61473570971873
13.0,19.0,38.846819674149785,393.89625117821896
14.0,35.0,41.82872717357001,46.63151481105344
15.0,67.0,44.810634672990226,492.3679336155036
16.0,53.0,47.79254217241045,27.11761702612368
17.0,60.0,50.77444967183067,85.11077885758517
18.0,47.0,53.75635717125089,45.64836222551333
19.0,29.0,56.738264670671114,769.4113269402013
20.0,51.0,59.72017217009134,76.04140267603547
21.0,85.0,62.702079669511555,497.1972510648099
22.0,37.0,65.6839871689318,822.7711199074438
23.0,62.0,68.66589466835201,44.43415172956375
24.0,85.0,71.64780216777223,178.28118695094804
25.0,74.0,74.62970966719246,0.396534264955636
26.0,85.0,77.61161716661267,54.58820089269252
27.0,52.0,80.59352466603289,817.5896528270314
28.0,113.0,83.57543216545312,865.8051922498507
29.0,77.0,86.55733966487334,91.34274146976124
30.0,92.0,89.53924716429356,6.055304518437305
31.0,74.0,92.52115466371379,343.033170077207
32.0,123.0,95.503062163134,756.0815904044729
33.0,90.0,98.48496966255422,71.99471017446548
34.0,115.0,101.46687716197445,183.14541374908868
35.0,99.0,104.44878466139467,29.689254286249813
36.0,126.0,107.43069216081489,344.81919362642174
37.0,107.0,110.41259966023512,11.645836441036833
38.0,142.0,113.39450715965533,818.27422063901
39.0,128.0,116.37641465907555,135.10773617775376
40.0,117.0,119.35832215849578,5.561683403252201
41.0,152.0,122.340229657916,879.7019767451658
42.0,111.0,125.32213715733621,205.12361275355067
43.0,113.0,128.30404465675645,234.21378285599553
44.0,148.0,131.28595215617668,279.3593953256151
45.0,155.0,134.26785965559688,429.82164326002754
46.0,151.0,137.2497671550171,189.06890329124624
47.0,165.0,140.23167465443734,613.4699404236416
48.0,165.0,143.21358215385754,474.64800256671447
49.0,173.0,146.19548965327778,718.4817749275388
50.0,122.0,149.177397152698,738.6109159954777
51.0,159.0,152.1593046521182,46.79511284253158
52.0,176.0,155.14121215153844,435.08903050712763
53.0,135.0,158.12311965095867,534.678662392551
54.0,152.0,161.10502715037887,82.90151940913643
55.0,143.0,164.0869346497991,444.6588129248981
56.0,176.0,167.06884214921934,79.7655805555611
57.0,158.0,170.05074964863954,145.22056709418595
58.0,147.0,173.03265714805977,677.6992381884274
59.0,171.0,176.01456464748,25.14585860375622
60.0,209.0,178.9964721469002,900.2116836317354
61.0,166.0,181.97837964632043,255.30861612194713
62.0,205.0,184.96028714574066,401.59009128116685
63.0,216.0,187.94219464516087,787.2404413300395
64.0,170.0,190.9241021445811,437.81805055686334
65.0,190.0,193.90600964400133,15.256911339031394
66.0,220.0,196.88791714342153,534.1683739693483
67.0,172.0,199.86982464284176,776.72712562275
68.0,193.0,202.851732142262,97.0566262028781
69.0,204.0,205.8336396416822,3.3622343355484157
70.0,226.0,208.81554714110243,295.30542005967294
71.0,242.0,211.79745464052266,912.1937461912862
72.0,192.0,214.77936213994286,518.8993395026622
73.0,232.0,217.7612696393631,202.74144228292323
74.0,199.0,220.74317713878332,472.76575208850977
75.0,241.0,223.72508463820353,298.4227007572318
76.0,232.0,226.70699213762376,28.015932231176723
77.0,214.0,229.688899637044,246.14157182123898
78.0,220.0,232.6708071364642,160.54935348947188
79.0,242.0,235.65271463588442,40.288031493515824
80.0,259.0,238.63462213530465,414.7486155718232
81.0,252.0,241.61652963472486,107.81645682654714
82.0,219.0,244.5984371341451,655.2799837107781
83.0,220.0,247.58034463356532,760.6754101062352
84.0,227.0,250.56225213298552,555.1797255783807
85.0,278.0,253.54415963240575,598.0881280852524
86.0,269.0,256.526067131826,155.59900119971206
87.0,234.0,259.5079746312462,650.6567697883004
88.0,287.0,262.48988213066644,600.7458779686241
89.0,265.0,265.4717896300866,0.22258545505726848
90.0,257.0,268.45369712950685,131.18717793447345
91.0,268.0,271.4356046289271,11.803379166305184
92.0,289.0,274.4175121283473,212.64895252689774
93.0,282.0,277.39941962776754,21.165339761370536
94.0,261.0,280.3813271271878,375.6358412110647
95.0,290.0,283.36323462660795,44.046654621455744
96.0,271.0,286.3451421260282,235.4733868680046
97.0,291.0,289.3270496254484,2.798762955712305
98.0,311.0,292.30895712486864,349.3550837599987
99.0,281.0,295.2908646242889,204.2288117097511
100.0,277.0,298.2727721237091,452.5308338272551
0,9.97555,99.5115978025
1,24.966208,623.3115418992641
2,3.956866,15.656788541956002
3,-8.052475999999999,64.84236973057598
4,21.938182,481.28382946512403
5,-11.071159999999999,122.57058374559998
6,3.919498000000001,15.362464572004006
7,23.910156,571.6955599443361
8,44.900814,2016.0830978625957
9,7.891472,62.275330326784
10,13.88213,192.7135333369
11,3.8727880000000017,14.998486892944014
12,5.8634460000000015,34.379998994916015
13,20.854104,434.893653642816
14,51.844762,2687.8793468366443
15,36.83542,1356.8481665764
16,42.826077999999995,1834.0729568620836
17,28.816736,830.4042736936959
18,9.807393999999999,96.18497707123598
19,30.798052,948.5200069947039
20,63.788709999999995,4068.999523464099
21,14.779367999999998,218.42971847942394
22,38.770026,1503.114916040676
23,60.760684,3691.860720147856
24,48.751342,2376.6933468009643
25,58.742000000000004,3450.6225640000007
26,24.732658,611.7043717449641
27,84.723316,7178.040274035856
28,47.713974,2276.623314872676
29,61.704632000000004,3807.4616102554246
30,42.69529,1822.8877881841
31,90.685948,8223.941164658703
32,56.67660600000001,3212.237667679237
33,80.667264,6507.207481245697
34,63.657922000000006,4052.331033358085
35,89.64858000000001,8036.867896016402
36,69.639238,4849.623469220644
37,103.629896,10739.155344970817
38,88.620554,7853.602591266916
39,76.611212,5869.277804108943
40,110.60187,12232.7736474969
41,68.592528,4704.934897430784
42,69.58318600000001,4841.819773910598
43,103.57384400000001,10727.541160936338
44,109.564502,12004.380098508005
45,104.55516,10931.7814826256
46,117.545818,13817.019329289124
47,116.53647600000001,13580.750238498578
48,123.527134,15258.952834253956
49,71.51779200000001,5114.794572555266
50,107.50845000000001,11558.066821402503
51,123.499108,15252.029676795666
52,81.489766,6640.581962734756
53,97.480424,9502.433063219776
54,87.471082,7651.190186250723
55,119.46174,14271.107323827602
56,100.452398,10090.684263950405
57,88.44305600000001,7822.174154619138
58,111.43371400000001,12417.472615833798
59,148.424372,22029.794203594385
60,104.41503,10902.4984899009
61,142.405688,20279.379974753345
62,152.396346,23224.646274151713
63,105.387004,11106.420612096017
64,124.377662,15469.802804586245
65,153.36832,23521.841579622404
66,104.35897800000001,10890.796289204485
67,124.349636,15462.831973332497
68,134.340294,18047.314592006434
69,155.33095200000002,24127.70464922631
70,170.32161000000002,29009.45083299211
71,119.312268,14235.417295303825
72,158.302926,25059.81638016148
73,124.29358400000001,15448.89502356506
74,165.284242,27318.880653514567
75,155.2749,24110.29457001
76,136.265558,18568.302297051363
77,141.256216,19953.318558638653
78,162.246874,26324.048122771874
79,178.237532,31768.61781345102
80,170.22819,28977.636670676104
81,136.218848,18555.574550447105
82,136.209506,18553.02952476404
83,142.200164,20220.886641626897
84,192.19082200000003,36937.31206103569
85,182.18148000000002,33190.09165499041
86,146.17213800000002,21366.29392749105
87,198.16279600000001,39268.49371853762
88,175.153454,30678.73244813012
89,166.144112,27603.865952268545
90,176.13477,31023.4572029529
91,196.125428,38465.18350818318
92,188.116086,35387.66181195939
93,166.106744,27591.450402281534
94,194.097402,37673.8014631496
95,174.08806,30306.652634563605
96,193.078718,37279.39134452353
97,212.069376,44973.42023702938
98,181.060034,32782.73591208116
99,176.05069200000003,30993.846153678875
0,7.9688326956685795,63.50229453155656
1,20.986428759927733,440.4301920955219
2,-1.9959751758131166,3.9839169024622016
3,-15.978379111553965,255.30859903254407
4,12.039216952705187,144.94274483430397
5,-22.943186983035663,526.3898289385371
6,-9.92559091877651,98.51735508689873
7,8.092005145482641,65.48054727451755
8,27.109601209741793,734.9304777512338
9,-11.872802725999055,140.9634445704906
10,-7.855206661739899,61.70427169864289
11,-19.837610597480747,393.53079421728046
12,-19.820014533221595,392.83297609711525
13,-6.802418468962443,46.27289702688135
14,22.21517759529671,493.5141155905728
15,5.2327736595558605,27.381920172141633
16,9.250369723815012,85.56934002727343
17,-6.732034211925836,45.32028463053991
18,-27.714438147666684,768.0900818408423
19,-8.696842083407532,75.63506222372826
20,22.32075398085162,498.2160582737034
21,-28.661649954889228,821.4901781366017
22,-6.644053890630076,44.14345210159665
23,13.373542173629076,178.8516302698355
24,-0.608861762111772,0.37071264536185206
25,7.40873430214738,54.88934395981522
26,-28.573669633593468,816.4545963297414
27,29.443926430665684,866.9448036544533
28,-9.538477505075164,90.98255311482492
29,2.4791185591839877,6.146028830490491
30,-18.50328537655686,342.37156972630294
31,27.51431068770229,757.0372926194085
32,-8.468093248038556,71.70860325747618
33,13.549502816220595,183.58902656676986
34,-5.432901119520253,29.516414574484415
35,18.5846949447389,345.3908861890036
36,-3.3977089910019487,11.54442638753548
37,28.619887073257203,819.0979360859948
38,11.637483137516355,135.4310137759775
39,-2.344920798224493,5.498653549945793
40,29.67267526603466,880.467657443545
41,-14.309728669706189,204.76833460061127
42,-15.292132605447051,233.84931962257681
43,16.7254634588121,279.74112791205886
44,20.743059523071253,430.274518377677
45,13.760655587330405,189.3556421931275
46,24.778251651589557,613.9617549095005
47,21.79584771584871,475.0589776524674
48,26.81344378010786,718.9607673490049
49,-27.168960155632988,738.1523959383728
50,6.848635908626164,46.90381380892373
51,20.866231972885316,435.3996367462614
52,-23.11617196285553,534.3574062163082
53,-9.09857589859638,82.78408338251892
54,-21.080979834337228,444.4077107757329
55,8.936616229921924,79.86310964090394
56,-12.045787705818924,145.10100145365834
57,-26.028191641559772,677.466760129762
58,-5.01059557730062,25.106068039264535
59,30.007000486958532,900.4200782243296
60,-15.975403448782316,255.2135153513659
61,20.042192615476836,401.6894848358742
62,28.059788679735988,787.3517407514399
63,-20.92261525600486,437.7558291508073
64,-3.9050191917457084,15.249174887902306
65,23.112576872513444,534.1912096878433
66,-27.869827063227405,776.7272605342026
67,-9.852230998968253,97.06645565703097
68,-1.8346349347091007,3.365885343655066
69,17.18296112955005,295.25415317962796
70,30.200557193809203,912.0736548165409
71,-22.781846741931645,519.0125409728615
72,14.235749322327507,202.65655876814807
73,-21.74665461341334,472.91698687509177
74,17.27094145084581,298.285418598544
75,5.288537515104963,27.968629048672575
76,-15.693866420635885,246.2974432287626
77,-12.676270356376733,160.6878301479555
78,6.341325707882419,40.21241173345046
79,20.35892177214157,414.48569572418006
80,10.376517836400723,107.67212240914233
81,-25.605886099340125,655.6614029323798
82,-27.588290035080973,761.1137470597481
83,-23.57069397082182,555.5776142661362
84,24.44690209343733,597.6510219661105
85,12.464498157696482,155.363714323219
86,-25.517905778044337,651.1635152971486
87,24.499690286214786,600.2348241204471
88,-0.4827136495260902,0.23301246743879703
89,-11.46511758526691,131.44892124399655
90,-3.4475215210077295,11.88540463781145
91,14.570074543251394,212.2870721959023
92,4.587670607510518,21.04672160301592
93,-19.394733328230302,376.1556808731672
94,6.622862736028878,43.86231082027992
95,-15.359541199711998,235.9155058656503
96,1.6580548645471254,2.749145933848386
97,18.675650928806306,348.7799376146238
98,-14.306753006934514,204.68318160142977
99,-21.28915694267539,453.2282033298638
0,7.964702020215112,63.43647827081869
1,20.982360675089648,440.25945949954854
2,-1.999980670035816,3.9999226805169115
3,-15.98232201516128,255.43461699630893
4,12.035336639713256,144.84932803122436
5,-22.947004705412212,526.5650249502102
6,-9.929346050537674,98.59191299132812
7,8.08831260433686,65.42080078547451
8,27.105971259211394,734.7336779051941
9,-11.876370085914068,141.04816641759453
10,-7.858711431039531,61.75934535635139
11,-19.841052776165,393.6673752665649
12,-19.823394121290463,392.96695448801324
13,-6.805735466415925,46.318035238831584
14,22.211923188458606,493.3695317299851
15,5.229581843333143,27.348526256119676
16,9.247240498207681,85.51145683169224
17,-6.735100846917788,45.36158341815271
18,-27.71744219204325,768.2566016692593
19,-8.699783537168713,75.68623359359177
20,22.317875117705817,498.08754976951246
21,-28.664466227419638,821.651624102881
22,-6.646807572545114,44.18005090644308
23,13.370851082329423,178.7796586658299
24,-0.611490262796039,0.37392034149436887
25,7.406168392078499,54.85133025182262
26,-28.576172953046964,816.5976606424529
27,29.441485701827574,866.8010803309174
28,-9.540855643297903,91.02792640624943
29,2.476803011576635,6.134553158155089
30,-18.505538333548827,342.4549490144451
31,27.51212032132571,756.9167645751031
32,-8.470221023799752,71.74464419201932
33,13.547437631074786,183.5330663678612
34,-5.434903714050677,29.53817838100184
35,18.582754940823847,345.3187811907131
36,-3.3995864043016155,11.557187720312387
37,28.618072250572922,818.9940593390119
38,11.63573090544746,135.39023370398516
39,-2.3466104396780025,5.5065805556057885
40,29.671048215196535,880.3711021885175
41,-14.311293129928941,204.8131110507513
42,-15.293634475054375,233.89525545657173
43,16.724024179820162,279.69298476720945
44,20.74168283469467,430.2174068150676
45,13.75934148956921,189.31947822658063
46,24.777000144443747,613.8997361577655
47,21.794658799318285,475.0071521787019
48,26.812317454192822,718.900367264413
49,-27.17002389093264,738.2101982338504
50,6.8476347639418975,46.89010186034561
51,20.865293418816435,435.36046945330446
52,-23.117047926309027,534.3979048272685
53,-9.09938927143449,82.79888511309709
54,-21.081730616559952,444.43936578920125
55,8.935928038314586,79.85080990593676
56,-12.046413306810877,145.11607355851015
57,-26.028754651936367,677.4960687306991
58,-5.01109599706183,25.111083091769093
59,30.006562657812708,900.39380253724
60,-15.975778687312754,255.22550466599643
61,20.041879967561783,401.6769526341543
62,28.05953862243632,787.3377077039956
63,-20.92280272268914,437.76367377256815
64,-3.9051440678146037,15.25015019038759
65,23.112514587059934,534.1883305370583
66,-27.86982675806553,776.7272435245853
67,-9.85216810319099,97.06521633353397
68,-1.834509448316453,3.3654249159623366
69,17.183149206558085,295.26061665483775
70,30.200807861432594,912.0887954831687
71,-22.78153348369287,518.9982678686193
72,14.23612517118167,202.6672598895523
73,-21.746216173943793,472.89791788389465
74,17.271442480930745,298.30272537209913
75,5.289101135805282,27.974590824776726
76,-15.69324020932018,246.2777882674237
77,-12.675581554445642,160.6703677434026
78,6.342077100428895,40.22194194778458
79,20.359735755303433,414.51884002578106
80,10.37739441017797,107.69031474439299
81,-25.604946934947492,655.613307541477
82,-27.587288280072954,761.0584746478506
83,-23.569629625198445,555.5274406690322
84,24.448029029676093,597.7061234358849
85,12.46568768455063,155.39336944875726
86,-25.516653660574832,651.099614033727
87,24.501004994299706,600.2992457306991
88,-0.48133635082575665,0.23168468262625588
89,-11.463677695951276,131.41590631665076
90,-3.446019041076738,11.875047231463443
91,14.5716396137978,212.33268103440128
92,4.589298268672337,21.06165859883891
93,-19.393043076453125,376.0901197651665
94,6.6246155784214125,43.885531561863665
95,-15.35772576670405,235.8597407252855
96,1.6599328881704878,2.755377193230017
97,18.677591543045025,348.85242584882707
98,-14.304749802080437,204.6258669001203
99,-21.2870911472059,453.1402495094518
0,7.960581502669665,63.370857860646424
1,20.978302594240517,440.0891797355184
2,-2.0039763141886304,4.015921067829049
3,-15.986255222617778,255.5603560426742
4,12.031465868953074,144.75617095578275
5,-22.950813039476074,526.739819172985
6,-9.933091947905222,98.66631564553956
7,8.08462914366563,65.36122839060766
8,27.102350235236482,734.537388273423
9,-11.879928673192666,141.13270528014525
10,-7.86220758162181,61.81430805651147
11,-19.84448649005096,393.8036440538151
12,-19.826765398480113,393.1006261663683
13,-6.809044306909257,46.36308437345337
14,22.2086767846616,493.22532452556703
15,5.226397876232447,27.315234760687034
16,9.244118967803296,85.45373549090067
17,-6.738159940625849,45.40279938545494
18,-27.720438849054993,768.4227299841973
19,-8.702717757484145,75.73729636642986
20,22.315003334086704,497.95937380030074
21,-28.66727557434244,821.8126888552907
22,-6.649554482771592,44.21657481934777
23,13.368166608799257,178.70787848061542
24,-0.6141122996298947,0.3771339165567175
25,7.403608791940954,54.81342314410539
26,-28.578670116488183,816.7403856270547
27,29.439050975082665,866.6577223135156
28,-9.543227933346486,91.07319938780465
29,2.4744931582243765,6.123116390099249
30,-18.507785750204775,342.5381333754829
31,27.509935341366074,756.7965424861421
32,-8.472343567063078,71.78060551835512
33,13.54537752450777,183.47725228144026
34,-5.4369013839213665,29.55989665848607
35,18.580819707649482,345.24686100817536
36,-3.4014592007796693,11.569924694568668
37,28.616261890791193,818.8904446023483
38,11.633982982362042,135.3495600338896
39,-2.3482959260671095,5.514493756383383
40,29.66942516550374,880.2747896514265
41,-14.312853742925412,204.857782266374
42,-15.29513265135455,233.94108282253205
43,16.722588440216327,279.64496414085676
44,20.740309531787176,430.160439474342
45,13.758030623358025,189.2834066332572
46,24.775751714928873,613.837873039801
47,21.79347280649972,474.9554569676429
48,26.81119389807057,718.8401182399366
49,-27.17108501035858,738.2678606401328
50,6.846636081212267,46.87642562855767
51,20.864357172783116,435.32140023346625
52,-23.117921735646007,534.4383053754541
53,-9.100200644075159,82.81365176242593
54,-21.08247955250431,444.47094408176235
55,8.935241539066539,79.83854136146016
56,-12.047037369362613,145.13110937881927
57,-26.029316277791764,677.5253058893153
58,-5.011595186220916,25.116086310552657
59,30.00612590534996,900.367591847714
60,-15.97615300307919,255.23746477779622
61,20.04156808849166,401.66445144564716
62,28.059289180062507,787.3237092903729
63,-20.922989728366645,437.7714991733361
64,-3.905268636795796,15.251123125540895
65,23.112452454775053,534.1854584742373
66,-27.8698264536541,776.7272265567979
67,-9.85210536208325,97.06398006558953
68,-1.8343842705123734,3.3649656519032125
69,17.183336821058475,295.26706430594396
70,30.201057912629324,912.1038990419903
71,-22.781220995799828,518.9840300594709
72,14.23650009577102,202.67793497688828
73,-21.74577881265813,472.87889616905125
74,17.271942278912718,298.3199900860927
75,5.289663370483595,27.980538573035865
76,-15.692615537945557,246.2581824217703
77,-12.674894446374708,160.65294922674042
78,6.342826645196141,40.231449851010126
79,20.36054773676699,414.55190414116737
80,10.378268828337838,107.70846387324883
81,-25.604010080091314,655.5653321814176
82,-27.586288988520465,761.0033401581654
83,-23.568567896949617,555.4773927131241
84,24.44915319462126,597.761091934059
85,12.46687428619208,155.4229544677173
86,-25.515404622237043,651.0358730364754
87,24.502316469333834,600.363512363388
88,-0.4799624390953454,0.23036394294235316
89,-11.462241347524468,131.38297670889955
90,-3.4445202559536483,11.864719793674986
91,14.573200835617229,212.3781825952347
92,4.590921927188049,21.07656414153603
93,-19.391356981241074,376.02472557392696
94,6.626364110329746,43.908701322666126
95,-15.355914798099377,235.80411928648743
96,1.6618062934714999,2.7616001570214848
97,18.67952738504232,348.92474332854596
98,-14.302751523386803,204.56870113974352
99,-21.285030431815983,453.0525204833325
0,7.956471118052519,63.30543265240391
1,20.974254492779128,439.91935152786544
2,-2.007962132494262,4.0319119255309035
3,-15.990178757767653,255.6858167053639
4,12.027604616958955,144.66327282189238
5,-22.954612008314434,526.9142124522532
6,-9.936828633587826,98.7405632932909
7,8.080954741138783,65.30182952833337
8,27.09873811586539,734.3416074722558
9,-11.883478509408,141.2170614835618
10,-7.8656951346813955,61.869159951750575
11,-19.847911759954783,393.9396012309514
12,-19.83012838522818,393.23399177463233
13,-6.812345010501566,46.408044542105586
14,22.20543836422504,493.0814929473972
15,5.223221738951651,27.282045334257106
16,9.241005113678263,85.3961755110278
17,-6.741211511595132,45.44393264406273
18,-27.72342813686852,768.5884676601131
19,-8.705644762141915,75.78825072460897
20,22.312138612584697,497.831529467193
21,-28.67007801268869,821.9733732536555
22,-6.652294637962086,44.25302395025912
23,13.365488736764533,178.63628917257958
24,-0.6167278885088621,0.38035328846459937
25,7.401055486217743,54.77562231007375
26,-28.581161139055638,816.8827720566642
27,29.436622235670967,866.5147286455984
28,-9.545594389602428,91.11837225080934
29,2.472188985124177,6.111718378169308
30,-18.510027640149204,342.6211232390875
31,27.5077557345774,756.6766255531759
32,-8.474460890695994,71.81648738793594
33,13.543322484030625,183.42158390644946
34,-5.43889414124277,29.581569479644926
35,18.578889233483835,345.17512515006155
36,-3.40332739178956,11.582637335705128
37,28.61445598293706,818.7870911994424
38,11.632239357663664,135.30899247397957
39,-2.349977267609731,5.5223931582824966
40,29.66780610711689,880.1787192094821
41,-14.314410518156507,204.90234848230963
42,-15.296627143429902,233.98680196511643
43,16.721156231296703,279.59706571143255
44,20.738939606023308,430.10361598228224
45,13.756722980749913,189.2474271690928
46,24.774506355476547,613.7761651575478
47,21.79228973020315,474.90389168511774
48,26.810073104929756,718.7800198916779
49,-27.17214352034364,738.3253834901528
50,6.845639854382966,46.862785015916444
51,20.86342322910957,435.28242883694884
52,-23.118793396163824,534.478608094508
53,-9.10101002143719,82.82838341030016
54,-21.083226646710585,444.5024458365673
55,8.93455672801602,79.82630392613632
56,-12.047659897257375,145.1461089999836
57,-26.02987652253077,677.5544717781986
58,-5.0120931478041655,25.12107772226547
59,30.00569022692244,900.3414459940288
60,-15.976526398350927,255.24939575720404
61,20.041256976375678,401.6519811931268
62,28.059040351102283,787.3097454247861
63,-20.923176274171112,437.77930540003695
64,-3.9053928994445073,15.252093699031576
65,23.112390475282098,534.1825934819107
66,-27.869826149991297,776.7272096307387
67,-9.852042775264664,97.06274684564467
68,-1.834259400538059,3.3645075484622398
69,17.183523974188546,295.27349617151253
70,30.20130734891515,912.1189655836363
71,-22.780909276358244,518.9698274576651
72,14.23687409836836,202.68858409279193
73,-21.745342526905034,472.8599216124246
74,17.2724408478216,298.3372128414961
75,5.290224222548204,27.986472324835752
76,-15.691992402725191,246.2386255671851
77,-12.674209027998586,160.63557448540087
78,6.343574346728019,40.240935492465816
79,20.361357721454624,414.58488826103985
80,10.379141096181229,107.72656989443809
81,-25.603075529092138,655.5174765483966
82,-27.585292154365533,760.9483432417006
83,-23.567508779638928,555.4274700783579
84,24.450274595087677,597.8159277751898
85,12.468057969814254,155.45246953864873
86,-25.51415865545914,650.9722918959407
87,24.503624719267464,600.4276243826955
88,-0.4785919060059314,0.22905021249439025
89,-11.460808531279326,131.35013219064498
90,-3.4430251565527215,11.854422228654892
91,14.574758218173884,212.42357711822714
92,4.592541592900545,21.091438282521477
93,-19.38967503237285,375.95949786102307
94,6.628108342353755,43.93182019797945
95,-15.35410828291964,235.7486411636215
96,1.6636750918069652,2.767814811098914
97,18.68145846653357,348.99689043681883
98,-14.300758158739825,204.51168391476367
99,-21.28297478401322,452.96501565694257
0,7.952370841445392,63.24020199987089
1,20.970216346164776,439.7499736049564
2,-2.0119381491158403,4.047895115867673
3,-15.994092644396456,255.81099951753683
4,12.023752860322928,144.57063284612377
5,-22.958401634957685,527.0882056320277
6,-9.940556130238303,98.8146561784183
7,8.077289374481083,65.242603639105
8,27.09513487920047,734.1463341220658
9,-11.88701961608015,141.30123535307425
10,-7.8691741113607705,61.92390119491057
11,-19.85132860664138,394.0752474488584
12,-19.833483101922,393.3670519542255
13,-6.815637597202617,46.45291585640186
14,22.202207907516772,492.9380359686003
15,5.220053412236155,27.248957626598322
16,9.237898916955537,85.33877639988827
17,-6.744255578325074,45.48498330576888
18,-27.72641007360569,768.7538155697432
19,-8.70856456888631,75.839096850462
20,22.30928093583308,497.7040158739253
21,-28.672873559447538,822.1336781560657
22,-6.655028054728149,44.28939840921873
23,13.36281744999124,178.5648902017904
24,-0.6193370452893845,0.3835783756677851
25,7.398508459430005,54.73792742425734
26,-28.583646035850606,817.024820702798
27,29.43419946886877,866.3720983731546
28,-9.547955026411842,91.16344518638316
29,2.4698904783075477,6.100358974834287
30,-18.512264016973077,342.70391903411615
31,27.505581487746312,756.5570129790526
32,-8.476573007534299,71.85228995205907
33,13.541272497185076,183.36606084302096
34,-5.440881998095534,29.603196917200055
35,18.576963506623855,345.10357312643447
36,-3.40519098865677,11.59532566922927
37,28.61265451606262,818.6839984555586
38,11.630500020782009,135.2685307334103
39,-2.3516544744986163,5.530278767429364
40,29.666191030220773,880.0828902415515
41,-14.315963465059838,204.9468099329281
42,-15.298117960340448,234.03241312849102
43,16.719727544378912,279.5492891582629
44,20.7375730490983,430.04693596668824
45,13.755418553817691,189.21153959071196
46,24.77326405853708,613.714612114005
47,21.79110956325647,474.8524559978476
48,26.80895506797586,718.7200718367485
49,-27.17319942730478,738.3827671160768
50,6.844646077414609,46.84917992506719
51,20.862491582134,435.24355501461196
52,-23.119662913146612,534.5188132175269
53,-9.101817408427223,82.84308013634886
54,-21.083971903707834,444.5338712363413
55,8.933873601011527,79.81409751885067
56,-12.048280894269084,145.16107250720944
57,-26.030435389549694,677.5835665695212
58,-5.012589884830305,25.126057353503093
59,30.005255619889084,900.3153648148855
60,-15.976898875391527,255.26129767448703
61,20.040946629327834,401.6395417995667
62,28.058792134047223,787.2958160216704
63,-20.923362361233387,437.787092499478
64,-3.905516856513998,15.25306191651498
65,23.11232864820539,534.1797355426556
66,-27.869825847075248,776.7271927463036
67,-9.851980342355859,97.06151666616626
68,-1.8341348376364692,3.364050602631757
69,17.18371066708292,295.27991229001935
70,30.20155617180231,912.1339951985302
71,-22.7805983234783,518.9556599756623
72,14.23724718124106,202.6992072997565
73,-21.74490731403955,472.8409940961708
74,17.272938190679838,298.3543937390461
75,5.290783695399227,27.992392111502305
76,-15.691370799881383,246.21911757937013
77,-12.673525295161994,160.6182434071109
78,6.344320209557367,40.25039892139803
79,20.362165714276756,414.6177925756678
80,10.380011218996145,107.74463290648585
81,-25.602143276284465,655.4697403393978
82,-27.584297771565076,760.89348355037
83,-23.566452266845687,555.3776724455162
84,24.451393237873674,597.8706312731344
85,12.469238742593063,155.48191481978384
86,-25.512915752687547,650.9088702037324
87,24.504929752031785,600.4915821520126
88,-0.4772247432488257,0.2277434555689076
89,-11.459379238529436,131.3173725324395
90,-3.441533733810047,11.844154440952524
91,14.576311770909342,212.46886484275024
92,4.594157275628731,21.106281073212408
93,-19.38799721965188,375.894436189229
94,6.62984828506751,43.9548882830126
95,-15.3523062102131,235.69330597214773
96,1.6655392945062886,2.7740211415445053
97,18.683384799225678,349.0688675559371
98,-14.29876969605499,204.4548148208205
99,-21.2809241913356,452.8777344373728
0,7.948280647991272,63.17516525923255
1,20.9661881299171,439.5810446990767
2,-2.0159043881570717,4.063870502190937
3,-15.997996906231243,255.93590501178443
4,12.019910575694585,144.47825024769452
5,-22.962181942379587,527.2617995549432
6,-9.944274460453759,98.8885945448329
7,8.07363302147207,65.18355016540421
8,27.091540503397898,733.9515668472488
9,-11.890552014676274,141.385227213722
10,-7.872644532750449,61.97853193904554
11,-19.854737050824617,394.2105833573878
12,-19.836829568898786,393.4998073455372
13,-6.818922086972961,46.497698428207684
14,22.198985394952864,492.79495256533056
15,5.2168928768786955,27.21597128882767
16,9.234800358804527,85.28153766697622
17,-6.747292159269648,45.52595148254167
18,-27.729384677343823,768.9187745841105
19,-8.711477195417991,75.88983492628772
20,22.30643028650784,497.57683212683423
21,-28.67566223156635,822.2936044188808
22,-6.657754749640517,44.32569830636087
23,13.360152732285314,178.49368102999074
24,-0.6219397857888538,0.38680909714708533
25,7.395967696136978,54.70033816230172
26,-28.586124821937204,817.1665323353743
27,29.431782659988627,866.2298305448072
28,-9.55030985808554,91.20841838544587
29,2.467597623840277,6.08903803318218
30,-18.51449489423389,342.7865211886128
31,27.50341258769194,756.4377039688114
32,-8.478679930382228,71.88801336186638
33,13.539227551543604,183.31068269247743
34,-5.442864966530578,29.624779043885916
35,18.575042515395253,345.0322044487412
36,-3.407050002678915,11.607989720754393
37,28.610857479246903,818.5811656977785
38,11.628764961172735,135.2281745221987
39,-2.3533275569014336,5.5381505900716705
40,29.664579925024398,879.9873021281605
41,-14.31751259304977,204.99116685213875
42,-15.299605111123952,234.07791655633017
43,16.718302370801865,279.50163416155925
44,20.73620985272771,429.9903990563618
45,13.754117334653529,189.17574365541668
46,24.772024816579375,613.6532135132244
47,21.789932298505192,474.8011495734398
48,26.80783978043101,718.6602736932593
49,-27.174252737643144,738.440011849306
50,6.843654744282674,46.835610258942744
51,20.86156222620852,435.20477851797017
52,-23.120530291865663,534.5589209770777
53,-9.102622809939845,82.85774202003716
54,-21.084715328014,444.56522046338847
55,8.933192153911818,79.80192205871167
56,-12.048900364162364,145.17599998551194
57,-26.030992882236518,677.6125904350482
58,-5.0130854003107,25.131025230808294
59,30.004822081615117,900.2893481493782
60,-15.977270436459037,255.27317059974794
61,20.04063704546678,401.6271331881355
62,28.058544527392627,787.2819209956747
63,-20.923547990681556,437.79486051835414
64,-3.905640508755738,15.254027783633779
65,23.112266973170108,534.1768846390897
66,-27.869825544904074,776.7271759033877
67,-9.851918062978228,97.06028951963668
68,-1.8340105810524108,3.3635948114122014
69,17.183896900873407,295.2863126998467
70,30.201804382799253,912.1489879768721
71,-22.78028813527493,518.9415275261478
72,14.237619346650888,202.70980466012767
73,-21.744473171423266,472.82211350274616
74,17.27343431050255,298.3715328792468
75,5.291341792428369,27.998297964299066
76,-15.690750725645785,246.19965833435373
77,-12.672843243719967,160.6009558798988
78,6.345064238205879,40.25984018695915
79,20.362971720131696,414.65061727488325
80,10.380879202057514,107.76265300771026
81,-25.60121331601664,655.4221232521877
82,-27.583305834090822,760.8387607369888
83,-23.565398352164976,555.3279994962198
84,24.45250912976084,597.9252027410373
85,12.470416611686687,155.51129046903128
86,-25.511675906387495,650.8456075525522
87,24.506231575538322,600.5553860339115
88,-0.47586094253580313,0.22644363663106293
89,-11.457953460609986,131.28469750550434
90,-3.440045978684168,11.833916335461115
91,14.57786150324165,212.5140460076949
92,4.595768985167467,21.12109256502721
93,-19.38632353290666,375.8295401225305
94,6.631583949019159,43.97790567288855
95,-15.350508569055023,235.6381133286317
96,1.6673989128707944,2.780219134642707
97,18.685306394796612,349.14067506742714
98,-14.296786123277514,204.39809345474046
99,-21.278878641351696,452.7906762333734
0,7.9442005128942785,63.110321789069715
1,20.96216981961594,439.4125635464174
2,-2.0198608736623953,4.079837948952215
3,-16.001891566940735,256.060533720129
4,12.016077739780929,144.38612424845877
5,-22.965952953497407,527.4349950622562
6,-9.947983646775747,98.96237863651768
7,8.069985659945917,65.12466855173274
8,27.08795496666758,733.7573042762109
9,-11.894075726610758,141.46903739035125
10,-7.876106419889098,62.03305233741826
11,-19.85813711316743,394.3456096053577
12,-19.84016780644577,393.63225858792714
13,-6.822198499724109,46.54239236963789
14,22.195770806997558,492.65224171676505
15,5.2137401137192185,27.18308597340489
16,9.231709420440879,85.22445882345687
17,-6.7503212728374535,45.56683728652186
18,-27.732351966115793,769.0833455725265
19,-8.714382659394133,75.94046513434915
20,22.303586647327535,497.4499773348471
21,-28.678444045950812,822.4531528967316
22,-6.660474739229144,44.361923751909536
23,13.357494567492523,178.42266112059227
24,-0.6245361257858235,0.39004537241156595
25,7.393433180935844,54.66285420096311
26,-28.58859751234249,817.3079077227151
27,29.429371794379165,866.0879242118
28,-9.552658898899168,91.25329203871746
29,2.4653104078225,6.077755406917941
30,-18.516720285455847,342.86893012981204
31,27.50124902126582,756.3186977296742
32,-8.480781672012512,71.92365776834333
33,13.537187634709142,183.2554490573221
34,-5.444843058569191,29.646315932449102
35,18.573126248152477,344.9610186298105
36,-3.40890444512587,11.620629515998916
37,28.609064861595797,818.4785922549954
38,11.627034168317465,135.18792355122181
39,-2.3549965249608817,5.546008632577829
40,29.662972781760786,879.8919542514813
41,-14.319057911517547,205.03541947339323
42,-15.301088604795893,234.12331249181474
43,16.71688070192576,279.4541004024179
44,20.73485000864744,429.93400488110683
45,13.752819315369095,189.14003912118926
46,24.77078862209075,613.5919689603005
47,21.78875792881243,474.74997208038656
48,26.806727235534083,718.6006250803248
49,-27.175303457744263,738.4971180204873
50,6.842665848977418,46.822075920761854
51,20.86063515569907,435.16609909918805
52,-23.121395537579275,534.5989316051908
53,-9.103426230857593,82.87236914066608
54,-21.08545692413594,444.59649369959226
55,8.932512382585713,79.7897774650471
56,-12.049518310692605,145.19089151971636
57,-26.03154900397095,677.6415435461411
58,-5.013579697249298,25.135981380670366
59,30.004389609472383,900.2633958370143
60,-15.977641083805963,255.2850146029242
61,20.04032822291569,401.61475528219114
62,28.058297529637372,787.2680602616547
63,-20.923733163640975,437.8026095032492
64,-3.9057638569193216,15.254991306017295
65,23.11220544980236,534.1740407538739
66,-27.869825243475987,776.7271591018913
67,-9.851855936754333,97.0590653985616
68,-1.8338866300326515,3.3631401718125153
69,17.184082676689002,295.2926974392831
70,30.202051983410655,912.1639440086395
71,-22.779978709867663,518.927430022024
72,14.23799059685399,202.72037623610265
73,-21.744040096424357,472.80327971491016
74,17.273929210297325,298.3886303623632
75,5.2918985170189785,28.004189914427663
76,-15.690132176259368,246.18024770848953
77,-12.672162869537686,160.58371179208962
78,6.345806437183967,40.26925933820547
79,20.36377574390562,414.6833625480789
80,10.381745050627302,107.78063029622447
81,-25.600285642651045,655.3746249853252
82,-27.58231633592939,760.7841744552774
83,-23.56434702920771,555.2784509129302
84,24.453622277513944,597.9796424913262
85,12.471591584235568,155.54059664397545
86,-25.51043910904275,650.7825035361778
87,24.507530197678875,600.619036390142
88,-0.4745004955994432,0.2251507203241172
89,-11.456531188877761,131.2521068817289
90,-3.4385618821561366,11.823707817417153
91,14.579407424565545,212.55912085147693
92,4.597376731287227,21.135872809381226
93,-19.384653961991148,375.7648092261391
94,6.6333153447305335,44.00087246263756
95,-15.348715348547785,235.58306285074636
96,1.6692539581738401,2.7864087768790324
97,18.687223264895522,349.21231335205243
98,-14.294807428382796,204.34151941454797
99,-21.27683812166117,452.70384045537406
0,7.9401304114195055,63.045670950348885
1,20.958161390901193,439.2445288870614
2,-2.023807629617121,4.09579732169647
3,-16.005776650135434,256.1848861740207
4,12.012254329346252,144.2942540728978
5,-22.969714691172058,527.6077929938455
6,-9.951683711690372,99.03600869752346
7,8.066347267791315,65.0659582446044
8,27.084378247273,733.5635450413549
9,-11.897590773245312,141.552666207612
10,-7.879559793763626,62.08746254349627
11,-19.86152881428194,394.48032684055175
12,-19.843497834800253,393.76440631972235
13,-6.825466855318567,46.586997793052326
14,22.19256412416312,492.50990240509196
15,5.210595103644806,27.150301334127228
16,9.228626083126493,85.16753938216263
17,-6.753342937391821,45.60764083001999
18,-27.735311957910135,769.2475294025929
19,-8.717280978428448,75.99098765687044
20,22.30075000105324,497.323450609476
21,-28.68121901946506,822.6123244425244
22,-6.663188039983382,44.39807485617758
23,13.354842939498312,178.35182993866792
24,-0.627126081020009,0.39328712149551487
25,7.3909048984616845,54.625475218104924
26,-28.591064122056636,817.4489476315542
27,29.426966857425057,865.9463784279927
28,-9.555002163093263,91.29806633671694
29,2.46302881638843,6.066510950359791
30,-18.51894020412989,342.9511462841384
31,27.499090775351803,756.1999934710386
32,-8.482878245166503,71.95922332231913
33,13.535152734315176,183.20035954123958
34,-5.446816286203131,29.667807655647664
35,18.57121469327855,344.89001518384504
36,-3.410754327239758,11.633245080784732
37,28.60727665224192,818.3762774579058
38,11.625307631723615,135.14777753221134
39,-2.3566613887947057,5.553852901435791
40,29.661369590686988,879.7968459953307
41,-14.320599429831333,205.0795680296855
42,-15.30256845034964,234.16860117763616
43,16.715462529132054,279.40668756281775
44,20.73349350861372,429.8777530717272
45,13.751524488095413,189.1044257466878
46,24.769555467577106,613.5308780613789
47,21.7875864470588,474.6989231880603
48,26.805617426540493,718.5411256180514
49,-27.17635159397784,738.554085959502
50,6.841679385503852,46.80857681402836
51,20.859710364985546,435.1275165110854
52,-23.12225865553276,534.6388453333597
53,-9.104227676051096,82.88696157737473
54,-21.086196696569402,444.6276911264144
55,8.931834282912291,79.77766365740732
56,-12.050134737606015,145.20574719445918
57,-26.03210375812435,677.670426073752
58,-5.014072778642657,25.14092582952529
59,30.003958200839037,900.2375077176961
60,-15.97801081967927,255.29682975378782
61,20.040020159802395,401.6024080052864
62,28.05805113928409,787.2542337346812
63,-20.923917881234217,437.810339500633
64,-3.905886901752524,15.255952489281931
65,23.11214407772917,534.1712038697116
66,-27.869824942789165,776.7271423417131
67,-9.851793963307472,97.05784429546155
68,-1.8337629838257783,3.3626866808496216
69,17.184267995655915,295.29906654652416
70,30.20229897513758,912.1788633835965
71,-22.779670045380726,518.913367376416
72,14.238360934100967,202.73092208973256
73,-21.74360808641734,472.7844926157135
74,17.274422893064326,298.4056862884249
75,5.2924538725460195,28.01006799302736
76,-15.689515147972287,246.16088557845185
77,-12.671484168490593,160.56651103230774
78,6.346546810991072,40.278656424100944
79,20.364577790472765,414.7160285842166
80,10.382608769954459,107.79856486993523
81,-25.599360250563848,655.3272452381483
82,-27.581329271082154,760.7297243598532
83,-23.56329829160049,555.2290263789425
84,24.454732687881204,598.0339508357255
85,12.47276366736287,155.56983350188725
86,-25.509205353155437,650.719557749454
87,24.508825626326256,600.6825335816666
88,-0.47314339419205,0.2238646714675736
89,-11.455112414710413,131.21960043365263
90,-3.43708143522872,11.813528792393916
91,14.580949544252974,212.604089612051
92,4.598980523734667,21.150621857690794
93,-19.38298849678364,375.7002430664469
94,6.635042482698054,44.02378874720796
95,-15.346926537820252,235.52815415725152
96,1.6711044416614413,2.7925900549405975
97,18.689135421143135,349.283782789827
98,-14.292833599375228,204.28509229942944
99,-21.274802619893535,452.6172265154288
0,7.936070318892876,62.98121210641247
1,20.954162819472653,439.07693946497017
2,-2.027744679947567,4.11174848705566
3,-16.00965217936779,256.30896290433583
4,12.008440321211989,144.2026389481099
5,-22.97346717820823,527.7801941882109
6,-9.955374677628456,99.10948497196587
7,8.062717822951324,65.00741869253694
8,27.080810323531104,733.3702877790688
9,-11.90109717588912,141.636113989956
10,-7.883004675309344,62.14176271094898
11,-19.86491217472956,394.61473570971873
12,-19.846819674149785,393.89625117821896
13,-6.828727173570009,46.63151481105344
14,22.189365327009774,492.3679336155036
15,5.2074578275895504,27.11761702612368
16,9.225550328169327,85.11077885758517
17,-6.75635717125089,45.64836222551333
18,-27.738264670671114,769.4113269402013
19,-8.720172170091338,76.04140267603547
20,22.297920330488445,497.1972510648099
21,-28.683987168931793,822.7711199074438
22,-6.66589466835201,44.43415172956375
23,13.352197832227773,178.28118695094804
24,-0.6297096671924578,0.396534264955636
25,7.388382833387325,54.58820089269252
26,-28.59352466603289,817.5896528270314
27,29.424567834546878,865.8051922498507
28,-9.55733966487334,91.34274146976124
29,2.460752835706444,6.055304518437305
30,-18.521154663713787,343.033170077207
31,27.496937836865996,756.0815904044729
32,-8.48496966255422,71.99471017446548
33,13.533122838025548,183.14541374908868
34,-5.448784661394669,29.689254286249813
35,18.569307839185115,344.81919362642174
36,-3.4125996602351165,11.645836441036833
37,28.605492840344667,818.27422063901
38,11.62358534092445,135.10773617775376
39,-2.358322158495781,5.561683403252201
40,29.659770342084002,879.7019767451658
41,-14.322137157336215,205.12361275355067
42,-15.304044656756446,234.21378285599553
43,16.714047843823323,279.3593953256151
44,20.73214034440312,429.82164326002754
45,13.75023284498289,189.06890329124624
46,24.76832534556266,613.4699404236416
47,21.786417846142456,474.64800256671447
48,26.804510346722225,718.4817749275388
49,-27.177397152698006,738.6109159954777
50,6.840695347881791,46.79511284253158
51,20.85878784846156,435.08903050712763
52,-23.12311965095867,534.678662392551
53,-9.105027150378874,82.90151940913643
54,-21.086934649799105,444.6588129248981
55,8.931157850780664,79.7655805555611
56,-12.050749648639538,145.22056709418595
57,-26.03265714805977,677.6992381884274
58,-5.01456464748,25.14585860375622
59,30.003527853099797,900.2116836317354
60,-15.978379646320434,255.30861612194713
61,20.039712854259335,401.59009128116685
62,28.057805354839132,787.2404413300395
63,-20.9241021445811,437.81805055686334
64,-3.9060096440013297,15.256911339031394
65,23.112082856578468,534.1683739693483
66,-27.869824642841763,776.72712562275
67,-9.851732142261994,97.0566262028781
68,-1.833639641682197,3.3622343355484157
69,17.184452858897572,295.30542005967294
70,30.20254535947734,912.1937461912862
71,-22.77936213994286,518.8993395026622
72,14.238730360636907,202.74144228292323
73,-21.743177138783324,472.76575208850977
74,17.274915361796474,298.4227007572318
75,5.293007862376243,28.015932231176723
76,-15.688899637043988,246.14157182123898
77,-12.670807136464191,160.54935348947188
78,6.347285364115578,40.288031493515824
79,20.365377864695347,414.7486155718232
80,10.383470365275144,107.81645682654714
81,-25.598437134145087,655.2799837107781
82,-27.580344633565318,760.6754101062352
83,-23.56225213298552,555.1797255783807
84,24.45584036759425,598.0881280852524
85,12.473932868174018,155.59900119971206
86,-25.507974631246213,650.6567697883004
87,24.510117869333556,600.7458779686241
88,-0.47178963008661867,0.22258545505726848
89,-11.45369712950685,131.18717793447345
90,-3.4356046289270807,11.803379166305184
91,14.582487871652688,212.64895252689774
92,4.600580372232457,21.165339761370536
93,-19.381327127187774,375.6358412110647
94,6.636765373392052,44.046654621455744
95,-15.345142126028179,235.4733868680046
96,1.67295037455159,2.798762955712305
97,18.69104287513136,349.3550837599987
98,-14.290864624288872,204.2288117097511
99,-21.272772123709103,452.5308338272551
0,9.97555,99.5115978025
1,24.966208,623.3115418992641
2,3.956866,15.656788541956002
3,-8.052475999999999,64.84236973057598
4,21.938182,481.28382946512403
5,-11.071159999999999,122.57058374559998
6,3.919498000000001,15.362464572004006
7,23.910156,571.6955599443361
8,44.900814,2016.0830978625957
9,7.891472,62.275330326784
10,13.88213,192.7135333369
11,3.8727880000000017,14.998486892944014
12,5.8634460000000015,34.379998994916015
13,20.854104,434.893653642816
14,51.844762,2687.8793468366443
15,36.83542,1356.8481665764
16,42.826077999999995,1834.0729568620836
17,28.816736,830.4042736936959
18,9.807393999999999,96.18497707123598
19,30.798052,948.5200069947039
20,63.788709999999995,4068.999523464099
21,14.779367999999998,218.42971847942394
22,38.770026,1503.114916040676
23,60.760684,3691.860720147856
24,48.751342,2376.6933468009643
25,58.742000000000004,3450.6225640000007
26,24.732658,611.7043717449641
27,84.723316,7178.040274035856
28,47.713974,2276.623314872676
29,61.704632000000004,3807.4616102554246
30,42.69529,1822.8877881841
31,90.685948,8223.941164658703
32,56.67660600000001,3212.237667679237
33,80.667264,6507.207481245697
34,63.657922000000006,4052.331033358085
35,89.64858000000001,8036.867896016402
36,69.639238,4849.623469220644
37,103.629896,10739.155344970817
38,88.620554,7853.602591266916
39,76.611212,5869.277804108943
40,110.60187,12232.7736474969
41,68.592528,4704.934897430784
42,69.58318600000001,4841.819773910598
43,103.57384400000001,10727.541160936338
44,109.564502,12004.380098508005
45,104.55516,10931.7814826256
46,117.545818,13817.019329289124
47,116.53647600000001,13580.750238498578
48,123.527134,15258.952834253956
49,71.51779200000001,5114.794572555266
50,107.50845000000001,11558.066821402503
51,123.499108,15252.029676795666
52,81.489766,6640.581962734756
53,97.480424,9502.433063219776
54,87.471082,7651.190186250723
55,119.46174,14271.107323827602
56,100.452398,10090.684263950405
57,88.44305600000001,7822.174154619138
58,111.43371400000001,12417.472615833798
59,148.424372,22029.794203594385
60,104.41503,10902.4984899009
61,142.405688,20279.379974753345
62,152.396346,23224.646274151713
63,105.387004,11106.420612096017
64,124.377662,15469.802804586245
65,153.36832,23521.841579622404
66,104.35897800000001,10890.796289204485
67,124.349636,15462.831973332497
68,134.340294,18047.314592006434
69,155.33095200000002,24127.70464922631
70,170.32161000000002,29009.45083299211
71,119.312268,14235.417295303825
72,158.302926,25059.81638016148
73,124.29358400000001,15448.89502356506
74,165.284242,27318.880653514567
75,155.2749,24110.29457001
76,136.265558,18568.302297051363
77,141.256216,19953.318558638653
78,162.246874,26324.048122771874
79,178.237532,31768.61781345102
80,170.22819,28977.636670676104
81,136.218848,18555.574550447105
82,136.209506,18553.02952476404
83,142.200164,20220.886641626897
84,192.19082200000003,36937.31206103569
85,182.18148000000002,33190.09165499041
86,146.17213800000002,21366.29392749105
87,198.16279600000001,39268.49371853762
88,175.153454,30678.73244813012
89,166.144112,27603.865952268545
90,176.13477,31023.4572029529
91,196.125428,38465.18350818318
92,188.116086,35387.66181195939
93,166.106744,27591.450402281534
94,194.097402,37673.8014631496
95,174.08806,30306.652634563605
96,193.078718,37279.39134452353
97,212.069376,44973.42023702938
98,181.060034,32782.73591208116
99,176.05069200000003,30993.846153678875
0,7.9688326956685795,63.50229453155656
1,20.986428759927733,440.4301920955219
2,-1.9959751758131166,3.9839169024622016
3,-15.978379111553965,255.30859903254407
4,12.039216952705187,144.94274483430397
5,-22.943186983035663,526.3898289385371
6,-9.92559091877651,98.51735508689873
7,8.092005145482641,65.48054727451755
8,27.109601209741793,734.9304777512338
9,-11.872802725999055,140.9634445704906
10,-7.855206661739899,61.70427169864289
11,-19.837610597480747,393.53079421728046
12,-19.820014533221595,392.83297609711525
13,-6.802418468962443,46.27289702688135
14,22.21517759529671,493.5141155905728
15,5.2327736595558605,27.381920172141633
16,9.250369723815012,85.56934002727343
17,-6.732034211925836,45.32028463053991
18,-27.714438147666684,768.0900818408423
19,-8.696842083407532,75.63506222372826
20,22.32075398085162,498.2160582737034
21,-28.661649954889228,821.4901781366017
22,-6.644053890630076,44.14345210159665
23,13.373542173629076,178.8516302698355
24,-0.608861762111772,0.37071264536185206
25,7.40873430214738,54.88934395981522
26,-28.573669633593468,816.4545963297414
27,29.443926430665684,866.9448036544533
28,-9.538477505075164,90.98255311482492
29,2.4791185591839877,6.146028830490491
30,-18.50328537655686,342.37156972630294
31,27.51431068770229,757.0372926194085
32,-8.468093248038556,71.70860325747618
33,13.549502816220595,183.58902656676986
34,-5.432901119520253,29.516414574484415
35,18.5846949447389,345.3908861890036
36,-3.3977089910019487,11.54442638753548
37,28.619887073257203,819.0979360859948
38,11.637483137516355,135.4310137759775
39,-2.344920798224493,5.498653549945793
40,29.67267526603466,880.467657443545
41,-14.309728669706189,204.76833460061127
42,-15.292132605447051,233.84931962257681
43,16.7254634588121,279.74112791205886
44,20.743059523071253,430.274518377677
45,13.760655587330405,189.3556421931275
46,24.778251651589557,613.9617549095005
47,21.79584771584871,475.0589776524674
48,26.81344378010786,718.9607673490049
49,-27.168960155632988,738.1523959383728
50,6.848635908626164,46.90381380892373
51,20.866231972885316,435.3996367462614
52,-23.11617196285553,534.3574062163082
53,-9.09857589859638,82.78408338251892
54,-21.080979834337228,444.4077107757329
55,8.936616229921924,79.86310964090394
56,-12.045787705818924,145.10100145365834
57,-26.028191641559772,677.466760129762
58,-5.01059557730062,25.106068039264535
59,30.007000486958532,900.4200782243296
60,-15.975403448782316,255.2135153513659
61,20.042192615476836,401.6894848358742
62,28.059788679735988,787.3517407514399
63,-20.92261525600486,437.7558291508073
64,-3.9050191917457084,15.249174887902306
65,23.112576872513444,534.1912096878433
66,-27.869827063227405,776.7272605342026
67,-9.852230998968253,97.06645565703097
68,-1.8346349347091007,3.365885343655066
69,17.18296112955005,295.25415317962796
70,30.200557193809203,912.0736548165409
71,-22.781846741931645,519.0125409728615
72,14.235749322327507,202.65655876814807
73,-21.74665461341334,472.91698687509177
74,17.27094145084581,298.285418598544
75,5.288537515104963,27.968629048672575
76,-15.693866420635885,246.2974432287626
77,-12.676270356376733,160.6878301479555
78,6.341325707882419,40.21241173345046
79,20.35892177214157,414.48569572418006
80,10.376517836400723,107.67212240914233
81,-25.605886099340125,655.6614029323798
82,-27.588290035080973,761.1137470597481
83,-23.57069397082182,555.5776142661362
84,24.44690209343733,597.6510219661105
85,12.464498157696482,155.363714323219
86,-25.517905778044337,651.1635152971486
87,24.499690286214786,600.2348241204471
88,-0.4827136495260902,0.23301246743879703
89,-11.46511758526691,131.44892124399655
90,-3.4475215210077295,11.88540463781145
91,14.570074543251394,212.2870721959023
92,4.587670607510518,21.04672160301592
93,-19.394733328230302,376.1556808731672
94,6.622862736028878,43.86231082027992
95,-15.359541199711998,235.9155058656503
96,1.6580548645471254,2.749145933848386
97,18.675650928806306,348.7799376146238
98,-14.306753006934514,204.68318160142977
99,-21.28915694267539,453.2282033298638
0,7.964702020215112,63.43647827081869
1,20.982360675089648,440.25945949954854
2,-1.999980670035816,3.9999226805169115
3,-15.98232201516128,255.43461699630893
4,12.035336639713256,144.84932803122436
5,-22.947004705412212,526.5650249502102
6,-9.929346050537674,98.59191299132812
7,8.08831260433686,65.42080078547451
8,27.105971259211394,734.7336779051941
9,-11.876370085914068,141.04816641759453
10,-7.858711431039531,61.75934535635139
11,-19.841052776165,393.6673752665649
12,-19.823394121290463,392.96695448801324
13,-6.805735466415925,46.318035238831584
14,22.211923188458606,493.3695317299851
15,5.229581843333143,27.348526256119676
16,9.247240498207681,85.51145683169224
17,-6.735100846917788,45.36158341815271
18,-27.71744219204325,768.2566016692593
19,-8.699783537168713,75.68623359359177
20,22.317875117705817,498.08754976951246
21,-28.664466227419638,821.651624102881
22,-6.646807572545114,44.18005090644308
23,13.370851082329423,178.7796586658299
24,-0.611490262796039,0.37392034149436887
25,7.406168392078499,54.85133025182262
26,-28.576172953046964,816.5976606424529
27,29.441485701827574,866.8010803309174
28,-9.540855643297903,91.02792640624943
29,2.476803011576635,6.134553158155089
30,-18.505538333548827,342.4549490144451
31,27.51212032132571,756.9167645751031
32,-8.470221023799752,71.74464419201932
33,13.547437631074786,183.5330663678612
34,-5.434903714050677,29.53817838100184
35,18.582754940823847,345.3187811907131
36,-3.3995864043016155,11.557187720312387
37,28.618072250572922,818.9940593390119
38,11.63573090544746,135.39023370398516
39,-2.3466104396780025,5.5065805556057885
40,29.671048215196535,880.3711021885175
41,-14.311293129928941,204.8131110507513
42,-15.293634475054375,233.89525545657173
43,16.724024179820162,279.69298476720945
44,20.74168283469467,430.2174068150676
45,13.75934148956921,189.31947822658063
46,24.777000144443747,613.8997361577655
47,21.794658799318285,475.0071521787019
48,26.812317454192822,718.900367264413
49,-27.17002389093264,738.2101982338504
50,6.8476347639418975,46.89010186034561
51,20.865293418816435,435.36046945330446
52,-23.117047926309027,534.3979048272685
53,-9.09938927143449,82.79888511309709
54,-21.081730616559952,444.43936578920125
55,8.935928038314586,79.85080990593676
56,-12.046413306810877,145.11607355851015
57,-26.028754651936367,677.4960687306991
58,-5.01109599706183,25.111083091769093
59,30.006562657812708,900.39380253724
60,-15.975778687312754,255.22550466599643
61,20.041879967561783,401.6769526341543
62,28.05953862243632,787.3377077039956
63,-20.92280272268914,437.76367377256815
64,-3.9051440678146037,15.25015019038759
65,23.112514587059934,534.1883305370583
66,-27.86982675806553,776.7272435245853
67,-9.85216810319099,97.06521633353397
68,-1.834509448316453,3.3654249159623366
69,17.183149206558085,295.26061665483775
70,30.200807861432594,912.0887954831687
71,-22.78153348369287,518.9982678686193
72,14.23612517118167,202.6672598895523
73,-21.746216173943793,472.89791788389465
74,17.271442480930745,298.30272537209913
75,5.289101135805282,27.974590824776726
76,-15.69324020932018,246.2777882674237
77,-12.675581554445642,160.6703677434026
78,6.342077100428895,40.22194194778458
79,20.359735755303433,414.51884002578106
80,10.37739441017797,107.69031474439299
81,-25.604946934947492,655.613307541477
82,-27.587288280072954,761.0584746478506
83,-23.569629625198445,555.5274406690322
84,24.448029029676093,597.7061234358849
85,12.46568768455063,155.39336944875726
86,-25.516653660574832,651.099614033727
87,24.501004994299706,600.2992457306991
88,-0.48133635082575665,0.23168468262625588
89,-11.463677695951276,131.41590631665076
90,-3.446019041076738,11.875047231463443
91,14.5716396137978,212.33268103440128
92,4.589298268672337,21.06165859883891
93,-19.393043076453125,376.0901197651665
94,6.6246155784214125,43.885531561863665
95,-15.35772576670405,235.8597407252855
96,1.6599328881704878,2.755377193230017
97,18.677591543045025,348.85242584882707
98,-14.304749802080437,204.6258669001203
99,-21.2870911472059,453.1402495094518
0,7.960581502669665,63.370857860646424
1,20.978302594240517,440.0891797355184
2,-2.0039763141886304,4.015921067829049
3,-15.986255222617778,255.5603560426742
4,12.031465868953074,144.75617095578275
5,-22.950813039476074,526.739819172985
6,-9.933091947905222,98.66631564553956
7,8.08462914366563,65.36122839060766
8,27.102350235236482,734.537388273423
9,-11.879928673192666,141.13270528014525
10,-7.86220758162181,61.81430805651147
11,-19.84448649005096,393.8036440538151
12,-19.826765398480113,393.1006261663683
13,-6.809044306909257,46.36308437345337
14,22.2086767846616,493.22532452556703
15,5.226397876232447,27.315234760687034
16,9.244118967803296,85.45373549090067
17,-6.738159940625849,45.40279938545494
18,-27.720438849054993,768.4227299841973
19,-8.702717757484145,75.73729636642986
20,22.315003334086704,497.95937380030074
21,-28.66727557434244,821.8126888552907
22,-6.649554482771592,44.21657481934777
23,13.368166608799257,178.70787848061542
24,-0.6141122996298947,0.3771339165567175
25,7.403608791940954,54.81342314410539
26,-28.578670116488183,816.7403856270547
27,29.439050975082665,866.6577223135156
28,-9.543227933346486,91.07319938780465
29,2.4744931582243765,6.123116390099249
30,-18.507785750204775,342.5381333754829
31,27.509935341366074,756.7965424861421
32,-8.472343567063078,71.78060551835512
33,13.54537752450777,183.47725228144026
34,-5.4369013839213665,29.55989665848607
35,18.580819707649482,345.24686100817536
36,-3.4014592007796693,11.569924694568668
37,28.616261890791193,818.8904446023483
38,11.633982982362042,135.3495600338896
39,-2.3482959260671095,5.514493756383383
40,29.66942516550374,880.2747896514265
41,-14.312853742925412,204.857782266374
42,-15.29513265135455,233.94108282253205
43,16.722588440216327,279.64496414085676
44,20.740309531787176,430.160439474342
45,13.758030623358025,189.2834066332572
46,24.775751714928873,613.837873039801
47,21.79347280649972,474.9554569676429
48,26.81119389807057,718.8401182399366
49,-27.17108501035858,738.2678606401328
50,6.846636081212267,46.87642562855767
51,20.864357172783116,435.32140023346625
52,-23.117921735646007,534.4383053754541
53,-9.100200644075159,82.81365176242593
54,-21.08247955250431,444.47094408176235
55,8.935241539066539,79.83854136146016
56,-12.047037369362613,145.13110937881927
57,-26.029316277791764,677.5253058893153
58,-5.011595186220916,25.116086310552657
59,30.00612590534996,900.367591847714
60,-15.97615300307919,255.23746477779622
61,20.04156808849166,401.66445144564716
62,28.059289180062507,787.3237092903729
63,-20.922989728366645,437.7714991733361
64,-3.905268636795796,15.251123125540895
65,23.112452454775053,534.1854584742373
66,-27.8698264536541,776.7272265567979
67,-9.85210536208325,97.06398006558953
68,-1.8343842705123734,3.3649656519032125
69,17.183336821058475,295.26706430594396
70,30.201057912629324,912.1038990419903
71,-22.781220995799828,518.9840300594709
72,14.23650009577102,202.67793497688828
73,-21.74577881265813,472.87889616905125
74,17.271942278912718,298.3199900860927
75,5.289663370483595,27.980538573035865
76,-15.692615537945557,246.2581824217703
77,-12.674894446374708,160.65294922674042
78,6.342826645196141,40.231449851010126
79,20.36054773676699,414.55190414116737
80,10.378268828337838,107.70846387324883
81,-25.604010080091314,655.5653321814176
82,-27.586288988520465,761.0033401581654
83,-23.568567896949617,555.4773927131241
84,24.44915319462126,597.761091934059
85,12.46687428619208,155.4229544677173
86,-25.515404622237043,651.0358730364754
87,24.502316469333834,600.363512363388
88,-0.4799624390953454,0.23036394294235316
89,-11.462241347524468,131.38297670889955
90,-3.4445202559536483,11.864719793674986
91,14.573200835617229,212.3781825952347
92,4.590921927188049,21.07656414153603
93,-19.391356981241074,376.02472557392696
94,6.626364110329746,43.908701322666126
95,-15.355914798099377,235.80411928648743
96,1.6618062934714999,2.7616001570214848
97,18.67952738504232,348.92474332854596
98,-14.302751523386803,204.56870113974352
99,-21.285030431815983,453.0525204833325
0,7.956471118052519,63.30543265240391
1,20.974254492779128,439.91935152786544
2,-2.007962132494262,4.0319119255309035
3,-15.990178757767653,255.6858167053639
4,12.027604616958955,144.66327282189238
5,-22.954612008314434,526.9142124522532
6,-9.936828633587826,98.7405632932909
7,8.080954741138783,65.30182952833337
8,27.09873811586539,734.3416074722558
9,-11.883478509408,141.2170614835618
10,-7.8656951346813955,61.869159951750575
11,-19.847911759954783,393.9396012309514
12,-19.83012838522818,393.23399177463233
13,-6.812345010501566,46.408044542105586
14,22.20543836422504,493.0814929473972
15,5.223221738951651,27.282045334257106
16,9.241005113678263,85.3961755110278
17,-6.741211511595132,45.44393264406273
18,-27.72342813686852,768.5884676601131
19,-8.705644762141915,75.78825072460897
20,22.312138612584697,497.831529467193
21,-28.67007801268869,821.9733732536555
22,-6.652294637962086,44.25302395025912
23,13.365488736764533,178.63628917257958
24,-0.6167278885088621,0.38035328846459937
25,7.401055486217743,54.77562231007375
26,-28.581161139055638,816.8827720566642
27,29.436622235670967,866.5147286455984
28,-9.545594389602428,91.11837225080934
29,2.472188985124177,6.111718378169308
30,-18.510027640149204,342.6211232390875
31,27.5077557345774,756.6766255531759
32,-8.474460890695994,71.81648738793594
33,13.543322484030625,183.42158390644946
34,-5.43889414124277,29.581569479644926
35,18.578889233483835,345.17512515006155
36,-3.40332739178956,11.582637335705128
37,28.61445598293706,818.7870911994424
38,11.632239357663664,135.30899247397957
39,-2.349977267609731,5.5223931582824966
40,29.66780610711689,880.1787192094821
41,-14.314410518156507,204.90234848230963
42,-15.296627143429902,233.98680196511643
43,16.721156231296703,279.59706571143255
44,20.738939606023308,430.10361598228224
45,13.756722980749913,189.2474271690928
46,24.774506355476547,613.7761651575478
47,21.79228973020315,474.90389168511774
48,26.810073104929756,718.7800198916779
49,-27.17214352034364,738.3253834901528
50,6.845639854382966,46.862785015916444
51,20.86342322910957,435.28242883694884
52,-23.118793396163824,534.478608094508
53,-9.10101002143719,82.82838341030016
54,-21.083226646710585,444.5024458365673
55,8.93455672801602,79.82630392613632
56,-12.047659897257375,145.1461089999836
57,-26.02987652253077,677.5544717781986
58,-5.0120931478041655,25.12107772226547
59,30.00569022692244,900.3414459940288
60,-15.976526398350927,255.24939575720404
61,20.041256976375678,401.6519811931268
62,28.059040351102283,787.3097454247861
63,-20.923176274171112,437.77930540003695
64,-3.9053928994445073,15.252093699031576
65,23.112390475282098,534.1825934819107
66,-27.869826149991297,776.7272096307387
67,-9.852042775264664,97.06274684564467
68,-1.834259400538059,3.3645075484622398
69,17.183523974188546,295.27349617151253
70,30.20130734891515,912.1189655836363
71,-22.780909276358244,518.9698274576651
72,14.23687409836836,202.68858409279193
73,-21.745342526905034,472.8599216124246
74,17.2724408478216,298.3372128414961
75,5.290224222548204,27.986472324835752
76,-15.691992402725191,246.2386255671851
77,-12.674209027998586,160.63557448540087
78,6.343574346728019,40.240935492465816
79,20.361357721454624,414.58488826103985
80,10.379141096181229,107.72656989443809
81,-25.603075529092138,655.5174765483966
82,-27.585292154365533,760.9483432417006
83,-23.567508779638928,555.4274700783579
84,24.450274595087677,597.8159277751898
85,12.468057969814254,155.45246953864873
86,-25.51415865545914,650.9722918959407
87,24.503624719267464,600.4276243826955
88,-0.4785919060059314,0.22905021249439025
89,-11.460808531279326,131.35013219064498
90,-3.4430251565527215,11.854422228654892
91,14.574758218173884,212.42357711822714
92,4.592541592900545,21.091438282521477
93,-19.38967503237285,375.95949786102307
94,6.628108342353755,43.93182019797945
95,-15.35410828291964,235.7486411636215
96,1.6636750918069652,2.767814811098914
97,18.68145846653357,348.99689043681883
98,-14.300758158739825,204.51168391476367
99,-21.28297478401322,452.96501565694257
0,7.952370841445392,63.24020199987089
1,20.970216346164776,439.7499736049564
2,-2.0119381491158403,4.047895115867673
3,-15.994092644396456,255.81099951753683
4,12.023752860322928,144.57063284612377
5,-22.958401634957685,527.0882056320277
6,-9.940556130238303,98.8146561784183
7,8.077289374481083,65.242603639105
8,27.09513487920047,734.1463341220658
9,-11.88701961608015,141.30123535307425
10,-7.8691741113607705,61.92390119491057
11,-19.85132860664138,394.0752474488584
12,-19.833483101922,393.3670519542255
13,-6.815637597202617,46.45291585640186
14,22.202207907516772,492.9380359686003
15,5.220053412236155,27.248957626598322
16,9.237898916955537,85.33877639988827
17,-6.744255578325074,45.48498330576888
18,-27.72641007360569,768.7538155697432
19,-8.70856456888631,75.839096850462
20,22.30928093583308,497.7040158739253
21,-28.672873559447538,822.1336781560657
22,-6.655028054728149,44.28939840921873
23,13.36281744999124,178.5648902017904
24,-0.6193370452893845,0.3835783756677851
25,7.398508459430005,54.73792742425734
26,-28.583646035850606,817.024820702798
27,29.43419946886877,866.3720983731546
28,-9.547955026411842,91.16344518638316
29,2.4698904783075477,6.100358974834287
30,-18.512264016973077,342.70391903411615
31,27.505581487746312,756.5570129790526
32,-8.476573007534299,71.85228995205907
33,13.541272497185076,183.36606084302096
34,-5.440881998095534,29.603196917200055
35,18.576963506623855,345.10357312643447
36,-3.40519098865677,11.59532566922927
37,28.61265451606262,818.6839984555586
38,11.630500020782009,135.2685307334103
39,-2.3516544744986163,5.530278767429364
40,29.666191030220773,880.0828902415515
41,-14.315963465059838,204.9468099329281
42,-15.298117960340448,234.03241312849102
43,16.719727544378912,279.5492891582629
44,20.7375730490983,430.04693596668824
45,13.755418553817691,189.21153959071196
46,24.77326405853708,613.714612114005
47,21.79110956325647,474.8524559978476
48,26.80895506797586,718.7200718367485
49,-27.17319942730478,738.3827671160768
50,6.844646077414609,46.84917992506719
51,20.862491582134,435.24355501461196
52,-23.119662913146612,534.5188132175269
53,-9.101817408427223,82.84308013634886
54,-21.083971903707834,444.5338712363413
55,8.933873601011527,79.81409751885067
56,-12.048280894269084,145.16107250720944
57,-26.030435389549694,677.5835665695212
58,-5.012589884830305,25.126057353503093
59,30.005255619889084,900.3153648148855
60,-15.976898875391527,255.26129767448703
61,20.040946629327834,401.6395417995667
62,28.058792134047223,787.2958160216704
63,-20.923362361233387,437.787092499478
64,-3.905516856513998,15.25306191651498
65,23.11232864820539,534.1797355426556
66,-27.869825847075248,776.7271927463036
67,-9.851980342355859,97.06151666616626
68,-1.8341348376364692,3.364050602631757
69,17.18371066708292,295.27991229001935
70,30.20155617180231,912.1339951985302
71,-22.7805983234783,518.9556599756623
72,14.23724718124106,202.6992072997565
73,-21.74490731403955,472.8409940961708
74,17.272938190679838,298.3543937390461
75,5.290783695399227,27.992392111502305
76,-15.691370799881383,246.21911757937013
77,-12.673525295161994,160.6182434071109
78,6.344320209557367,40.25039892139803
79,20.362165714276756,414.6177925756678
80,10.380011218996145,107.74463290648585
81,-25.602143276284465,655.4697403393978
82,-27.584297771565076,760.89348355037
83,-23.566452266845687,555.3776724455162
84,24.451393237873674,597.8706312731344
85,12.469238742593063,155.48191481978384
86,-25.512915752687547,650.9088702037324
87,24.504929752031785,600.4915821520126
88,-0.4772247432488257,0.2277434555689076
89,-11.459379238529436,131.3173725324395
90,-3.441533733810047,11.844154440952524
91,14.576311770909342,212.46886484275024
92,4.594157275628731,21.106281073212408
93,-19.38799721965188,375.894436189229
94,6.62984828506751,43.9548882830126
95,-15.3523062102131,235.69330597214773
96,1.6655392945062886,2.7740211415445053
97,18.683384799225678,349.0688675559371
98,-14.29876969605499,204.4548148208205
99,-21.2809241913356,452.8777344373728
0,7.948280647991272,63.17516525923255
1,20.9661881299171,439.5810446990767
2,-2.0159043881570717,4.063870502190937
3,-15.997996906231243,255.93590501178443
4,12.019910575694585,144.47825024769452
5,-22.962181942379587,527.2617995549432
6,-9.944274460453759,98.8885945448329
7,8.07363302147207,65.18355016540421
8,27.091540503397898,733.9515668472488
9,-11.890552014676274,141.385227213722
10,-7.872644532750449,61.97853193904554
11,-19.854737050824617,394.2105833573878
12,-19.836829568898786,393.4998073455372
13,-6.818922086972961,46.497698428207684
14,22.198985394952864,492.79495256533056
15,5.2168928768786955,27.21597128882767
16,9.234800358804527,85.28153766697622
17,-6.747292159269648,45.52595148254167
18,-27.729384677343823,768.9187745841105
19,-8.711477195417991,75.88983492628772
20,22.30643028650784,497.57683212683423
21,-28.67566223156635,822.2936044188808
22,-6.657754749640517,44.32569830636087
23,13.360152732285314,178.49368102999074
24,-0.6219397857888538,0.38680909714708533
25,7.395967696136978,54.70033816230172
26,-28.586124821937204,817.1665323353743
27,29.431782659988627,866.2298305448072
28,-9.55030985808554,91.20841838544587
29,2.467597623840277,6.08903803318218
30,-18.51449489423389,342.7865211886128
31,27.50341258769194,756.4377039688114
32,-8.478679930382228,71.88801336186638
33,13.539227551543604,183.31068269247743
34,-5.442864966530578,29.624779043885916
35,18.575042515395253,345.0322044487412
36,-3.407050002678915,11.607989720754393
37,28.610857479246903,818.5811656977785
38,11.628764961172735,135.2281745221987
39,-2.3533275569014336,5.5381505900716705
40,29.664579925024398,879.9873021281605
41,-14.31751259304977,204.99116685213875
42,-15.299605111123952,234.07791655633017
43,16.718302370801865,279.50163416155925
44,20.73620985272771,429.9903990563618
45,13.754117334653529,189.17574365541668
46,24.772024816579375,613.6532135132244
47,21.789932298505192,474.8011495734398
48,26.80783978043101,718.6602736932593
49,-27.174252737643144,738.440011849306
50,6.843654744282674,46.835610258942744
51,20.86156222620852,435.20477851797017
52,-23.120530291865663,534.5589209770777
53,-9.102622809939845,82.85774202003716
54,-21.084715328014,444.56522046338847
55,8.933192153911818,79.80192205871167
56,-12.048900364162364,145.17599998551194
57,-26.030992882236518,677.6125904350482
58,-5.0130854003107,25.131025230808294
59,30.004822081615117,900.2893481493782
60,-15.977270436459037,255.27317059974794
61,20.04063704546678,401.6271331881355
62,28.058544527392627,787.2819209956747
63,-20.923547990681556,437.79486051835414
64,-3.905640508755738,15.254027783633779
65,23.112266973170108,534.1768846390897
66,-27.869825544904074,776.7271759033877
67,-9.851918062978228,97.06028951963668
68,-1.8340105810524108,3.3635948114122014
69,17.183896900873407,295.2863126998467
70,30.201804382799253,912.1489879768721
71,-22.78028813527493,518.9415275261478
72,14.237619346650888,202.70980466012767
73,-21.744473171423266,472.82211350274616
74,17.27343431050255,298.3715328792468
75,5.291341792428369,27.998297964299066
76,-15.690750725645785,246.19965833435373
77,-12.672843243719967,160.6009558798988
78,6.345064238205879,40.25984018695915
79,20.362971720131696,414.65061727488325
80,10.380879202057514,107.76265300771026
81,-25.60121331601664,655.4221232521877
82,-27.583305834090822,760.8387607369888
83,-23.565398352164976,555.3279994962198
84,24.45250912976084,597.9252027410373
85,12.470416611686687,155.51129046903128
86,-25.511675906387495,650.8456075525522
87,24.506231575538322,600.5553860339115
88,-0.47586094253580313,0.22644363663106293
89,-11.457953460609986,131.28469750550434
90,-3.440045978684168,11.833916335461115
91,14.57786150324165,212.5140460076949
92,4.595768985167467,21.12109256502721
93,-19.38632353290666,375.8295401225305
94,6.631583949019159,43.97790567288855
95,-15.350508569055023,235.6381133286317
96,1.6673989128707944,2.780219134642707
97,18.685306394796612,349.14067506742714
98,-14.296786123277514,204.39809345474046
99,-21.278878641351696,452.7906762333734
0,7.9442005128942785,63.110321789069715
1,20.96216981961594,439.4125635464174
2,-2.0198608736623953,4.079837948952215
3,-16.001891566940735,256.060533720129
4,12.016077739780929,144.38612424845877
5,-22.965952953497407,527.4349950622562
6,-9.947983646775747,98.96237863651768
7,8.069985659945917,65.12466855173274
8,27.08795496666758,733.7573042762109
9,-11.894075726610758,141.46903739035125
10,-7.876106419889098,62.03305233741826
11,-19.85813711316743,394.3456096053577
12,-19.84016780644577,393.63225858792714
13,-6.822198499724109,46.54239236963789
14,22.195770806997558,492.65224171676505
15,5.2137401137192185,27.18308597340489
16,9.231709420440879,85.22445882345687
17,-6.7503212728374535,45.56683728652186
18,-27.732351966115793,769.0833455725265
19,-8.714382659394133,75.94046513434915
20,22.303586647327535,497.4499773348471
21,-28.678444045950812,822.4531528967316
22,-6.660474739229144,44.361923751909536
23,13.357494567492523,178.42266112059227
24,-0.6245361257858235,0.39004537241156595
25,7.393433180935844,54.66285420096311
26,-28.58859751234249,817.3079077227151
27,29.429371794379165,866.0879242118
28,-9.552658898899168,91.25329203871746
29,2.4653104078225,6.077755406917941
30,-18.516720285455847,342.86893012981204
31,27.50124902126582,756.3186977296742
32,-8.480781672012512,71.92365776834333
33,13.537187634709142,183.2554490573221
34,-5.444843058569191,29.646315932449102
35,18.573126248152477,344.9610186298105
36,-3.40890444512587,11.620629515998916
37,28.609064861595797,818.4785922549954
38,11.627034168317465,135.18792355122181
39,-2.3549965249608817,5.546008632577829
40,29.662972781760786,879.8919542514813
41,-14.319057911517547,205.03541947339323
42,-15.301088604795893,234.12331249181474
43,16.71688070192576,279.4541004024179
44,20.73485000864744,429.93400488110683
45,13.752819315369095,189.14003912118926
46,24.77078862209075,613.5919689603005
47,21.78875792881243,474.74997208038656
48,26.806727235534083,718.6006250803248
49,-27.175303457744263,738.4971180204873
50,6.842665848977418,46.822075920761854
51,20.86063515569907,435.16609909918805
52,-23.121395537579275,534.5989316051908
53,-9.103426230857593,82.87236914066608
54,-21.08545692413594,444.59649369959226
55,8.932512382585713,79.7897774650471
56,-12.049518310692605,145.19089151971636
57,-26.03154900397095,677.6415435461411
58,-5.013579697249298,25.135981380670366
59,30.004389609472383,900.2633958370143
60,-15.977641083805963,255.2850146029242
61,20.04032822291569,401.61475528219114
62,28.058297529637372,787.2680602616547
63,-20.923733163640975,437.8026095032492
64,-3.9057638569193216,15.254991306017295
65,23.11220544980236,534.1740407538739
66,-27.869825243475987,776.7271591018913
67,-9.851855936754333,97.0590653985616
68,-1.8338866300326515,3.3631401718125153
69,17.184082676689002,295.2926974392831
70,30.202051983410655,912.1639440086395
71,-22.779978709867663,518.927430022024
72,14.23799059685399,202.72037623610265
73,-21.744040096424357,472.80327971491016
74,17.273929210297325,298.3886303623632
75,5.2918985170189785,28.004189914427663
76,-15.690132176259368,246.18024770848953
77,-12.672162869537686,160.58371179208962
78,6.345806437183967,40.26925933820547
79,20.36377574390562,414.6833625480789
80,10.381745050627302,107.78063029622447
81,-25.600285642651045,655.3746249853252
82,-27.58231633592939,760.7841744552774
83,-23.56434702920771,555.2784509129302
84,24.453622277513944,597.9796424913262
85,12.471591584235568,155.54059664397545
86,-25.51043910904275,650.7825035361778
87,24.507530197678875,600.619036390142
88,-0.4745004955994432,0.2251507203241172
89,-11.456531188877761,131.2521068817289
90,-3.4385618821561366,11.823707817417153
91,14.579407424565545,212.55912085147693
92,4.597376731287227,21.135872809381226
93,-19.384653961991148,375.7648092261391
94,6.6333153447305335,44.00087246263756
95,-15.348715348547785,235.58306285074636
96,1.6692539581738401,2.7864087768790324
97,18.687223264895522,349.21231335205243
98,-14.294807428382796,204.34151941454797
99,-21.27683812166117,452.70384045537406
0,7.9401304114195055,63.045670950348885
1,20.958161390901193,439.2445288870614
2,-2.023807629617121,4.09579732169647
3,-16.005776650135434,256.1848861740207
4,12.012254329346252,144.2942540728978
5,-22.969714691172058,527.6077929938455
6,-9.951683711690372,99.03600869752346
7,8.066347267791315,65.0659582446044
8,27.084378247273,733.5635450413549
9,-11.897590773245312,141.552666207612
10,-7.879559793763626,62.08746254349627
11,-19.86152881428194,394.48032684055175
12,-19.843497834800253,393.76440631972235
13,-6.825466855318567,46.586997793052326
14,22.19256412416312,492.50990240509196
15,5.210595103644806,27.150301334127228
16,9.228626083126493,85.16753938216263
17,-6.753342937391821,45.60764083001999
18,-27.735311957910135,769.2475294025929
19,-8.717280978428448,75.99098765687044
20,22.30075000105324,497.323450609476
21,-28.68121901946506,822.6123244425244
22,-6.663188039983382,44.39807485617758
23,13.354842939498312,178.35182993866792
24,-0.627126081020009,0.39328712149551487
25,7.3909048984616845,54.625475218104924
26,-28.591064122056636,817.4489476315542
27,29.426966857425057,865.9463784279927
28,-9.555002163093263,91.29806633671694
29,2.46302881638843,6.066510950359791
30,-18.51894020412989,342.9511462841384
31,27.499090775351803,756.1999934710386
32,-8.482878245166503,71.95922332231913
33,13.535152734315176,183.20035954123958
34,-5.446816286203131,29.667807655647664
35,18.57121469327855,344.89001518384504
36,-3.410754327239758,11.633245080784732
37,28.60727665224192,818.3762774579058
38,11.625307631723615,135.14777753221134
39,-2.3566613887947057,5.553852901435791
40,29.661369590686988,879.7968459953307
41,-14.320599429831333,205.0795680296855
42,-15.30256845034964,234.16860117763616
43,16.715462529132054,279.40668756281775
44,20.73349350861372,429.8777530717272
45,13.751524488095413,189.1044257466878
46,24.769555467577106,613.5308780613789
47,21.7875864470588,474.6989231880603
48,26.805617426540493,718.5411256180514
49,-27.17635159397784,738.554085959502
50,6.841679385503852,46.80857681402836
51,20.859710364985546,435.1275165110854
52,-23.12225865553276,534.6388453333597
53,-9.104227676051096,82.88696157737473
54,-21.086196696569402,444.6276911264144
55,8.931834282912291,79.77766365740732
56,-12.050134737606015,145.20574719445918
57,-26.03210375812435,677.670426073752
58,-5.014072778642657,25.14092582952529
59,30.003958200839037,900.2375077176961
60,-15.97801081967927,255.29682975378782
61,20.040020159802395,401.6024080052864
62,28.05805113928409,787.2542337346812
63,-20.923917881234217,437.810339500633
64,-3.905886901752524,15.255952489281931
65,23.11214407772917,534.1712038697116
66,-27.869824942789165,776.7271423417131
67,-9.851793963307472,97.05784429546155
68,-1.8337629838257783,3.3626866808496216
69,17.184267995655915,295.29906654652416
70,30.20229897513758,912.1788633835965
71,-22.779670045380726,518.913367376416
72,14.238360934100967,202.73092208973256
73,-21.74360808641734,472.7844926157135
74,17.274422893064326,298.4056862884249
75,5.2924538725460195,28.01006799302736
76,-15.689515147972287,246.16088557845185
77,-12.671484168490593,160.56651103230774
78,6.346546810991072,40.278656424100944
79,20.364577790472765,414.7160285842166
80,10.382608769954459,107.79856486993523
81,-25.599360250563848,655.3272452381483
82,-27.581329271082154,760.7297243598532
83,-23.56329829160049,555.2290263789425
84,24.454732687881204,598.0339508357255
85,12.47276366736287,155.56983350188725
86,-25.509205353155437,650.719557749454
87,24.508825626326256,600.6825335816666
88,-0.47314339419205,0.2238646714675736
89,-11.455112414710413,131.21960043365263
90,-3.43708143522872,11.813528792393916
91,14.580949544252974,212.604089612051
92,4.598980523734667,21.150621857690794
93,-19.38298849678364,375.7002430664469
94,6.635042482698054,44.02378874720796
95,-15.346926537820252,235.52815415725152
96,1.6711044416614413,2.7925900549405975
97,18.689135421143135,349.283782789827
98,-14.292833599375228,204.28509229942944
99,-21.274802619893535,452.6172265154288
0,7.936070318892876,62.98121210641247
1,20.954162819472653,439.07693946497017
2,-2.027744679947567,4.11174848705566
3,-16.00965217936779,256.30896290433583
4,12.008440321211989,144.2026389481099
5,-22.97346717820823,527.7801941882109
6,-9.955374677628456,99.10948497196587
7,8.062717822951324,65.00741869253694
8,27.080810323531104,733.3702877790688
9,-11.90109717588912,141.636113989956
10,-7.883004675309344,62.14176271094898
11,-19.86491217472956,394.61473570971873
12,-19.846819674149785,393.89625117821896
13,-6.828727173570009,46.63151481105344
14,22.189365327009774,492.3679336155036
15,5.2074578275895504,27.11761702612368
16,9.225550328169327,85.11077885758517
17,-6.75635717125089,45.64836222551333
18,-27.738264670671114,769.4113269402013
19,-8.720172170091338,76.04140267603547
20,22.297920330488445,497.1972510648099
21,-28.683987168931793,822.7711199074438
22,-6.66589466835201,44.43415172956375
23,13.352197832227773,178.28118695094804
24,-0.6297096671924578,0.396534264955636
25,7.388382833387325,54.58820089269252
26,-28.59352466603289,817.5896528270314
27,29.424567834546878,865.8051922498507
28,-9.55733966487334,91.34274146976124
29,2.460752835706444,6.055304518437305
30,-18.521154663713787,343.033170077207
31,27.496937836865996,756.0815904044729
32,-8.48496966255422,71.99471017446548
33,13.533122838025548,183.14541374908868
34,-5.448784661394669,29.689254286249813
35,18.569307839185115,344.81919362642174
36,-3.4125996602351165,11.645836441036833
37,28.605492840344667,818.27422063901
38,11.62358534092445,135.10773617775376
39,-2.358322158495781,5.561683403252201
40,29.659770342084002,879.7019767451658
41,-14.322137157336215,205.12361275355067
42,-15.304044656756446,234.21378285599553
43,16.714047843823323,279.3593953256151
44,20.73214034440312,429.82164326002754
45,13.75023284498289,189.06890329124624
46,24.76832534556266,613.4699404236416
47,21.786417846142456,474.64800256671447
48,26.804510346722225,718.4817749275388
49,-27.177397152698006,738.6109159954777
50,6.840695347881791,46.79511284253158
51,20.85878784846156,435.08903050712763
52,-23.12311965095867,534.678662392551
53,-9.105027150378874,82.90151940913643
54,-21.086934649799105,444.6588129248981
55,8.931157850780664,79.7655805555611
56,-12.050749648639538,145.22056709418595
57,-26.03265714805977,677.6992381884274
58,-5.01456464748,25.14585860375622
59,30.003527853099797,900.2116836317354
60,-15.978379646320434,255.30861612194713
61,20.039712854259335,401.59009128116685
62,28.057805354839132,787.2404413300395
63,-20.9241021445811,437.81805055686334
64,-3.9060096440013297,15.256911339031394
65,23.112082856578468,534.1683739693483
66,-27.869824642841763,776.72712562275
67,-9.851732142261994,97.0566262028781
68,-1.833639641682197,3.3622343355484157
69,17.184452858897572,295.30542005967294
70,30.20254535947734,912.1937461912862
71,-22.77936213994286,518.8993395026622
72,14.238730360636907,202.74144228292323
73,-21.743177138783324,472.76575208850977
74,17.274915361796474,298.4227007572318
75,5.293007862376243,28.015932231176723
76,-15.688899637043988,246.14157182123898
77,-12.670807136464191,160.54935348947188
78,6.347285364115578,40.288031493515824
79,20.365377864695347,414.7486155718232
80,10.383470365275144,107.81645682654714
81,-25.598437134145087,655.2799837107781
82,-27.580344633565318,760.6754101062352
83,-23.56225213298552,555.1797255783807
84,24.45584036759425,598.0881280852524
85,12.473932868174018,155.59900119971206
86,-25.507974631246213,650.6567697883004
87,24.510117869333556,600.7458779686241
88,-0.47178963008661867,0.22258545505726848
89,-11.45369712950685,131.18717793447345
90,-3.4356046289270807,11.803379166305184
91,14.582487871652688,212.64895252689774
92,4.600580372232457,21.165339761370536
93,-19.381327127187774,375.6358412110647
94,6.636765373392052,44.046654621455744
95,-15.345142126028179,235.4733868680046
96,1.67295037455159,2.798762955712305
97,18.69104287513136,349.3550837599987
98,-14.290864624288872,204.2288117097511
99,-21.272772123709103,452.5308338272551
