,,,,,,,,,,,,,,,,,,,,,,,,
,,,,,,,,,,,,,,,,,,,,,,,,
,,,,,,,,,,,,,,,,,,,,,,,,
,x,y,prediction,squared_error,prediction,squared_error,prediction,squared_error,prediction,squared_error,prediction,squared_error,prediction,squared_error,prediction,squared_error,,,,,,,,
,1,11,1.02445,99.5115978025,3.03116730433142,63.5022945315566,3.03529797978489,63.4364782708187,3.03941849733034,63.3708578606464,3.04352888194748,63.3054326524039,3.04762915855461,63.2402019998709,3.05171935200873,63.1751652592326,3.05579948710572,63.1103217890697,3.06392968110713,62.9812121064125,1.02445,99.5115978025,3.03116730433142,63.5022945315566
,2,27,2.033792,623.311541899264,6.01357124007227,440.430192095522,6.01763932491035,440.259459499549,6.02169740575948,440.089179735518,6.02574550722087,439.919351527865,6.02978365383522,439.749973604956,6.0338118700829,439.581044699077,6.03783018038406,439.412563546417,6.04583718052735,439.07693946497,2.033792,623.311541899264,6.01357124007227,440.430192095522
,3,7,3.043134,15.656788541956,8.99597517581312,3.9839169024622,8.99998067003582,3.99992268051691,9.00397631418863,4.01592106782905,9.00796213249426,4.0319119255309,9.01193814911584,4.04789511586767,9.01590438815707,4.06387050219094,9.0198608736624,4.07983794895222,9.02774467994757,4.11174848705566,3.043134,15.656788541956,8.99597517581312,3.9839169024622
,4,-4,4.052476,64.842369730576,11.978379111554,255.308599032544,11.9823220151613,255.434616996309,11.9862552226178,255.560356042674,11.9901787577677,255.685816705364,11.9940926443965,255.810999517537,11.9979969062312,255.935905011784,12.0018915669407,256.060533720129,12.0096521793678,256.308962904336,4.052476,64.842369730576,11.978379111554,255.308599032544
,5,27,5.061818,481.283829465124,14.9607830472948,144.942744834304,14.9646633602867,144.849328031224,14.9685341310469,144.756170955783,14.972395383041,144.663272821892,14.9762471396771,144.570632846124,14.9800894243054,144.478250247695,14.9839222602191,144.386124248459,14.991559678788,144.20263894811,5.061818,481.283829465124,14.9607830472948,144.942744834304
,6,-5,6.07116,122.5705837456,17.9431869830357,526.389828938537,17.9470047054122,526.56502495021,17.9508130394761,526.739819172985,17.9546120083144,526.914212452253,17.9584016349577,527.088205632028,17.9621819423796,527.261799554943,17.9659529534974,527.434995062256,17.9734671782082,527.780194188211,6.07116,122.5705837456,17.9431869830357,526.389828938537
,7,11,7.080502,15.362464572004,20.9255909187765,98.5173550868987,20.9293460505377,98.5919129913281,20.9330919479052,98.6663156455396,20.9368286335878,98.7405632932909,20.9405561302383,98.8146561784183,20.9442744604538,98.8885945448329,20.9479836467757,98.9623786365177,20.9553746776285,99.1094849719659,7.080502,15.362464572004,20.9255909187765,98.5173550868987
,8,32,8.089844,571.695559944336,23.9079948545174,65.4805472745176,23.9116873956631,65.4208007854745,23.9153708563344,65.3612283906077,23.9190452588612,65.3018295283334,23.9227106255189,65.242603639105,23.9263669785279,65.1835501654042,23.9300143400541,65.1246685517327,23.9372821770487,65.0074186925369,8.089844,571.695559944336,23.9079948545174,65.4805472745176
,9,54,9.099186,2016.0830978626,26.8903987902582,734.930477751234,26.8940287407886,734.733677905194,26.8976497647635,734.537388273423,26.9012618841346,734.341607472256,26.9048651207995,734.146334122066,26.9084594966021,733.951566847249,26.9120450333324,733.757304276211,26.9191896764689,733.370287779069,9.099186,2016.0830978626,26.8903987902582,734.930477751234
,10,18,10.108528,62.275330326784,29.8728027259991,140.963444570491,29.8763700859141,141.048166417595,29.8799286731927,141.132705280145,29.883478509408,141.217061483562,29.8870196160802,141.301235353074,29.8905520146763,141.385227213722,29.8940757266108,141.469037390351,29.9010971758891,141.636113989956,10.108528,62.275330326784,29.8728027259991,140.963444570491
,11,25,11.11787,192.7135333369,32.8552066617399,61.7042716986429,32.8587114310395,61.7593453563514,32.8622075816218,61.8143080565115,32.8656951346814,61.8691599517506,32.8691741113608,61.9239011949106,32.8726445327505,61.9785319390455,32.8761064198891,62.0330523374183,32.8830046753093,62.141762710949,11.11787,192.7135333369,32.8552066617399,61.7042716986429
,12,16,12.127212,14.998486892944,35.8376105974808,393.53079421728,35.841052776165,393.667375266565,35.844486490051,393.803644053815,35.8479117599548,393.939601230951,35.8513286066414,394.075247448858,35.8547370508246,394.210583357388,35.8581371131674,394.345609605358,35.8649121747296,394.614735709719,12.127212,14.998486892944,35.8376105974808,393.53079421728
,13,19,13.136554,34.379998994916,38.8200145332216,392.832976097115,38.8233941212905,392.966954488013,38.8267653984801,393.100626166368,38.8301283852282,393.233991774632,38.833483101922,393.367051954226,38.8368295688988,393.499807345537,38.8401678064458,393.632258587927,38.8468196741498,393.896251178219,13.136554,34.379998994916,38.8200145332216,392.832976097115
,14,35,14.145896,434.893653642816,41.8024184689624,46.2728970268814,41.8057354664159,46.3180352388316,41.8090443069093,46.3630843734534,41.8123450105016,46.4080445421056,41.8156375972026,46.4529158564019,41.818922086973,46.4976984282077,41.8221984997241,46.5423923696379,41.82872717357,46.6315148110534,14.145896,434.893653642816,41.8024184689624,46.2728970268814
,15,67,15.155238,2687.87934683664,44.7848224047033,493.514115590573,44.7880768115414,493.369531729985,44.7913232153384,493.225324525567,44.794561635775,493.081492947397,44.7977920924832,492.9380359686,44.8010146050471,492.794952565331,44.8042291930024,492.652241716765,44.8106346729902,492.367933615504,15.155238,2687.87934683664,44.7848224047033,493.514115590573
,16,53,16.16458,1356.8481665764,47.7672263404441,27.3819201721416,47.7704181566669,27.3485262561197,47.7736021237676,27.315234760687,47.7767782610484,27.2820453342571,47.7799465877638,27.2489576265983,47.7831071231213,27.2159712888277,47.7862598862808,27.1830859734049,47.7925421724105,27.1176170261237,16.16458,1356.8481665764,47.7672263404441,27.3819201721416
,17,60,17.173922,1834.07295686208,50.749630276185,85.5693400272734,50.7527595017923,85.5114568316922,50.7558810321967,85.4537354909007,50.7589948863217,85.3961755110278,50.7621010830445,85.3387763998883,50.7651996411955,85.2815376669762,50.7682905795591,85.2244588234569,50.7744496718307,85.1107788575852,17.173922,1834.07295686208,50.749630276185,85.5693400272734
,18,47,18.183264,830.404273693696,53.7320342119258,45.3202846305399,53.7351008469178,45.3615834181527,53.7381599406259,45.4027993854549,53.7412115115951,45.4439326440627,53.7442555783251,45.4849833057689,53.7472921592697,45.5259514825417,53.7503212728375,45.5668372865219,53.7563571712509,45.6483622255133,18.183264,830.404273693696,53.7320342119258,45.3202846305399
,19,29,19.192606,96.184977071236,56.7144381476667,768.090081840842,56.7174421920433,768.256601669259,56.720438849055,768.422729984197,56.7234281368685,768.588467660113,56.7264100736057,768.753815569743,56.7293846773438,768.918774584111,56.7323519661158,769.083345572527,56.7382646706711,769.411326940201,19.192606,96.184977071236,56.7144381476667,768.090081840842
,20,51,20.201948,948.520006994704,59.6968420834075,75.6350622237283,59.6997835371687,75.6862335935918,59.7027177574841,75.7372963664299,59.7056447621419,75.788250724609,59.7085645688863,75.839096850462,59.711477195418,75.8898349262877,59.7143826593941,75.9404651343492,59.7201721700913,76.0414026760355,20.201948,948.520006994704,59.6968420834075,75.6350622237283
,21,85,21.21129,4068.9995234641,62.6792460191484,498.216058273703,62.6821248822942,498.087549769512,62.6849966659133,497.959373800301,62.6878613874153,497.831529467193,62.6907190641669,497.704015873925,62.6935697134922,497.576832126834,62.6964133526725,497.449977334847,62.7020796695116,497.19725106481,21.21129,4068.9995234641,62.6792460191484,498.216058273703
,22,37,22.220632,218.429718479424,65.6616499548892,821.490178136602,65.6644662274196,821.651624102881,65.6672755743424,821.812688855291,65.6700780126887,821.973373253656,65.6728735594475,822.133678156066,65.6756622315664,822.293604418881,65.6784440459508,822.453152896732,65.6839871689318,822.771119907444,22.220632,218.429718479424,65.6616499548892,821.490178136602
,23,62,23.229974,1503.11491604068,68.6440538906301,44.1434521015967,68.6468075725451,44.1800509064431,68.6495544827716,44.2165748193478,68.6522946379621,44.2530239502591,68.6550280547282,44.2893984092187,68.6577547496405,44.3256983063609,68.6604747392291,44.3619237519095,68.665894668352,44.4341517295638,23.229974,1503.11491604068,68.6440538906301,44.1434521015967
,24,85,24.239316,3691.86072014786,71.6264578263709,178.851630269836,71.6291489176706,178.77965866583,71.6318333912007,178.707878480615,71.6345112632355,178.63628917258,71.6371825500088,178.56489020179,71.6398472677147,178.493681029991,71.6425054325075,178.422661120592,71.6478021677722,178.281186950948,24.239316,3691.86072014786,71.6264578263709,178.851630269836
,25,74,25.248658,2376.69334680096,74.6088617621118,0.370712645361852,74.611490262796,0.373920341494369,74.6141122996299,0.377133916556718,74.6167278885089,0.380353288464599,74.6193370452894,0.383578375667785,74.6219397857889,0.386809097147085,74.6245361257858,0.390045372411566,74.6297096671925,0.396534264955636,25.248658,2376.69334680096,74.6088617621118,0.370712645361852
,26,85,26.258,3450.622564,77.5912656978526,54.8893439598152,77.5938316079215,54.8513302518226,77.5963912080591,54.8134231441054,77.5989445137823,54.7756223100738,77.60149154057,54.7379274242573,77.604032303863,54.7003381623017,77.6065668190642,54.6628542009631,77.6116171666127,54.5882008926925,26.258,3450.622564,77.5912656978526,54.8893439598152
,27,52,27.267342,611.704371744964,80.5736696335935,816.454596329741,80.576172953047,816.597660642453,80.5786701164882,816.740385627055,80.5811611390556,816.882772056664,80.5836460358506,817.024820702798,80.5861248219372,817.166532335374,80.5885975123425,817.307907722715,80.5935246660329,817.589652827031,27.267342,611.704371744964,80.5736696335935,816.454596329741
,28,113,28.276684,7178.04027403586,83.5560735693343,866.944803654453,83.5585142981724,866.801080330917,83.5609490249173,866.657722313516,83.563377764329,866.514728645598,83.5658005311312,866.372098373155,83.5682173400114,866.229830544807,83.5706282056208,866.0879242118,83.5754321654531,865.805192249851,28.276684,7178.04027403586,83.5560735693343,866.944803654453
,29,77,29.286026,2276.62331487268,86.5384775050752,90.9825531148249,86.5408556432979,91.0279264062494,86.5432279333465,91.0731993878047,86.5455943896024,91.1183722508093,86.5479550264118,91.1634451863832,86.5503098580855,91.2084183854459,86.5526588988992,91.2532920387175,86.5573396648733,91.3427414697612,29.286026,2276.62331487268,86.5384775050752,90.9825531148249
,30,92,30.295368,3807.46161025542,89.520881440816,6.14602883049049,89.5231969884234,6.13455315815509,89.5255068417756,6.12311639009925,89.5278110148758,6.11171837816931,89.5301095216925,6.10035897483429,89.5324023761597,6.08903803318218,89.5346895921775,6.07775540691794,89.5392471642936,6.05530451843731,30.295368,3807.46161025542,89.520881440816,6.14602883049049
,31,74,31.30471,1822.8877881841,92.5032853765569,342.371569726303,92.5055383335488,342.454949014445,92.5077857502048,342.538133375483,92.5100276401492,342.621123239088,92.5122640169731,342.703919034116,92.5144948942339,342.786521188613,92.5167202854559,342.868930129812,92.5211546637138,343.033170077207,31.30471,1822.8877881841,92.5032853765569,342.371569726303
,32,123,32.314052,8223.9411646587,95.4856893122977,757.037292619409,95.4878796786743,756.916764575103,95.4900646586339,756.796542486142,95.4922442654226,756.676625553176,95.4944185122537,756.557012979053,95.4965874123081,756.437703968811,95.4987509787342,756.318697729674,95.503062163134,756.081590404473,32.314052,8223.9411646587,95.4856893122977,757.037292619409
,33,90,33.323394,3212.23766767924,98.4680932480386,71.7086032574762,98.4702210237998,71.7446441920193,98.4723435670631,71.7806055183551,98.474460890696,71.8164873879359,98.4765730075343,71.8522899520591,98.4786799303822,71.8880133618664,98.4807816720125,71.9236577683433,98.4849696625542,71.9947101744655,33.323394,3212.23766767924,98.4680932480386,71.7086032574762
,34,115,34.332736,6507.2074812457,101.450497183779,183.58902656677,101.452562368925,183.533066367861,101.454622475492,183.47725228144,101.456677515969,183.421583906449,101.458727502815,183.366060843021,101.460772448456,183.310682692477,101.462812365291,183.255449057322,101.466877161974,183.145413749089,34.332736,6507.2074812457,101.450497183779,183.58902656677
,35,99,35.342078,4052.33103335809,104.43290111952,29.5164145744844,104.434903714051,29.5381783810018,104.436901383921,29.5598966584861,104.438894141243,29.5815694796449,104.440881998096,29.6031969172001,104.442864966531,29.6247790438859,104.444843058569,29.6463159324491,104.448784661395,29.6892542862498,35.342078,4052.33103335809,104.43290111952,29.5164145744844
,36,126,36.35142,8036.8678960164,107.415305055261,345.390886189004,107.417245059176,345.318781190713,107.419180292351,345.246861008175,107.421110766516,345.175125150062,107.423036493376,345.103573126434,107.424957484605,345.032204448741,107.426873751848,344.961018629811,107.430692160815,344.819193626422,36.35142,8036.8678960164,107.415305055261,345.390886189004
,37,107,37.360762,4849.62346922064,110.397708991002,11.5444263875355,110.399586404302,11.5571877203124,110.40145920078,11.5699246945687,110.40332739179,11.5826373357051,110.405190988657,11.5953256692293,110.407050002679,11.6079897207544,110.408904445126,11.6206295159989,110.412599660235,11.6458364410368,37.360762,4849.62346922064,110.397708991002,11.5444263875355
,38,142,38.370104,10739.1553449708,113.380112926743,819.097936085995,113.381927749427,818.994059339012,113.383738109209,818.890444602348,113.385544017063,818.787091199442,113.387345483937,818.683998455559,113.389142520753,818.581165697779,113.390935138404,818.478592254995,113.394507159655,818.27422063901,38.370104,10739.1553449708,113.380112926743,819.097936085995
,39,128,39.379446,7853.60259126692,116.362516862484,135.431013775978,116.364269094553,135.390233703985,116.366017017638,135.34956003389,116.367760642336,135.30899247398,116.369499979218,135.26853073341,116.371235038827,135.228174522199,116.372965831683,135.187923551222,116.376414659076,135.107736177754,39.379446,7853.60259126692,116.362516862484,135.431013775978
,40,117,40.388788,5869.27780410894,119.344920798224,5.49865354994579,119.346610439678,5.50658055560579,119.348295926067,5.51449375638338,119.34997726761,5.5223931582825,119.351654474499,5.53027876742936,119.353327556901,5.53815059007167,119.354996524961,5.54600863257783,119.358322158496,5.5616834032522,40.388788,5869.27780410894,119.344920798224,5.49865354994579
,41,152,41.39813,12232.7736474969,122.327324733965,880.467657443545,122.328951784803,880.371102188518,122.330574834496,880.274789651427,122.332193892883,880.178719209482,122.333808969779,880.082890241552,122.335420074976,879.987302128161,122.337027218239,879.891954251481,122.340229657916,879.701976745166,41.39813,12232.7736474969,122.327324733965,880.467657443545
,42,111,42.407472,4704.93489743078,125.309728669706,204.768334600611,125.311293129929,204.813111050751,125.312853742925,204.857782266374,125.314410518157,204.90234848231,125.31596346506,204.946809932928,125.31751259305,204.991166852139,125.319057911518,205.035419473393,125.322137157336,205.123612753551,42.407472,4704.93489743078,125.309728669706,204.768334600611
,43,113,43.416814,4841.8197739106,128.292132605447,233.849319622577,128.293634475054,233.895255456572,128.295132651355,233.941082822532,128.29662714343,233.986801965116,128.29811796034,234.032413128491,128.299605111124,234.07791655633,128.301088604796,234.123312491815,128.304044656756,234.213782855996,43.416814,4841.8197739106,128.292132605447,233.849319622577
,44,148,44.426156,10727.5411609363,131.274536541188,279.741127912059,131.27597582018,279.692984767209,131.277411559784,279.644964140857,131.278843768703,279.597065711433,131.280272455621,279.549289158263,131.281697629198,279.501634161559,131.283119298074,279.454100402418,131.285952156177,279.359395325615,44.426156,10727.5411609363,131.274536541188,279.741127912059
,45,155,45.435498,12004.380098508,134.256940476929,430.274518377677,134.258317165305,430.217406815068,134.259690468213,430.160439474342,134.261060393977,430.103615982282,134.262426950902,430.046935966688,134.263790147272,429.990399056362,134.265149991353,429.934004881107,134.267859655597,429.821643260028,45.435498,12004.380098508,134.256940476929,430.274518377677
,46,151,46.44484,10931.7814826256,137.23934441267,189.355642193128,137.240658510431,189.319478226581,137.241969376642,189.283406633257,137.24327701925,189.247427169093,137.244581446182,189.211539590712,137.245882665346,189.175743655417,137.247180684631,189.140039121189,137.249767155017,189.068903291246,46.44484,10931.7814826256,137.23934441267,189.355642193128
,47,165,47.454182,13817.0193292891,140.22174834841,613.961754909501,140.222999855556,613.899736157766,140.224248285071,613.837873039801,140.225493644523,613.776165157548,140.226735941463,613.714612114005,140.227975183421,613.653213513224,140.229211377909,613.591968960301,140.231674654437,613.469940423642,47.454182,13817.0193292891,140.22174834841,613.961754909501
,48,165,48.463524,13580.7502384986,143.204152284151,475.058977652467,143.205341200682,475.007152178702,143.2065271935,474.955456967643,143.207710269797,474.903891685118,143.208890436744,474.852455997848,143.210067701495,474.80114957344,143.211242071188,474.749972080387,143.213582153858,474.648002566714,48.463524,13580.7502384986,143.204152284151,475.058977652467
,49,173,49.472866,15258.952834254,146.186556219892,718.960767349005,146.187682545807,718.900367264413,146.188806101929,718.840118239937,146.18992689507,718.780019891678,146.191044932024,718.720071836749,146.192160219569,718.660273693259,146.193272764466,718.600625080325,146.195489653278,718.481774927539,49.472866,15258.952834254,146.186556219892,718.960767349005
,50,122,50.482208,5114.79457255527,149.168960155633,738.152395938373,149.170023890933,738.21019823385,149.171085010359,738.267860640133,149.172143520344,738.325383490153,149.173199427305,738.382767116077,149.174252737643,738.440011849306,149.175303457744,738.497118020487,149.177397152698,738.610915995478,50.482208,5114.79457255527,149.168960155633,738.152395938373
,51,159,51.49155,11558.0668214025,152.151364091374,46.9038138089237,152.152365236058,46.8901018603456,152.153363918788,46.8764256285577,152.154360145617,46.8627850159164,152.155353922585,46.8491799250672,152.156345255717,46.8356102589427,152.157334151023,46.8220759207619,152.159304652118,46.7951128425316,51.49155,11558.0668214025,152.151364091374,46.9038138089237
,52,176,52.500892,15252.0296767957,155.133768027115,435.399636746261,155.134706581184,435.360469453304,155.135642827217,435.321400233466,155.13657677089,435.282428836949,155.137508417866,435.243555014612,155.138437773791,435.20477851797,155.139364844301,435.166099099188,155.141212151538,435.089030507128,52.500892,15252.0296767957,155.133768027115,435.399636746261
,53,135,53.510234,6640.58196273476,158.116171962856,534.357406216308,158.117047926309,534.397904827269,158.117921735646,534.438305375454,158.118793396164,534.478608094508,158.119662913147,534.518813217527,158.120530291866,534.558920977078,158.121395537579,534.598931605191,158.123119650959,534.678662392551,53.510234,6640.58196273476,158.116171962856,534.357406216308
,54,152,54.519576,9502.43306321978,161.098575898596,82.7840833825189,161.099389271435,82.7988851130971,161.100200644075,82.8136517624259,161.101010021437,82.8283834103002,161.101817408427,82.8430801363489,161.10262280994,82.8577420200372,161.103426230858,82.8723691406661,161.105027150379,82.9015194091364,54.519576,9502.43306321978,161.098575898596,82.7840833825189
,55,143,55.528918,7651.19018625072,164.080979834337,444.407710775733,164.08173061656,444.439365789201,164.082479552504,444.470944081762,164.083226646711,444.502445836567,164.083971903708,444.533871236341,164.084715328014,444.565220463388,164.085456924136,444.596493699592,164.086934649799,444.658812924898,55.528918,7651.19018625072,164.080979834337,444.407710775733
,56,176,56.53826,14271.1073238276,167.063383770078,79.8631096409039,167.064071961685,79.8508099059368,167.064758460933,79.8385413614602,167.065443271984,79.8263039261363,167.066126398988,79.8140975188507,167.066807846088,79.8019220587117,167.067487617414,79.7897774650471,167.068842149219,79.7655805555611,56.53826,14271.1073238276,167.063383770078,79.8631096409039
,57,158,57.547602,10090.6842639504,170.045787705819,145.101001453658,170.046413306811,145.11607355851,170.047037369363,145.131109378819,170.047659897257,145.146108999984,170.048280894269,145.161072507209,170.048900364162,145.175999985512,170.049518310693,145.190891519716,170.05074964864,145.220567094186,57.547602,10090.6842639504,170.045787705819,145.101001453658
,58,147,58.556944,7822.17415461914,173.02819164156,677.466760129762,173.028754651936,677.496068730699,173.029316277792,677.525305889315,173.029876522531,677.554471778199,173.03043538955,677.583566569521,173.030992882237,677.612590435048,173.031549003971,677.641543546141,173.03265714806,677.699238188427,58.556944,7822.17415461914,173.02819164156,677.466760129762
,59,171,59.566286,12417.4726158338,176.010595577301,25.1060680392645,176.011095997062,25.1110830917691,176.011595186221,25.1160863105527,176.012093147804,25.1210777222655,176.01258988483,25.1260573535031,176.013085400311,25.1310252308083,176.013579697249,25.1359813806704,176.01456464748,25.1458586037562,59.566286,12417.4726158338,176.010595577301,25.1060680392645
,60,209,60.575628,22029.7942035944,178.992999513041,900.42007822433,178.993437342187,900.39380253724,178.99387409465,900.367591847714,178.994309773078,900.341445994029,178.994744380111,900.315364814886,178.995177918385,900.289348149378,178.995610390528,900.263395837014,178.9964721469,900.211683631735,60.575628,22029.7942035944,178.992999513041,900.42007822433
,61,166,61.58497,10902.4984899009,181.975403448782,255.213515351366,181.975778687313,255.225504665996,181.976153003079,255.237464777796,181.976526398351,255.249395757204,181.976898875392,255.261297674487,181.977270436459,255.273170599748,181.977641083806,255.285014602924,181.97837964632,255.308616121947,61.58497,10902.4984899009,181.975403448782,255.213515351366
,62,205,62.594312,20279.3799747533,184.957807384523,401.689484835874,184.958120032438,401.676952634154,184.958431911508,401.664451445647,184.958743023624,401.651981193127,184.959053370672,401.639541799567,184.959362954533,401.627133188136,184.959671777084,401.614755282191,184.960287145741,401.590091281167,62.594312,20279.3799747533,184.957807384523,401.689484835874
,63,216,63.603654,23224.6462741517,187.940211320264,787.35174075144,187.940461377564,787.337707703996,187.940710819938,787.323709290373,187.940959648898,787.309745424786,187.941207865953,787.29581602167,187.941455472607,787.281920995675,187.941702470363,787.268060261655,187.942194645161,787.24044133004,63.603654,23224.6462741517,187.940211320264,787.35174075144
,64,170,64.612996,11106.420612096,190.922615256005,437.755829150807,190.922802722689,437.763673772568,190.922989728367,437.771499173336,190.923176274171,437.779305400037,190.923362361233,437.787092499478,190.923547990682,437.794860518354,190.923733163641,437.802609503249,190.924102144581,437.818050556863,64.612996,11106.420612096,190.922615256005,437.755829150807
,65,190,65.622338,15469.8028045862,193.905019191746,15.2491748879023,193.905144067815,15.2501501903876,193.905268636796,15.2511231255409,193.905392899445,15.2520936990316,193.905516856514,15.253061916515,193.905640508756,15.2540277836338,193.905763856919,15.2549913060173,193.906009644001,15.2569113390314,65.622338,15469.8028045862,193.905019191746,15.2491748879023
,66,220,66.63168,23521.8415796224,196.887423127487,534.191209687843,196.88748541294,534.188330537058,196.887547545225,534.185458474237,196.887609524718,534.182593481911,196.887671351795,534.179735542656,196.88773302683,534.17688463909,196.887794550198,534.174040753874,196.887917143422,534.168373969348,66.63168,23521.8415796224,196.887423127487,534.191209687843
,67,172,67.641022,10890.7962892045,199.869827063227,776.727260534203,199.869826758066,776.727243524585,199.869826453654,776.727226556798,199.869826149991,776.727209630739,199.869825847075,776.727192746304,199.869825544904,776.727175903388,199.869825243476,776.727159101891,199.869824642842,776.72712562275,67.641022,10890.7962892045,199.869827063227,776.727260534203
,68,193,68.650364,15462.8319733325,202.852230998968,97.066455657031,202.852168103191,97.065216333534,202.852105362083,97.0639800655895,202.852042775265,97.0627468456447,202.851980342356,97.0615166661663,202.851918062978,97.0602895196367,202.851855936754,97.0590653985616,202.851732142262,97.0566262028781,68.650364,15462.8319733325,202.852230998968,97.066455657031
,69,204,69.659706,18047.3145920064,205.834634934709,3.36588534365507,205.834509448316,3.36542491596234,205.834384270512,3.36496565190321,205.834259400538,3.36450754846224,205.834134837636,3.36405060263176,205.834010581052,3.3635948114122,205.833886630033,3.36314017181252,205.833639641682,3.36223433554842,69.659706,18047.3145920064,205.834634934709,3.36588534365507
,70,226,70.669048,24127.7046492263,208.81703887045,295.254153179628,208.816850793442,295.260616654838,208.816663178942,295.267064305944,208.816476025811,295.273496171513,208.816289332917,295.279912290019,208.816103099127,295.286312699847,208.815917323311,295.292697439283,208.815547141102,295.305420059673,70.669048,24127.7046492263,208.81703887045,295.254153179628
,71,242,71.67839,29009.4508329921,211.799442806191,912.073654816541,211.799192138567,912.088795483169,211.798942087371,912.10389904199,211.798692651085,912.118965583636,211.798443828198,912.13399519853,211.798195617201,912.148987976872,211.797948016589,912.16394400864,211.797454640523,912.193746191286,71.67839,29009.4508329921,211.799442806191,912.073654816541
,72,192,72.687732,14235.4172953038,214.781846741932,519.012540972862,214.781533483693,518.998267868619,214.7812209958,518.984030059471,214.780909276358,518.969827457665,214.780598323478,518.955659975662,214.780288135275,518.941527526148,214.779978709868,518.927430022024,214.779362139943,518.899339502662,72.687732,14235.4172953038,214.781846741932,519.012540972862
,73,232,73.697074,25059.8163801615,217.764250677673,202.656558768148,217.763874828818,202.667259889552,217.763499904229,202.677934976888,217.763125901632,202.688584092792,217.762752818759,202.699207299757,217.762380653349,202.709804660128,217.762009403146,202.720376236103,217.761269639363,202.741442282923,73.697074,25059.8163801615,217.764250677673,202.656558768148
,74,199,74.706416,15448.8950235651,220.746654613413,472.916986875092,220.746216173944,472.897917883895,220.745778812658,472.878896169051,220.745342526905,472.859921612425,220.74490731404,472.840994096171,220.744473171423,472.822113502746,220.744040096424,472.80327971491,220.743177138783,472.76575208851,74.706416,15448.8950235651,220.746654613413,472.916986875092
,75,241,75.715758,27318.8806535146,223.729058549154,298.285418598544,223.728557519069,298.302725372099,223.728057721087,298.319990086093,223.727559152178,298.337212841496,223.72706180932,298.354393739046,223.726565689497,298.371532879247,223.726070789703,298.388630362363,223.725084638204,298.422700757232,75.715758,27318.8806535146,223.729058549154,298.285418598544
,76,232,76.7251,24110.29457001,226.711462484895,27.9686290486726,226.710898864195,27.9745908247767,226.710336629516,27.9805385730359,226.709775777452,27.9864723248358,226.709216304601,27.9923921115023,226.708658207572,27.9982979642991,226.708101482981,28.0041899144277,226.706992137624,28.0159322311767,76.7251,24110.29457001,226.711462484895,27.9686290486726
,77,214,77.734442,18568.3022970514,229.693866420636,246.297443228763,229.69324020932,246.277788267424,229.692615537946,246.25818242177,229.691992402725,246.238625567185,229.691370799881,246.21911757937,229.690750725646,246.199658334354,229.690132176259,246.18024770849,229.688899637044,246.141571821239,77.734442,18568.3022970514,229.693866420636,246.297443228763
,78,220,78.743784,19953.3185586387,232.676270356377,160.687830147956,232.675581554446,160.670367743403,232.674894446375,160.65294922674,232.674209027999,160.635574485401,232.673525295162,160.618243407111,232.67284324372,160.600955879899,232.672162869538,160.58371179209,232.670807136464,160.549353489472,78.743784,19953.3185586387,232.676270356377,160.687830147956
,79,242,79.753126,26324.0481227719,235.658674292118,40.2124117334505,235.657922899571,40.2219419477846,235.657173354804,40.2314498510101,235.656425653272,40.2409354924658,235.655679790443,40.250398921398,235.654935761794,40.2598401869592,235.654193562816,40.2692593382055,235.652714635884,40.2880314935158,79.753126,26324.0481227719,235.658674292118,40.2124117334505
,80,259,80.762468,31768.617813451,238.641078227858,414.48569572418,238.640264244697,414.518840025781,238.639452263233,414.551904141167,238.638642278545,414.58488826104,238.637834285723,414.617792575668,238.637028279868,414.650617274883,238.636224256094,414.683362548079,238.634622135305,414.748615571823,80.762468,31768.617813451,238.641078227858,414.48569572418
,81,252,81.77181,28977.6366706761,241.623482163599,107.672122409142,241.622605589822,107.690314744393,241.621731171662,107.708463873249,241.620858903819,107.726569894438,241.619988781004,107.744632906486,241.619120797943,107.76265300771,241.618254949373,107.780630296224,241.616529634725,107.816456826547,81.77181,28977.6366706761,241.623482163599,107.672122409142
,82,219,82.781152,18555.5745504471,244.60588609934,655.66140293238,244.604946934948,655.613307541477,244.604010080091,655.565332181418,244.603075529092,655.517476548397,244.602143276284,655.469740339398,244.601213316017,655.422123252188,244.600285642651,655.374624985325,244.598437134145,655.279983710778,82.781152,18555.5745504471,244.60588609934,655.66140293238
,83,220,83.790494,18553.029524764,247.588290035081,761.113747059748,247.587288280073,761.058474647851,247.58628898852,761.003340158165,247.585292154366,760.948343241701,247.584297771565,760.89348355037,247.583305834091,760.838760736989,247.582316335929,760.784174455277,247.580344633565,760.675410106235,83.790494,18553.029524764,247.588290035081,761.113747059748
,84,227,84.799836,20220.8866416269,250.570693970822,555.577614266136,250.569629625198,555.527440669032,250.56856789695,555.477392713124,250.567508779639,555.427470078358,250.566452266846,555.377672445516,250.565398352165,555.32799949622,250.564347029208,555.27845091293,250.562252132986,555.179725578381,84.799836,20220.8866416269,250.570693970822,555.577614266136
,85,278,85.809178,36937.3120610357,253.553097906563,597.651021966111,253.551970970324,597.706123435885,253.550846805379,597.761091934059,253.549725404912,597.81592777519,253.548606762126,597.870631273134,253.547490870239,597.925202741037,253.546377722486,597.979642491326,253.544159632406,598.088128085252,85.809178,36937.3120610357,253.553097906563,597.651021966111
,86,269,86.81852,33190.0916549904,256.535501842304,155.363714323219,256.534312315449,155.393369448757,256.533125713808,155.422954467717,256.531942030186,155.452469538649,256.530761257407,155.481914819784,256.529583388313,155.511290469031,256.528408415764,155.540596643975,256.526067131826,155.599001199712,86.81852,33190.0916549904,256.535501842304,155.363714323219
,87,234,87.827862,21366.2939274911,259.517905778044,651.163515297149,259.516653660575,651.099614033727,259.515404622237,651.035873036475,259.514158655459,650.972291895941,259.512915752688,650.908870203732,259.511675906388,650.845607552552,259.510439109043,650.782503536178,259.507974631246,650.6567697883,87.827862,21366.2939274911,259.517905778044,651.163515297149
,88,287,88.837204,39268.4937185376,262.500309713785,600.234824120447,262.4989950057,600.299245730699,262.497683530666,600.363512363388,262.496375280733,600.427624382696,262.495070247968,600.491582152013,262.493768424462,600.555386033912,262.492469802321,600.619036390142,262.489882130666,600.745877968624,88.837204,39268.4937185376,262.500309713785,600.234824120447
,89,265,89.846546,30678.7324481301,265.482713649526,0.233012467438797,265.481336350826,0.231684682626256,265.479962439095,0.230363942942353,265.478591906006,0.22905021249439,265.477224743249,0.227743455568908,265.475860942536,0.226443636631063,265.474500495599,0.225150720324117,265.471789630087,0.222585455057268,89.846546,30678.7324481301,265.482713649526,0.233012467438797
,90,257,90.855888,27603.8659522685,268.465117585267,131.448921243997,268.463677695951,131.415906316651,268.462241347524,131.3829767089,268.460808531279,131.350132190645,268.459379238529,131.31737253244,268.45795346061,131.284697505504,268.456531188878,131.252106881729,268.453697129507,131.187177934473,90.855888,27603.8659522685,268.465117585267,131.448921243997
,91,268,91.86523,31023.4572029529,271.447521521008,11.8854046378115,271.446019041077,11.8750472314634,271.444520255954,11.864719793675,271.443025156553,11.8544222286549,271.44153373381,11.8441544409525,271.440045978684,11.8339163354611,271.438561882156,11.8237078174172,271.435604628927,11.8033791663052,91.86523,31023.4572029529,271.447521521008,11.8854046378115
,92,289,92.874572,38465.1835081832,274.429925456749,212.287072195902,274.428360386202,212.332681034401,274.426799164383,212.378182595235,274.425241781826,212.423577118227,274.423688229091,212.46886484275,274.422138496758,212.514046007695,274.420592575434,212.559120851477,274.417512128347,212.648952526898,92.874572,38465.1835081832,274.429925456749,212.287072195902
,93,282,93.883914,35387.6618119594,277.41232939249,21.0467216030159,277.410701731328,21.0616585988389,277.409078072812,21.076564141536,277.407458407099,21.0914382825215,277.405842724371,21.1062810732124,277.404231014833,21.1210925650272,277.402623268713,21.1358728093812,277.399419627768,21.1653397613705,93.883914,35387.6618119594,277.41232939249,21.0467216030159
,94,261,94.893256,27591.4504022815,280.39473332823,376.155680873167,280.393043076453,376.090119765167,280.391356981241,376.024725573927,280.389675032373,375.959497861023,280.387997219652,375.894436189229,280.386323532907,375.829540122531,280.384653961991,375.764809226139,280.381327127188,375.635841211065,94.893256,27591.4504022815,280.39473332823,376.155680873167
,95,290,95.902598,37673.8014631496,283.377137263971,43.8623108202799,283.375384421579,43.8855315618637,283.37363588967,43.9087013226661,283.371891657646,43.9318201979795,283.370151714933,43.9548882830126,283.368416050981,43.9779056728886,283.366684655269,44.0008724626376,283.363234626608,44.0466546214557,95.902598,37673.8014631496,283.377137263971,43.8623108202799
,96,271,96.91194,30306.6526345636,286.359541199712,235.91550586565,286.357725766704,235.859740725286,286.355914798099,235.804119286487,286.35410828292,235.748641163622,286.352306210213,235.693305972148,286.350508569055,235.638113328632,286.348715348548,235.583062850746,286.345142126028,235.473386868005,96.91194,30306.6526345636,286.359541199712,235.91550586565
,97,291,97.921282,37279.3913445235,289.341945135453,2.74914593384839,289.34006711183,2.75537719323002,289.338193706529,2.76160015702148,289.336324908193,2.76781481109891,289.334460705494,2.77402114154451,289.332601087129,2.78021913464271,289.330746041826,2.78640877687903,289.327049625448,2.79876295571231,97.921282,37279.3913445235,289.341945135453,2.74914593384839
,98,311,98.930624,44973.4202370294,292.324349071194,348.779937614624,292.322408456955,348.852425848827,292.320472614958,348.924743328546,292.318541533466,348.996890436819,292.316615200774,349.068867555937,292.314693605203,349.140675067427,292.312776735105,349.212313352052,292.308957124869,349.355083759999,98.930624,44973.4202370294,292.324349071194,348.779937614624
,99,281,99.939966,32782.7359120812,295.306753006935,204.68318160143,295.30474980208,204.62586690012,295.302751523387,204.568701139744,295.30075815874,204.511683914764,295.298769696055,204.454814820821,295.296786123278,204.39809345474,295.294807428383,204.341519414548,295.290864624289,204.228811709751,99.939966,32782.7359120812,295.306753006935,204.68318160143
,100,277,100.949308,30993.8461536789,298.289156942675,453.228203329864,298.287091147206,453.140249509452,298.285030431816,453.052520483333,298.282974784013,452.965015656943,298.280924191336,452.877734437373,298.278878641352,452.790676233373,298.276838121661,452.703840455374,298.272772123709,452.530833827255,100.949308,30993.8461536789,298.289156942675,453.228203329864
,1,11,,,,,,,,,,,,,,,,,,,,,,
,2,27,,,,,,,,,,,,,,,,,,,,,,
,3,7,,,,,,,,,,,,,,,,,,,,,,
,4,-4,,,,,,,,,,,,,,,,,,,,,,
,5,27,,,,,,,,,,,,,,,,,,,,,,
,6,-5,,,,,,,,,,,,,,,,,,,,,,
,7,11,,,,,,,,,,,,,,,,,,,,,,
,8,32,,,,,,,,,,,,,,,,,,,,,,
,9,54,,,,,,,,,,,,,,,,,,,,,,
,10,18,,,,,,,,,,,,,,,,,,,,,,
,11,25,,,,,,,,,,,,,,,,,,,,,,
,12,16,,,,,,,,,,,,,,,,,,,,,,
,13,19,,,,,,,,,,,,,,,,,,,,,,
,14,35,,,,,,,,,,,,,,,,,,,,,,
,15,67,,,,,,,,,,,,,,,,,,,,,,
,16,53,,,,,,,,,,,,,,,,,,,,,,
,17,60,,,,,,,,,,,,,,,,,,,,,,
,18,47,,,,,,,,,,,,,,,,,,,,,,
,19,29,,,,,,,,,,,,,,,,,,,,,,
,20,51,,,,,,,,,,,,,,,,,,,,,,
,21,85,,,,,,,,,,,,,,,,,,,,,,
,22,37,,,,,,,,,,,,,,,,,,,,,,
,23,62,,,,,,,,,,,,,,,,,,,,,,
,24,85,,,,,,,,,,,,,,,,,,,,,,
,25,74,,,,,,,,,,,,,,,,,,,,,,
,26,85,,,,,,,,,,,,,,,,,,,,,,
,27,52,,,,,,,,,,,,,,,,,,,,,,
,28,113,,,,,,,,,,,,,,,,,,,,,,
,29,77,,,,,,,,,,,,,,,,,,,,,,
,30,92,,,,,,,,,,,,,,,,,,,,,,
,31,74,,,,,,,,,,,,,,,,,,,,,,
,32,123,,,,,,,,,,,,,,,,,,,,,,
,33,90,,,,,,,,,,,,,,,,,,,,,,
,34,115,,,,,,,,,,,,,,,,,,,,,,
,35,99,,,,,,,,,,,,,,,,,,,,,,
,36,126,,,,,,,,,,,,,,,,,,,,,,
,37,107,,,,,,,,,,,,,,,,,,,,,,
,38,142,,,,,,,,,,,,,,,,,,,,,,
,39,128,,,,,,,,,,,,,,,,,,,,,,
,40,117,,,,,,,,,,,,,,,,,,,,,,
,41,152,,,,,,,,,,,,,,,,,,,,,,
,42,111,,,,,,,,,,,,,,,,,,,,,,
,43,113,,,,,,,,,,,,,,,,,,,,,,
,44,148,,,,,,,,,,,,,,,,,,,,,,
,45,155,,,,,,,,,,,,,,,,,,,,,,
,46,151,,,,,,,,,,,,,,,,,,,,,,
,47,165,,,,,,,,,,,,,,,,,,,,,,
,48,165,,,,,,,,,,,,,,,,,,,,,,
,49,173,,,,,,,,,,,,,,,,,,,,,,
,50,122,,,,,,,,,,,,,,,,,,,,,,
,51,159,,,,,,,,,,,,,,,,,,,,,,
,52,176,,,,,,,,,,,,,,,,,,,,,,
,53,135,,,,,,,,,,,,,,,,,,,,,,
,54,152,,,,,,,,,,,,,,,,,,,,,,
,55,143,,,,,,,,,,,,,,,,,,,,,,
,56,176,,,,,,,,,,,,,,,,,,,,,,
,57,158,,,,,,,,,,,,,,,,,,,,,,
,58,147,,,,,,,,,,,,,,,,,,,,,,
,59,171,,,,,,,,,,,,,,,,,,,,,,
,60,209,,,,,,,,,,,,,,,,,,,,,,
,61,166,,,,,,,,,,,,,,,,,,,,,,
,62,205,,,,,,,,,,,,,,,,,,,,,,
,63,216,,,,,,,,,,,,,,,,,,,,,,
,64,170,,,,,,,,,,,,,,,,,,,,,,
,65,190,,,,,,,,,,,,,,,,,,,,,,
,66,220,,,,,,,,,,,,,,,,,,,,,,
,67,172,,,,,,,,,,,,,,,,,,,,,,
,68,193,,,,,,,,,,,,,,,,,,,,,,
,69,204,,,,,,,,,,,,,,,,,,,,,,
,70,226,,,,,,,,,,,,,,,,,,,,,,
,71,242,,,,,,,,,,,,,,,,,,,,,,
,72,192,,,,,,,,,,,,,,,,,,,,,,
,73,232,,,,,,,,,,,,,,,,,,,,,,
,74,199,,,,,,,,,,,,,,,,,,,,,,
,75,241,,,,,,,,,,,,,,,,,,,,,,
,76,232,,,,,,,,,,,,,,,,,,,,,,
,77,214,,,,,,,,,,,,,,,,,,,,,,
,78,220,,,,,,,,,,,,,,,,,,,,,,
,79,242,,,,,,,,,,,,,,,,,,,,,,
,80,259,,,,,,,,,,,,,,,,,,,,,,
,81,252,,,,,,,,,,,,,,,,,,,,,,
,82,219,,,,,,,,,,,,,,,,,,,,,,
,83,220,,,,,,,,,,,,,,,,,,,,,,
,84,227,,,,,,,,,,,,,,,,,,,,,,
,85,278,,,,,,,,,,,,,,,,,,,,,,
,86,269,,,,,,,,,,,,,,,,,,,,,,
,87,234,,,,,,,,,,,,,,,,,,,,,,
,88,287,,,,,,,,,,,,,,,,,,,,,,
,89,265,,,,,,,,,,,,,,,,,,,,,,
,90,257,,,,,,,,,,,,,,,,,,,,,,
,91,268,,,,,,,,,,,,,,,,,,,,,,
,92,289,,,,,,,,,,,,,,,,,,,,,,
,93,282,,,,,,,,,,,,,,,,,,,,,,
,94,261,,,,,,,,,,,,,,,,,,,,,,
,95,290,,,,,,,,,,,,,,,,,,,,,,
,96,271,,,,,,,,,,,,,,,,,,,,,,
,97,291,,,,,,,,,,,,,,,,,,,,,,
,98,311,,,,,,,,,,,,,,,,,,,,,,
,99,281,,,,,,,,,,,,,,,,,,,,,,
,100,277,,,,,,,,,,,,,,,,,,,,,,
,1,11,3.03529797978489,63.4364782708187,,,,,,,,,,,,,,,,,,,,
,2,27,6.01763932491035,440.259459499549,,,,,,,,,,,,,,,,,,,,
,3,7,8.99998067003582,3.99992268051691,,,,,,,,,,,,,,,,,,,,
,4,-4,11.9823220151613,255.434616996309,,,,,,,,,,,,,,,,,,,,
,5,27,14.9646633602867,144.849328031224,,,,,,,,,,,,,,,,,,,,
,6,-5,17.9470047054122,526.56502495021,,,,,,,,,,,,,,,,,,,,
,7,11,20.9293460505377,98.5919129913281,,,,,,,,,,,,,,,,,,,,
,8,32,23.9116873956631,65.4208007854745,,,,,,,,,,,,,,,,,,,,
,9,54,26.8940287407886,734.733677905194,,,,,,,,,,,,,,,,,,,,
,10,18,29.8763700859141,141.048166417595,,,,,,,,,,,,,,,,,,,,
,11,25,32.8587114310395,61.7593453563514,,,,,,,,,,,,,,,,,,,,
,12,16,35.841052776165,393.667375266565,,,,,,,,,,,,,,,,,,,,
,13,19,38.8233941212905,392.966954488013,,,,,,,,,,,,,,,,,,,,
,14,35,41.8057354664159,46.3180352388316,,,,,,,,,,,,,,,,,,,,
,15,67,44.7880768115414,493.369531729985,,,,,,,,,,,,,,,,,,,,
,16,53,47.7704181566669,27.3485262561197,,,,,,,,,,,,,,,,,,,,
,17,60,50.7527595017923,85.5114568316922,,,,,,,,,,,,,,,,,,,,
,18,47,53.7351008469178,45.3615834181527,,,,,,,,,,,,,,,,,,,,
,19,29,56.7174421920433,768.256601669259,,,,,,,,,,,,,,,,,,,,
,20,51,59.6997835371687,75.6862335935918,,,,,,,,,,,,,,,,,,,,
,21,85,62.6821248822942,498.087549769512,,,,,,,,,,,,,,,,,,,,
,22,37,65.6644662274196,821.651624102881,,,,,,,,,,,,,,,,,,,,
,23,62,68.6468075725451,44.1800509064431,,,,,,,,,,,,,,,,,,,,
,24,85,71.6291489176706,178.77965866583,,,,,,,,,,,,,,,,,,,,
,25,74,74.611490262796,0.373920341494369,,,,,,,,,,,,,,,,,,,,
,26,85,77.5938316079215,54.8513302518226,,,,,,,,,,,,,,,,,,,,
,27,52,80.576172953047,816.597660642453,,,,,,,,,,,,,,,,,,,,
,28,113,83.5585142981724,866.801080330917,,,,,,,,,,,,,,,,,,,,
,29,77,86.5408556432979,91.0279264062494,,,,,,,,,,,,,,,,,,,,
,30,92,89.5231969884234,6.13455315815509,,,,,,,,,,,,,,,,,,,,
,31,74,92.5055383335488,342.454949014445,,,,,,,,,,,,,,,,,,,,
,32,123,95.4878796786743,756.916764575103,,,,,,,,,,,,,,,,,,,,
,33,90,98.4702210237998,71.7446441920193,,,,,,,,,,,,,,,,,,,,
,34,115,101.452562368925,183.533066367861,,,,,,,,,,,,,,,,,,,,
,35,99,104.434903714051,29.5381783810018,,,,,,,,,,,,,,,,,,,,
,36,126,107.417245059176,345.318781190713,,,,,,,,,,,,,,,,,,,,
,37,107,110.399586404302,11.5571877203124,,,,,,,,,,,,,,,,,,,,
,38,142,113.381927749427,818.994059339012,,,,,,,,,,,,,,,,,,,,
,39,128,116.364269094553,135.390233703985,,,,,,,,,,,,,,,,,,,,
,40,117,119.346610439678,5.50658055560579,,,,,,,,,,,,,,,,,,,,
,41,152,122.328951784803,880.371102188518,,,,,,,,,,,,,,,,,,,,
,42,111,125.311293129929,204.813111050751,,,,,,,,,,,,,,,,,,,,
,43,113,128.293634475054,233.895255456572,,,,,,,,,,,,,,,,,,,,
,44,148,131.27597582018,279.692984767209,,,,,,,,,,,,,,,,,,,,
,45,155,134.258317165305,430.217406815068,,,,,,,,,,,,,,,,,,,,
,46,151,137.240658510431,189.319478226581,,,,,,,,,,,,,,,,,,,,
,47,165,140.222999855556,613.899736157766,,,,,,,,,,,,,,,,,,,,
,48,165,143.205341200682,475.007152178702,,,,,,,,,,,,,,,,,,,,
,49,173,146.187682545807,718.900367264413,,,,,,,,,,,,,,,,,,,,
,50,122,149.170023890933,738.21019823385,,,,,,,,,,,,,,,,,,,,
,51,159,152.152365236058,46.8901018603456,,,,,,,,,,,,,,,,,,,,
,52,176,155.134706581184,435.360469453304,,,,,,,,,,,,,,,,,,,,
,53,135,158.117047926309,534.397904827269,,,,,,,,,,,,,,,,,,,,
,54,152,161.099389271435,82.7988851130971,,,,,,,,,,,,,,,,,,,,
,55,143,164.08173061656,444.439365789201,,,,,,,,,,,,,,,,,,,,
,56,176,167.064071961685,79.8508099059368,,,,,,,,,,,,,,,,,,,,
,57,158,170.046413306811,145.11607355851,,,,,,,,,,,,,,,,,,,,
,58,147,173.028754651936,677.496068730699,,,,,,,,,,,,,,,,,,,,
,59,171,176.011095997062,25.1110830917691,,,,,,,,,,,,,,,,,,,,
,60,209,178.993437342187,900.39380253724,,,,,,,,,,,,,,,,,,,,
,61,166,181.975778687313,255.225504665996,,,,,,,,,,,,,,,,,,,,
,62,205,184.958120032438,401.676952634154,,,,,,,,,,,,,,,,,,,,
,63,216,187.940461377564,787.337707703996,,,,,,,,,,,,,,,,,,,,
,64,170,190.922802722689,437.763673772568,,,,,,,,,,,,,,,,,,,,
,65,190,193.905144067815,15.2501501903876,,,,,,,,,,,,,,,,,,,,
,66,220,196.88748541294,534.188330537058,,,,,,,,,,,,,,,,,,,,
,67,172,199.869826758066,776.727243524585,,,,,,,,,,,,,,,,,,,,
,68,193,202.852168103191,97.065216333534,,,,,,,,,,,,,,,,,,,,
,69,204,205.834509448316,3.36542491596234,,,,,,,,,,,,,,,,,,,,
,70,226,208.816850793442,295.260616654838,,,,,,,,,,,,,,,,,,,,
,71,242,211.799192138567,912.088795483169,,,,,,,,,,,,,,,,,,,,
,72,192,214.781533483693,518.998267868619,,,,,,,,,,,,,,,,,,,,
,73,232,217.763874828818,202.667259889552,,,,,,,,,,,,,,,,,,,,
,74,199,220.746216173944,472.897917883895,,,,,,,,,,,,,,,,,,,,
,75,241,223.728557519069,298.302725372099,,,,,,,,,,,,,,,,,,,,
,76,232,226.710898864195,27.9745908247767,,,,,,,,,,,,,,,,,,,,
,77,214,229.69324020932,246.277788267424,,,,,,,,,,,,,,,,,,,,
,78,220,232.675581554446,160.670367743403,,,,,,,,,,,,,,,,,,,,
,79,242,235.657922899571,40.2219419477846,,,,,,,,,,,,,,,,,,,,
,80,259,238.640264244697,414.518840025781,,,,,,,,,,,,,,,,,,,,
,81,252,241.622605589822,107.690314744393,,,,,,,,,,,,,,,,,,,,
,82,219,244.604946934948,655.613307541477,,,,,,,,,,,,,,,,,,,,
,83,220,247.587288280073,761.058474647851,,,,,,,,,,,,,,,,,,,,
,84,227,250.569629625198,555.527440669032,,,,,,,,,,,,,,,,,,,,
,85,278,253.551970970324,597.706123435885,,,,,,,,,,,,,,,,,,,,
,86,269,256.534312315449,155.393369448757,,,,,,,,,,,,,,,,,,,,
,87,234,259.516653660575,651.099614033727,,,,,,,,,,,,,,,,,,,,
,88,287,262.4989950057,600.299245730699,,,,,,,,,,,,,,,,,,,,
,89,265,265.481336350826,0.231684682626256,,,,,,,,,,,,,,,,,,,,
,90,257,268.463677695951,131.415906316651,,,,,,,,,,,,,,,,,,,,
,91,268,271.446019041077,11.8750472314634,,,,,,,,,,,,,,,,,,,,
,92,289,274.428360386202,212.332681034401,,,,,,,,,,,,,,,,,,,,
,93,282,277.410701731328,21.0616585988389,,,,,,,,,,,,,,,,,,,,
,94,261,280.393043076453,376.090119765167,,,,,,,,,,,,,,,,,,,,
,95,290,283.375384421579,43.8855315618637,,,,,,,,,,,,,,,,,,,,
,96,271,286.357725766704,235.859740725286,,,,,,,,,,,,,,,,,,,,
,97,291,289.34006711183,2.75537719323002,,,,,,,,,,,,,,,,,,,,
,98,311,292.322408456955,348.852425848827,,,,,,,,,,,,,,,,,,,,
,99,281,295.30474980208,204.62586690012,,,,,,,,,,,,,,,,,,,,
,100,277,298.287091147206,453.140249509452,,,,,,,,,,,,,,,,,,,,
,1,11,3.03941849733034,63.3708578606464,,,,,,,,,,,,,,,,,,,,
,2,27,6.02169740575948,440.089179735518,,,,,,,,,,,,,,,,,,,,
,3,7,9.00397631418863,4.01592106782905,,,,,,,,,,,,,,,,,,,,
,4,-4,11.9862552226178,255.560356042674,,,,,,,,,,,,,,,,,,,,
,5,27,14.9685341310469,144.756170955783,,,,,,,,,,,,,,,,,,,,
,6,-5,17.9508130394761,526.739819172985,,,,,,,,,,,,,,,,,,,,
,7,11,20.9330919479052,98.6663156455396,,,,,,,,,,,,,,,,,,,,
,8,32,23.9153708563344,65.3612283906077,,,,,,,,,,,,,,,,,,,,
,9,54,26.8976497647635,734.537388273423,,,,,,,,,,,,,,,,,,,,
,10,18,29.8799286731927,141.132705280145,,,,,,,,,,,,,,,,,,,,
,11,25,32.8622075816218,61.8143080565115,,,,,,,,,,,,,,,,,,,,
,12,16,35.844486490051,393.803644053815,,,,,,,,,,,,,,,,,,,,
,13,19,38.8267653984801,393.100626166368,,,,,,,,,,,,,,,,,,,,
,14,35,41.8090443069093,46.3630843734534,,,,,,,,,,,,,,,,,,,,
,15,67,44.7913232153384,493.225324525567,,,,,,,,,,,,,,,,,,,,
,16,53,47.7736021237676,27.315234760687,,,,,,,,,,,,,,,,,,,,
,17,60,50.7558810321967,85.4537354909007,,,,,,,,,,,,,,,,,,,,
,18,47,53.7381599406259,45.4027993854549,,,,,,,,,,,,,,,,,,,,
,19,29,56.720438849055,768.422729984197,,,,,,,,,,,,,,,,,,,,
,20,51,59.7027177574841,75.7372963664299,,,,,,,,,,,,,,,,,,,,
,21,85,62.6849966659133,497.959373800301,,,,,,,,,,,,,,,,,,,,
,22,37,65.6672755743424,821.812688855291,,,,,,,,,,,,,,,,,,,,
,23,62,68.6495544827716,44.2165748193478,,,,,,,,,,,,,,,,,,,,
,24,85,71.6318333912007,178.707878480615,,,,,,,,,,,,,,,,,,,,
,25,74,74.6141122996299,0.377133916556718,,,,,,,,,,,,,,,,,,,,
,26,85,77.5963912080591,54.8134231441054,,,,,,,,,,,,,,,,,,,,
,27,52,80.5786701164882,816.740385627055,,,,,,,,,,,,,,,,,,,,
,28,113,83.5609490249173,866.657722313516,,,,,,,,,,,,,,,,,,,,
,29,77,86.5432279333465,91.0731993878047,,,,,,,,,,,,,,,,,,,,
,30,92,89.5255068417756,6.12311639009925,,,,,,,,,,,,,,,,,,,,
,31,74,92.5077857502048,342.538133375483,,,,,,,,,,,,,,,,,,,,
,32,123,95.4900646586339,756.796542486142,,,,,,,,,,,,,,,,,,,,
,33,90,98.4723435670631,71.7806055183551,,,,,,,,,,,,,,,,,,,,
,34,115,101.454622475492,183.47725228144,,,,,,,,,,,,,,,,,,,,
,35,99,104.436901383921,29.5598966584861,,,,,,,,,,,,,,,,,,,,
,36,126,107.419180292351,345.246861008175,,,,,,,,,,,,,,,,,,,,
,37,107,110.40145920078,11.5699246945687,,,,,,,,,,,,,,,,,,,,
,38,142,113.383738109209,818.890444602348,,,,,,,,,,,,,,,,,,,,
,39,128,116.366017017638,135.34956003389,,,,,,,,,,,,,,,,,,,,
,40,117,119.348295926067,5.51449375638338,,,,,,,,,,,,,,,,,,,,
,41,152,122.330574834496,880.274789651427,,,,,,,,,,,,,,,,,,,,
,42,111,125.312853742925,204.857782266374,,,,,,,,,,,,,,,,,,,,
,43,113,128.295132651355,233.941082822532,,,,,,,,,,,,,,,,,,,,
,44,148,131.277411559784,279.644964140857,,,,,,,,,,,,,,,,,,,,
,45,155,134.259690468213,430.160439474342,,,,,,,,,,,,,,,,,,,,
,46,151,137.241969376642,189.283406633257,,,,,,,,,,,,,,,,,,,,
,47,165,140.224248285071,613.837873039801,,,,,,,,,,,,,,,,,,,,
,48,165,143.2065271935,474.955456967643,,,,,,,,,,,,,,,,,,,,
,49,173,146.188806101929,718.840118239937,,,,,,,,,,,,,,,,,,,,
,50,122,149.171085010359,738.267860640133,,,,,,,,,,,,,,,,,,,,
,51,159,152.153363918788,46.8764256285577,,,,,,,,,,,,,,,,,,,,
,52,176,155.135642827217,435.321400233466,,,,,,,,,,,,,,,,,,,,
,53,135,158.117921735646,534.438305375454,,,,,,,,,,,,,,,,,,,,
,54,152,161.100200644075,82.8136517624259,,,,,,,,,,,,,,,,,,,,
,55,143,164.082479552504,444.470944081762,,,,,,,,,,,,,,,,,,,,
,56,176,167.064758460933,79.8385413614602,,,,,,,,,,,,,,,,,,,,
,57,158,170.047037369363,145.131109378819,,,,,,,,,,,,,,,,,,,,
,58,147,173.029316277792,677.525305889315,,,,,,,,,,,,,,,,,,,,
,59,171,176.011595186221,25.1160863105527,,,,,,,,,,,,,,,,,,,,
,60,209,178.99387409465,900.367591847714,,,,,,,,,,,,,,,,,,,,
,61,166,181.976153003079,255.237464777796,,,,,,,,,,,,,,,,,,,,
,62,205,184.958431911508,401.664451445647,,,,,,,,,,,,,,,,,,,,
,63,216,187.940710819938,787.323709290373,,,,,,,,,,,,,,,,,,,,
,64,170,190.922989728367,437.771499173336,,,,,,,,,,,,,,,,,,,,
,65,190,193.905268636796,15.2511231255409,,,,,,,,,,,,,,,,,,,,
,66,220,196.887547545225,534.185458474237,,,,,,,,,,,,,,,,,,,,
,67,172,199.869826453654,776.727226556798,,,,,,,,,,,,,,,,,,,,
,68,193,202.852105362083,97.0639800655895,,,,,,,,,,,,,,,,,,,,
,69,204,205.834384270512,3.36496565190321,,,,,,,,,,,,,,,,,,,,
,70,226,208.816663178942,295.267064305944,,,,,,,,,,,,,,,,,,,,
,71,242,211.798942087371,912.10389904199,,,,,,,,,,,,,,,,,,,,
,72,192,214.7812209958,518.984030059471,,,,,,,,,,,,,,,,,,,,
,73,232,217.763499904229,202.677934976888,,,,,,,,,,,,,,,,,,,,
,74,199,220.745778812658,472.878896169051,,,,,,,,,,,,,,,,,,,,
,75,241,223.728057721087,298.319990086093,,,,,,,,,,,,,,,,,,,,
,76,232,226.710336629516,27.9805385730359,,,,,,,,,,,,,,,,,,,,
,77,214,229.692615537946,246.25818242177,,,,,,,,,,,,,,,,,,,,
,78,220,232.674894446375,160.65294922674,,,,,,,,,,,,,,,,,,,,
,79,242,235.657173354804,40.2314498510101,,,,,,,,,,,,,,,,,,,,
,80,259,238.639452263233,414.551904141167,,,,,,,,,,,,,,,,,,,,
,81,252,241.621731171662,107.708463873249,,,,,,,,,,,,,,,,,,,,
,82,219,244.604010080091,655.565332181418,,,,,,,,,,,,,,,,,,,,
,83,220,247.58628898852,761.003340158165,,,,,,,,,,,,,,,,,,,,
,84,227,250.56856789695,555.477392713124,,,,,,,,,,,,,,,,,,,,
,85,278,253.550846805379,597.761091934059,,,,,,,,,,,,,,,,,,,,
,86,269,256.533125713808,155.422954467717,,,,,,,,,,,,,,,,,,,,
,87,234,259.515404622237,651.035873036475,,,,,,,,,,,,,,,,,,,,
,88,287,262.497683530666,600.363512363388,,,,,,,,,,,,,,,,,,,,
,89,265,265.479962439095,0.230363942942353,,,,,,,,,,,,,,,,,,,,
,90,257,268.462241347524,131.3829767089,,,,,,,,,,,,,,,,,,,,
,91,268,271.444520255954,11.864719793675,,,,,,,,,,,,,,,,,,,,
,92,289,274.426799164383,212.378182595235,,,,,,,,,,,,,,,,,,,,
,93,282,277.409078072812,21.076564141536,,,,,,,,,,,,,,,,,,,,
,94,261,280.391356981241,376.024725573927,,,,,,,,,,,,,,,,,,,,
,95,290,283.37363588967,43.9087013226661,,,,,,,,,,,,,,,,,,,,
,96,271,286.355914798099,235.804119286487,,,,,,,,,,,,,,,,,,,,
,97,291,289.338193706529,2.76160015702148,,,,,,,,,,,,,,,,,,,,
,98,311,292.320472614958,348.924743328546,,,,,,,,,,,,,,,,,,,,
,99,281,295.302751523387,204.568701139744,,,,,,,,,,,,,,,,,,,,
,100,277,298.285030431816,453.052520483333,,,,,,,,,,,,,,,,,,,,
,1,11,3.04352888194748,63.3054326524039,,,,,,,,,,,,,,,,,,,,
,2,27,6.02574550722087,439.919351527865,,,,,,,,,,,,,,,,,,,,
,3,7,9.00796213249426,4.0319119255309,,,,,,,,,,,,,,,,,,,,
,4,-4,11.9901787577677,255.685816705364,,,,,,,,,,,,,,,,,,,,
,5,27,14.972395383041,144.663272821892,,,,,,,,,,,,,,,,,,,,
,6,-5,17.9546120083144,526.914212452253,,,,,,,,,,,,,,,,,,,,
,7,11,20.9368286335878,98.7405632932909,,,,,,,,,,,,,,,,,,,,
,8,32,23.9190452588612,65.3018295283334,,,,,,,,,,,,,,,,,,,,
,9,54,26.9012618841346,734.341607472256,,,,,,,,,,,,,,,,,,,,
,10,18,29.883478509408,141.217061483562,,,,,,,,,,,,,,,,,,,,
,11,25,32.8656951346814,61.8691599517506,,,,,,,,,,,,,,,,,,,,
,12,16,35.8479117599548,393.939601230951,,,,,,,,,,,,,,,,,,,,
,13,19,38.8301283852282,393.233991774632,,,,,,,,,,,,,,,,,,,,
,14,35,41.8123450105016,46.4080445421056,,,,,,,,,,,,,,,,,,,,
,15,67,44.794561635775,493.081492947397,,,,,,,,,,,,,,,,,,,,
,16,53,47.7767782610484,27.2820453342571,,,,,,,,,,,,,,,,,,,,
,17,60,50.7589948863217,85.3961755110278,,,,,,,,,,,,,,,,,,,,
,18,47,53.7412115115951,45.4439326440627,,,,,,,,,,,,,,,,,,,,
,19,29,56.7234281368685,768.588467660113,,,,,,,,,,,,,,,,,,,,
,20,51,59.7056447621419,75.788250724609,,,,,,,,,,,,,,,,,,,,
,21,85,62.6878613874153,497.831529467193,,,,,,,,,,,,,,,,,,,,
,22,37,65.6700780126887,821.973373253656,,,,,,,,,,,,,,,,,,,,
,23,62,68.6522946379621,44.2530239502591,,,,,,,,,,,,,,,,,,,,
,24,85,71.6345112632355,178.63628917258,,,,,,,,,,,,,,,,,,,,
,25,74,74.6167278885089,0.380353288464599,,,,,,,,,,,,,,,,,,,,
,26,85,77.5989445137823,54.7756223100738,,,,,,,,,,,,,,,,,,,,
,27,52,80.5811611390556,816.882772056664,,,,,,,,,,,,,,,,,,,,
,28,113,83.563377764329,866.514728645598,,,,,,,,,,,,,,,,,,,,
,29,77,86.5455943896024,91.1183722508093,,,,,,,,,,,,,,,,,,,,
,30,92,89.5278110148758,6.11171837816931,,,,,,,,,,,,,,,,,,,,
,31,74,92.5100276401492,342.621123239088,,,,,,,,,,,,,,,,,,,,
,32,123,95.4922442654226,756.676625553176,,,,,,,,,,,,,,,,,,,,
,33,90,98.474460890696,71.8164873879359,,,,,,,,,,,,,,,,,,,,
,34,115,101.456677515969,183.421583906449,,,,,,,,,,,,,,,,,,,,
,35,99,104.438894141243,29.5815694796449,,,,,,,,,,,,,,,,,,,,
,36,126,107.421110766516,345.175125150062,,,,,,,,,,,,,,,,,,,,
,37,107,110.40332739179,11.5826373357051,,,,,,,,,,,,,,,,,,,,
,38,142,113.385544017063,818.787091199442,,,,,,,,,,,,,,,,,,,,
,39,128,116.367760642336,135.30899247398,,,,,,,,,,,,,,,,,,,,
,40,117,119.34997726761,5.5223931582825,,,,,,,,,,,,,,,,,,,,
,41,152,122.332193892883,880.178719209482,,,,,,,,,,,,,,,,,,,,
,42,111,125.314410518157,204.90234848231,,,,,,,,,,,,,,,,,,,,
,43,113,128.29662714343,233.986801965116,,,,,,,,,,,,,,,,,,,,
,44,148,131.278843768703,279.597065711433,,,,,,,,,,,,,,,,,,,,
,45,155,134.261060393977,430.103615982282,,,,,,,,,,,,,,,,,,,,
,46,151,137.24327701925,189.247427169093,,,,,,,,,,,,,,,,,,,,
,47,165,140.225493644523,613.776165157548,,,,,,,,,,,,,,,,,,,,
,48,165,143.207710269797,474.903891685118,,,,,,,,,,,,,,,,,,,,
,49,173,146.18992689507,718.780019891678,,,,,,,,,,,,,,,,,,,,
,50,122,149.172143520344,738.325383490153,,,,,,,,,,,,,,,,,,,,
,51,159,152.154360145617,46.8627850159164,,,,,,,,,,,,,,,,,,,,
,52,176,155.13657677089,435.282428836949,,,,,,,,,,,,,,,,,,,,
,53,135,158.118793396164,534.478608094508,,,,,,,,,,,,,,,,,,,,
,54,152,161.101010021437,82.8283834103002,,,,,,,,,,,,,,,,,,,,
,55,143,164.083226646711,444.502445836567,,,,,,,,,,,,,,,,,,,,
,56,176,167.065443271984,79.8263039261363,,,,,,,,,,,,,,,,,,,,
,57,158,170.047659897257,145.146108999984,,,,,,,,,,,,,,,,,,,,
,58,147,173.029876522531,677.554471778199,,,,,,,,,,,,,,,,,,,,
,59,171,176.012093147804,25.1210777222655,,,,,,,,,,,,,,,,,,,,
,60,209,178.994309773078,900.341445994029,,,,,,,,,,,,,,,,,,,,
,61,166,181.976526398351,255.249395757204,,,,,,,,,,,,,,,,,,,,
,62,205,184.958743023624,401.651981193127,,,,,,,,,,,,,,,,,,,,
,63,216,187.940959648898,787.309745424786,,,,,,,,,,,,,,,,,,,,
,64,170,190.923176274171,437.779305400037,,,,,,,,,,,,,,,,,,,,
,65,190,193.905392899445,15.2520936990316,,,,,,,,,,,,,,,,,,,,
,66,220,196.887609524718,534.182593481911,,,,,,,,,,,,,,,,,,,,
,67,172,199.869826149991,776.727209630739,,,,,,,,,,,,,,,,,,,,
,68,193,202.852042775265,97.0627468456447,,,,,,,,,,,,,,,,,,,,
,69,204,205.834259400538,3.36450754846224,,,,,,,,,,,,,,,,,,,,
,70,226,208.816476025811,295.273496171513,,,,,,,,,,,,,,,,,,,,
,71,242,211.798692651085,912.118965583636,,,,,,,,,,,,,,,,,,,,
,72,192,214.780909276358,518.969827457665,,,,,,,,,,,,,,,,,,,,
,73,232,217.763125901632,202.688584092792,,,,,,,,,,,,,,,,,,,,
,74,199,220.745342526905,472.859921612425,,,,,,,,,,,,,,,,,,,,
,75,241,223.727559152178,298.337212841496,,,,,,,,,,,,,,,,,,,,
,76,232,226.709775777452,27.9864723248358,,,,,,,,,,,,,,,,,,,,
,77,214,229.691992402725,246.238625567185,,,,,,,,,,,,,,,,,,,,
,78,220,232.674209027999,160.635574485401,,,,,,,,,,,,,,,,,,,,
,79,242,235.656425653272,40.2409354924658,,,,,,,,,,,,,,,,,,,,
,80,259,238.638642278545,414.58488826104,,,,,,,,,,,,,,,,,,,,
,81,252,241.620858903819,107.726569894438,,,,,,,,,,,,,,,,,,,,
,82,219,244.603075529092,655.517476548397,,,,,,,,,,,,,,,,,,,,
,83,220,247.585292154366,760.948343241701,,,,,,,,,,,,,,,,,,,,
,84,227,250.567508779639,555.427470078358,,,,,,,,,,,,,,,,,,,,
,85,278,253.549725404912,597.81592777519,,,,,,,,,,,,,,,,,,,,
,86,269,256.531942030186,155.452469538649,,,,,,,,,,,,,,,,,,,,
,87,234,259.514158655459,650.972291895941,,,,,,,,,,,,,,,,,,,,
,88,287,262.496375280733,600.427624382696,,,,,,,,,,,,,,,,,,,,
,89,265,265.478591906006,0.22905021249439,,,,,,,,,,,,,,,,,,,,
,90,257,268.460808531279,131.350132190645,,,,,,,,,,,,,,,,,,,,
,91,268,271.443025156553,11.8544222286549,,,,,,,,,,,,,,,,,,,,
,92,289,274.425241781826,212.423577118227,,,,,,,,,,,,,,,,,,,,
,93,282,277.407458407099,21.0914382825215,,,,,,,,,,,,,,,,,,,,
,94,261,280.389675032373,375.959497861023,,,,,,,,,,,,,,,,,,,,
,95,290,283.371891657646,43.9318201979795,,,,,,,,,,,,,,,,,,,,
,96,271,286.35410828292,235.748641163622,,,,,,,,,,,,,,,,,,,,
,97,291,289.336324908193,2.76781481109891,,,,,,,,,,,,,,,,,,,,
,98,311,292.318541533466,348.996890436819,,,,,,,,,,,,,,,,,,,,
,99,281,295.30075815874,204.511683914764,,,,,,,,,,,,,,,,,,,,
,100,277,298.282974784013,452.965015656943,,,,,,,,,,,,,,,,,,,,
,1,11,3.04762915855461,63.2402019998709,,,,,,,,,,,,,,,,,,,,
,2,27,6.02978365383522,439.749973604956,,,,,,,,,,,,,,,,,,,,
,3,7,9.01193814911584,4.04789511586767,,,,,,,,,,,,,,,,,,,,
,4,-4,11.9940926443965,255.810999517537,,,,,,,,,,,,,,,,,,,,
,5,27,14.9762471396771,144.570632846124,,,,,,,,,,,,,,,,,,,,
,6,-5,17.9584016349577,527.088205632028,,,,,,,,,,,,,,,,,,,,
,7,11,20.9405561302383,98.8146561784183,,,,,,,,,,,,,,,,,,,,
,8,32,23.9227106255189,65.242603639105,,,,,,,,,,,,,,,,,,,,
,9,54,26.9048651207995,734.146334122066,,,,,,,,,,,,,,,,,,,,
,10,18,29.8870196160802,141.301235353074,,,,,,,,,,,,,,,,,,,,
,11,25,32.8691741113608,61.9239011949106,,,,,,,,,,,,,,,,,,,,
,12,16,35.8513286066414,394.075247448858,,,,,,,,,,,,,,,,,,,,
,13,19,38.833483101922,393.367051954226,,,,,,,,,,,,,,,,,,,,
,14,35,41.8156375972026,46.4529158564019,,,,,,,,,,,,,,,,,,,,
,15,67,44.7977920924832,492.9380359686,,,,,,,,,,,,,,,,,,,,
,16,53,47.7799465877638,27.2489576265983,,,,,,,,,,,,,,,,,,,,
,17,60,50.7621010830445,85.3387763998883,,,,,,,,,,,,,,,,,,,,
,18,47,53.7442555783251,45.4849833057689,,,,,,,,,,,,,,,,,,,,
,19,29,56.7264100736057,768.753815569743,,,,,,,,,,,,,,,,,,,,
,20,51,59.7085645688863,75.839096850462,,,,,,,,,,,,,,,,,,,,
,21,85,62.6907190641669,497.704015873925,,,,,,,,,,,,,,,,,,,,
,22,37,65.6728735594475,822.133678156066,,,,,,,,,,,,,,,,,,,,
,23,62,68.6550280547282,44.2893984092187,,,,,,,,,,,,,,,,,,,,
,24,85,71.6371825500088,178.56489020179,,,,,,,,,,,,,,,,,,,,
,25,74,74.6193370452894,0.383578375667785,,,,,,,,,,,,,,,,,,,,
,26,85,77.60149154057,54.7379274242573,,,,,,,,,,,,,,,,,,,,
,27,52,80.5836460358506,817.024820702798,,,,,,,,,,,,,,,,,,,,
,28,113,83.5658005311312,866.372098373155,,,,,,,,,,,,,,,,,,,,
,29,77,86.5479550264118,91.1634451863832,,,,,,,,,,,,,,,,,,,,
,30,92,89.5301095216925,6.10035897483429,,,,,,,,,,,,,,,,,,,,
,31,74,92.5122640169731,342.703919034116,,,,,,,,,,,,,,,,,,,,
,32,123,95.4944185122537,756.557012979053,,,,,,,,,,,,,,,,,,,,
,33,90,98.4765730075343,71.8522899520591,,,,,,,,,,,,,,,,,,,,
,34,115,101.458727502815,183.366060843021,,,,,,,,,,,,,,,,,,,,
,35,99,104.440881998096,29.6031969172001,,,,,,,,,,,,,,,,,,,,
,36,126,107.423036493376,345.103573126434,,,,,,,,,,,,,,,,,,,,
,37,107,110.405190988657,11.5953256692293,,,,,,,,,,,,,,,,,,,,
,38,142,113.387345483937,818.683998455559,,,,,,,,,,,,,,,,,,,,
,39,128,116.369499979218,135.26853073341,,,,,,,,,,,,,,,,,,,,
,40,117,119.351654474499,5.53027876742936,,,,,,,,,,,,,,,,,,,,
,41,152,122.333808969779,880.082890241552,,,,,,,,,,,,,,,,,,,,
,42,111,125.31596346506,204.946809932928,,,,,,,,,,,,,,,,,,,,
,43,113,128.29811796034,234.032413128491,,,,,,,,,,,,,,,,,,,,
,44,148,131.280272455621,279.549289158263,,,,,,,,,,,,,,,,,,,,
,45,155,134.262426950902,430.046935966688,,,,,,,,,,,,,,,,,,,,
,46,151,137.244581446182,189.211539590712,,,,,,,,,,,,,,,,,,,,
,47,165,140.226735941463,613.714612114005,,,,,,,,,,,,,,,,,,,,
,48,165,143.208890436744,474.852455997848,,,,,,,,,,,,,,,,,,,,
,49,173,146.191044932024,718.720071836749,,,,,,,,,,,,,,,,,,,,
,50,122,149.173199427305,738.382767116077,,,,,,,,,,,,,,,,,,,,
,51,159,152.155353922585,46.8491799250672,,,,,,,,,,,,,,,,,,,,
,52,176,155.137508417866,435.243555014612,,,,,,,,,,,,,,,,,,,,
,53,135,158.119662913147,534.518813217527,,,,,,,,,,,,,,,,,,,,
,54,152,161.101817408427,82.8430801363489,,,,,,,,,,,,,,,,,,,,
,55,143,164.083971903708,444.533871236341,,,,,,,,,,,,,,,,,,,,
,56,176,167.066126398988,79.8140975188507,,,,,,,,,,,,,,,,,,,,
,57,158,170.048280894269,145.161072507209,,,,,,,,,,,,,,,,,,,,
,58,147,173.03043538955,677.583566569521,,,,,,,,,,,,,,,,,,,,
,59,171,176.01258988483,25.1260573535031,,,,,,,,,,,,,,,,,,,,
,60,209,178.994744380111,900.315364814886,,,,,,,,,,,,,,,,,,,,
,61,166,181.976898875392,255.261297674487,,,,,,,,,,,,,,,,,,,,
,62,205,184.959053370672,401.639541799567,,,,,,,,,,,,,,,,,,,,
,63,216,187.941207865953,787.29581602167,,,,,,,,,,,,,,,,,,,,
,64,170,190.923362361233,437.787092499478,,,,,,,,,,,,,,,,,,,,
,65,190,193.905516856514,15.253061916515,,,,,,,,,,,,,,,,,,,,
,66,220,196.887671351795,534.179735542656,,,,,,,,,,,,,,,,,,,,
,67,172,199.869825847075,776.727192746304,,,,,,,,,,,,,,,,,,,,
,68,193,202.851980342356,97.0615166661663,,,,,,,,,,,,,,,,,,,,
,69,204,205.834134837636,3.36405060263176,,,,,,,,,,,,,,,,,,,,
,70,226,208.816289332917,295.279912290019,,,,,,,,,,,,,,,,,,,,
,71,242,211.798443828198,912.13399519853,,,,,,,,,,,,,,,,,,,,
,72,192,214.780598323478,518.955659975662,,,,,,,,,,,,,,,,,,,,
,73,232,217.762752818759,202.699207299757,,,,,,,,,,,,,,,,,,,,
,74,199,220.74490731404,472.840994096171,,,,,,,,,,,,,,,,,,,,
,75,241,223.72706180932,298.354393739046,,,,,,,,,,,,,,,,,,,,
,76,232,226.709216304601,27.9923921115023,,,,,,,,,,,,,,,,,,,,
,77,214,229.691370799881,246.21911757937,,,,,,,,,,,,,,,,,,,,
,78,220,232.673525295162,160.618243407111,,,,,,,,,,,,,,,,,,,,
,79,242,235.655679790443,40.250398921398,,,,,,,,,,,,,,,,,,,,
,80,259,238.637834285723,414.617792575668,,,,,,,,,,,,,,,,,,,,
,81,252,241.619988781004,107.744632906486,,,,,,,,,,,,,,,,,,,,
,82,219,244.602143276284,655.469740339398,,,,,,,,,,,,,,,,,,,,
,83,220,247.584297771565,760.89348355037,,,,,,,,,,,,,,,,,,,,
,84,227,250.566452266846,555.377672445516,,,,,,,,,,,,,,,,,,,,
,85,278,253.548606762126,597.870631273134,,,,,,,,,,,,,,,,,,,,
,86,269,256.530761257407,155.481914819784,,,,,,,,,,,,,,,,,,,,
,87,234,259.512915752688,650.908870203732,,,,,,,,,,,,,,,,,,,,
,88,287,262.495070247968,600.491582152013,,,,,,,,,,,,,,,,,,,,
,89,265,265.477224743249,0.227743455568908,,,,,,,,,,,,,,,,,,,,
,90,257,268.459379238529,131.31737253244,,,,,,,,,,,,,,,,,,,,
,91,268,271.44153373381,11.8441544409525,,,,,,,,,,,,,,,,,,,,
,92,289,274.423688229091,212.46886484275,,,,,,,,,,,,,,,,,,,,
,93,282,277.405842724371,21.1062810732124,,,,,,,,,,,,,,,,,,,,
,94,261,280.387997219652,375.894436189229,,,,,,,,,,,,,,,,,,,,
,95,290,283.370151714933,43.9548882830126,,,,,,,,,,,,,,,,,,,,
,96,271,286.352306210213,235.693305972148,,,,,,,,,,,,,,,,,,,,
,97,291,289.334460705494,2.77402114154451,,,,,,,,,,,,,,,,,,,,
,98,311,292.316615200774,349.068867555937,,,,,,,,,,,,,,,,,,,,
,99,281,295.298769696055,204.454814820821,,,,,,,,,,,,,,,,,,,,
,100,277,298.280924191336,452.877734437373,,,,,,,,,,,,,,,,,,,,
,1,11,3.05171935200873,63.1751652592326,,,,,,,,,,,,,,,,,,,,
,2,27,6.0338118700829,439.581044699077,,,,,,,,,,,,,,,,,,,,
,3,7,9.01590438815707,4.06387050219094,,,,,,,,,,,,,,,,,,,,
,4,-4,11.9979969062312,255.935905011784,,,,,,,,,,,,,,,,,,,,
,5,27,14.9800894243054,144.478250247695,,,,,,,,,,,,,,,,,,,,
,6,-5,17.9621819423796,527.261799554943,,,,,,,,,,,,,,,,,,,,
,7,11,20.9442744604538,98.8885945448329,,,,,,,,,,,,,,,,,,,,
,8,32,23.9263669785279,65.1835501654042,,,,,,,,,,,,,,,,,,,,
,9,54,26.9084594966021,733.951566847249,,,,,,,,,,,,,,,,,,,,
,10,18,29.8905520146763,141.385227213722,,,,,,,,,,,,,,,,,,,,
,11,25,32.8726445327505,61.9785319390455,,,,,,,,,,,,,,,,,,,,
,12,16,35.8547370508246,394.210583357388,,,,,,,,,,,,,,,,,,,,
,13,19,38.8368295688988,393.499807345537,,,,,,,,,,,,,,,,,,,,
,14,35,41.818922086973,46.4976984282077,,,,,,,,,,,,,,,,,,,,
,15,67,44.8010146050471,492.794952565331,,,,,,,,,,,,,,,,,,,,
,16,53,47.7831071231213,27.2159712888277,,,,,,,,,,,,,,,,,,,,
,17,60,50.7651996411955,85.2815376669762,,,,,,,,,,,,,,,,,,,,
,18,47,53.7472921592697,45.5259514825417,,,,,,,,,,,,,,,,,,,,
,19,29,56.7293846773438,768.918774584111,,,,,,,,,,,,,,,,,,,,
,20,51,59.711477195418,75.8898349262877,,,,,,,,,,,,,,,,,,,,
,21,85,62.6935697134922,497.576832126834,,,,,,,,,,,,,,,,,,,,
,22,37,65.6756622315664,822.293604418881,,,,,,,,,,,,,,,,,,,,
,23,62,68.6577547496405,44.3256983063609,,,,,,,,,,,,,,,,,,,,
,24,85,71.6398472677147,178.493681029991,,,,,,,,,,,,,,,,,,,,
,25,74,74.6219397857889,0.386809097147085,,,,,,,,,,,,,,,,,,,,
,26,85,77.604032303863,54.7003381623017,,,,,,,,,,,,,,,,,,,,
,27,52,80.5861248219372,817.166532335374,,,,,,,,,,,,,,,,,,,,
,28,113,83.5682173400114,866.229830544807,,,,,,,,,,,,,,,,,,,,
,29,77,86.5503098580855,91.2084183854459,,,,,,,,,,,,,,,,,,,,
,30,92,89.5324023761597,6.08903803318218,,,,,,,,,,,,,,,,,,,,
,31,74,92.5144948942339,342.786521188613,,,,,,,,,,,,,,,,,,,,
,32,123,95.4965874123081,756.437703968811,,,,,,,,,,,,,,,,,,,,
,33,90,98.4786799303822,71.8880133618664,,,,,,,,,,,,,,,,,,,,
,34,115,101.460772448456,183.310682692477,,,,,,,,,,,,,,,,,,,,
,35,99,104.442864966531,29.6247790438859,,,,,,,,,,,,,,,,,,,,
,36,126,107.424957484605,345.032204448741,,,,,,,,,,,,,,,,,,,,
,37,107,110.407050002679,11.6079897207544,,,,,,,,,,,,,,,,,,,,
,38,142,113.389142520753,818.581165697779,,,,,,,,,,,,,,,,,,,,
,39,128,116.371235038827,135.228174522199,,,,,,,,,,,,,,,,,,,,
,40,117,119.353327556901,5.53815059007167,,,,,,,,,,,,,,,,,,,,
,41,152,122.335420074976,879.987302128161,,,,,,,,,,,,,,,,,,,,
,42,111,125.31751259305,204.991166852139,,,,,,,,,,,,,,,,,,,,
,43,113,128.299605111124,234.07791655633,,,,,,,,,,,,,,,,,,,,
,44,148,131.281697629198,279.501634161559,,,,,,,,,,,,,,,,,,,,
,45,155,134.263790147272,429.990399056362,,,,,,,,,,,,,,,,,,,,
,46,151,137.245882665346,189.175743655417,,,,,,,,,,,,,,,,,,,,
,47,165,140.227975183421,613.653213513224,,,,,,,,,,,,,,,,,,,,
,48,165,143.210067701495,474.80114957344,,,,,,,,,,,,,,,,,,,,
,49,173,146.192160219569,718.660273693259,,,,,,,,,,,,,,,,,,,,
,50,122,149.174252737643,738.440011849306,,,,,,,,,,,,,,,,,,,,
,51,159,152.156345255717,46.8356102589427,,,,,,,,,,,,,,,,,,,,
,52,176,155.138437773791,435.20477851797,,,,,,,,,,,,,,,,,,,,
,53,135,158.120530291866,534.558920977078,,,,,,,,,,,,,,,,,,,,
,54,152,161.10262280994,82.8577420200372,,,,,,,,,,,,,,,,,,,,
,55,143,164.084715328014,444.565220463388,,,,,,,,,,,,,,,,,,,,
,56,176,167.066807846088,79.8019220587117,,,,,,,,,,,,,,,,,,,,
,57,158,170.048900364162,145.175999985512,,,,,,,,,,,,,,,,,,,,
,58,147,173.030992882237,677.612590435048,,,,,,,,,,,,,,,,,,,,
,59,171,176.013085400311,25.1310252308083,,,,,,,,,,,,,,,,,,,,
,60,209,178.995177918385,900.289348149378,,,,,,,,,,,,,,,,,,,,
,61,166,181.977270436459,255.273170599748,,,,,,,,,,,,,,,,,,,,
,62,205,184.959362954533,401.627133188136,,,,,,,,,,,,,,,,,,,,
,63,216,187.941455472607,787.281920995675,,,,,,,,,,,,,,,,,,,,
,64,170,190.923547990682,437.794860518354,,,,,,,,,,,,,,,,,,,,
,65,190,193.905640508756,15.2540277836338,,,,,,,,,,,,,,,,,,,,
,66,220,196.88773302683,534.17688463909,,,,,,,,,,,,,,,,,,,,
,67,172,199.869825544904,776.727175903388,,,,,,,,,,,,,,,,,,,,
,68,193,202.851918062978,97.0602895196367,,,,,,,,,,,,,,,,,,,,
,69,204,205.834010581052,3.3635948114122,,,,,,,,,,,,,,,,,,,,
,70,226,208.816103099127,295.286312699847,,,,,,,,,,,,,,,,,,,,
,71,242,211.798195617201,912.148987976872,,,,,,,,,,,,,,,,,,,,
,72,192,214.780288135275,518.941527526148,,,,,,,,,,,,,,,,,,,,
,73,232,217.762380653349,202.709804660128,,,,,,,,,,,,,,,,,,,,
,74,199,220.744473171423,472.822113502746,,,,,,,,,,,,,,,,,,,,
,75,241,223.726565689497,298.371532879247,,,,,,,,,,,,,,,,,,,,
,76,232,226.708658207572,27.9982979642991,,,,,,,,,,,,,,,,,,,,
,77,214,229.690750725646,246.199658334354,,,,,,,,,,,,,,,,,,,,
,78,220,232.67284324372,160.600955879899,,,,,,,,,,,,,,,,,,,,
,79,242,235.654935761794,40.2598401869592,,,,,,,,,,,,,,,,,,,,
,80,259,238.637028279868,414.650617274883,,,,,,,,,,,,,,,,,,,,
,81,252,241.619120797943,107.76265300771,,,,,,,,,,,,,,,,,,,,
,82,219,244.601213316017,655.422123252188,,,,,,,,,,,,,,,,,,,,
,83,220,247.583305834091,760.838760736989,,,,,,,,,,,,,,,,,,,,
,84,227,250.565398352165,555.32799949622,,,,,,,,,,,,,,,,,,,,
,85,278,253.547490870239,597.925202741037,,,,,,,,,,,,,,,,,,,,
,86,269,256.529583388313,155.511290469031,,,,,,,,,,,,,,,,,,,,
,87,234,259.511675906388,650.845607552552,,,,,,,,,,,,,,,,,,,,
,88,287,262.493768424462,600.555386033912,,,,,,,,,,,,,,,,,,,,
,89,265,265.475860942536,0.226443636631063,,,,,,,,,,,,,,,,,,,,
,90,257,268.45795346061,131.284697505504,,,,,,,,,,,,,,,,,,,,
,91,268,271.440045978684,11.8339163354611,,,,,,,,,,,,,,,,,,,,
,92,289,274.422138496758,212.514046007695,,,,,,,,,,,,,,,,,,,,
,93,282,277.404231014833,21.1210925650272,,,,,,,,,,,,,,,,,,,,
,94,261,280.386323532907,375.829540122531,,,,,,,,,,,,,,,,,,,,
,95,290,283.368416050981,43.9779056728886,,,,,,,,,,,,,,,,,,,,
,96,271,286.350508569055,235.638113328632,,,,,,,,,,,,,,,,,,,,
,97,291,289.332601087129,2.78021913464271,,,,,,,,,,,,,,,,,,,,
,98,311,292.314693605203,349.140675067427,,,,,,,,,,,,,,,,,,,,
,99,281,295.296786123278,204.39809345474,,,,,,,,,,,,,,,,,,,,
,100,277,298.278878641352,452.790676233373,,,,,,,,,,,,,,,,,,,,
,1,11,3.05579948710572,63.1103217890697,,,,,,,,,,,,,,,,,,,,
,2,27,6.03783018038406,439.412563546417,,,,,,,,,,,,,,,,,,,,
,3,7,9.0198608736624,4.07983794895222,,,,,,,,,,,,,,,,,,,,
,4,-4,12.0018915669407,256.060533720129,,,,,,,,,,,,,,,,,,,,
,5,27,14.9839222602191,144.386124248459,,,,,,,,,,,,,,,,,,,,
,6,-5,17.9659529534974,527.434995062256,,,,,,,,,,,,,,,,,,,,
,7,11,20.9479836467757,98.9623786365177,,,,,,,,,,,,,,,,,,,,
,8,32,23.9300143400541,65.1246685517327,,,,,,,,,,,,,,,,,,,,
,9,54,26.9120450333324,733.757304276211,,,,,,,,,,,,,,,,,,,,
,10,18,29.8940757266108,141.469037390351,,,,,,,,,,,,,,,,,,,,
,11,25,32.8761064198891,62.0330523374183,,,,,,,,,,,,,,,,,,,,
,12,16,35.8581371131674,394.345609605358,,,,,,,,,,,,,,,,,,,,
,13,19,38.8401678064458,393.632258587927,,,,,,,,,,,,,,,,,,,,
,14,35,41.8221984997241,46.5423923696379,,,,,,,,,,,,,,,,,,,,
,15,67,44.8042291930024,492.652241716765,,,,,,,,,,,,,,,,,,,,
,16,53,47.7862598862808,27.1830859734049,,,,,,,,,,,,,,,,,,,,
,17,60,50.7682905795591,85.2244588234569,,,,,,,,,,,,,,,,,,,,
,18,47,53.7503212728375,45.5668372865219,,,,,,,,,,,,,,,,,,,,
,19,29,56.7323519661158,769.083345572527,,,,,,,,,,,,,,,,,,,,
,20,51,59.7143826593941,75.9404651343492,,,,,,,,,,,,,,,,,,,,
,21,85,62.6964133526725,497.449977334847,,,,,,,,,,,,,,,,,,,,
,22,37,65.6784440459508,822.453152896732,,,,,,,,,,,,,,,,,,,,
,23,62,68.6604747392291,44.3619237519095,,,,,,,,,,,,,,,,,,,,
,24,85,71.6425054325075,178.422661120592,,,,,,,,,,,,,,,,,,,,
,25,74,74.6245361257858,0.390045372411566,,,,,,,,,,,,,,,,,,,,
,26,85,77.6065668190642,54.6628542009631,,,,,,,,,,,,,,,,,,,,
,27,52,80.5885975123425,817.307907722715,,,,,,,,,,,,,,,,,,,,
,28,113,83.5706282056208,866.0879242118,,,,,,,,,,,,,,,,,,,,
,29,77,86.5526588988992,91.2532920387175,,,,,,,,,,,,,,,,,,,,
,30,92,89.5346895921775,6.07775540691794,,,,,,,,,,,,,,,,,,,,
,31,74,92.5167202854559,342.868930129812,,,,,,,,,,,,,,,,,,,,
,32,123,95.4987509787342,756.318697729674,,,,,,,,,,,,,,,,,,,,
,33,90,98.4807816720125,71.9236577683433,,,,,,,,,,,,,,,,,,,,
,34,115,101.462812365291,183.255449057322,,,,,,,,,,,,,,,,,,,,
,35,99,104.444843058569,29.6463159324491,,,,,,,,,,,,,,,,,,,,
,36,126,107.426873751848,344.961018629811,,,,,,,,,,,,,,,,,,,,
,37,107,110.408904445126,11.6206295159989,,,,,,,,,,,,,,,,,,,,
,38,142,113.390935138404,818.478592254995,,,,,,,,,,,,,,,,,,,,
,39,128,116.372965831683,135.187923551222,,,,,,,,,,,,,,,,,,,,
,40,117,119.354996524961,5.54600863257783,,,,,,,,,,,,,,,,,,,,
,41,152,122.337027218239,879.891954251481,,,,,,,,,,,,,,,,,,,,
,42,111,125.319057911518,205.035419473393,,,,,,,,,,,,,,,,,,,,
,43,113,128.301088604796,234.123312491815,,,,,,,,,,,,,,,,,,,,
,44,148,131.283119298074,279.454100402418,,,,,,,,,,,,,,,,,,,,
,45,155,134.265149991353,429.934004881107,,,,,,,,,,,,,,,,,,,,
,46,151,137.247180684631,189.140039121189,,,,,,,,,,,,,,,,,,,,
,47,165,140.229211377909,613.591968960301,,,,,,,,,,,,,,,,,,,,
,48,165,143.211242071188,474.749972080387,,,,,,,,,,,,,,,,,,,,
,49,173,146.193272764466,718.600625080325,,,,,,,,,,,,,,,,,,,,
,50,122,149.175303457744,738.497118020487,,,,,,,,,,,,,,,,,,,,
,51,159,152.157334151023,46.8220759207619,,,,,,,,,,,,,,,,,,,,
,52,176,155.139364844301,435.166099099188,,,,,,,,,,,,,,,,,,,,
,53,135,158.121395537579,534.598931605191,,,,,,,,,,,,,,,,,,,,
,54,152,161.103426230858,82.8723691406661,,,,,,,,,,,,,,,,,,,,
,55,143,164.085456924136,444.596493699592,,,,,,,,,,,,,,,,,,,,
,56,176,167.067487617414,79.7897774650471,,,,,,,,,,,,,,,,,,,,
,57,158,170.049518310693,145.190891519716,,,,,,,,,,,,,,,,,,,,
,58,147,173.031549003971,677.641543546141,,,,,,,,,,,,,,,,,,,,
,59,171,176.013579697249,25.1359813806704,,,,,,,,,,,,,,,,,,,,
,60,209,178.995610390528,900.263395837014,,,,,,,,,,,,,,,,,,,,
,61,166,181.977641083806,255.285014602924,,,,,,,,,,,,,,,,,,,,
,62,205,184.959671777084,401.614755282191,,,,,,,,,,,,,,,,,,,,
,63,216,187.941702470363,787.268060261655,,,,,,,,,,,,,,,,,,,,
,64,170,190.923733163641,437.802609503249,,,,,,,,,,,,,,,,,,,,
,65,190,193.905763856919,15.2549913060173,,,,,,,,,,,,,,,,,,,,
,66,220,196.887794550198,534.174040753874,,,,,,,,,,,,,,,,,,,,
,67,172,199.869825243476,776.727159101891,,,,,,,,,,,,,,,,,,,,
,68,193,202.851855936754,97.0590653985616,,,,,,,,,,,,,,,,,,,,
,69,204,205.833886630033,3.36314017181252,,,,,,,,,,,,,,,,,,,,
,70,226,208.815917323311,295.292697439283,,,,,,,,,,,,,,,,,,,,
,71,242,211.797948016589,912.16394400864,,,,,,,,,,,,,,,,,,,,
,72,192,214.779978709868,518.927430022024,,,,,,,,,,,,,,,,,,,,
,73,232,217.762009403146,202.720376236103,,,,,,,,,,,,,,,,,,,,
,74,199,220.744040096424,472.80327971491,,,,,,,,,,,,,,,,,,,,
,75,241,223.726070789703,298.388630362363,,,,,,,,,,,,,,,,,,,,
,76,232,226.708101482981,28.0041899144277,,,,,,,,,,,,,,,,,,,,
,77,214,229.690132176259,246.18024770849,,,,,,,,,,,,,,,,,,,,
,78,220,232.672162869538,160.58371179209,,,,,,,,,,,,,,,,,,,,
,79,242,235.654193562816,40.2692593382055,,,,,,,,,,,,,,,,,,,,
,80,259,238.636224256094,414.683362548079,,,,,,,,,,,,,,,,,,,,
,81,252,241.618254949373,107.780630296224,,,,,,,,,,,,,,,,,,,,
,82,219,244.600285642651,655.374624985325,,,,,,,,,,,,,,,,,,,,
,83,220,247.582316335929,760.784174455277,,,,,,,,,,,,,,,,,,,,
,84,227,250.564347029208,555.27845091293,,,,,,,,,,,,,,,,,,,,
,85,278,253.546377722486,597.979642491326,,,,,,,,,,,,,,,,,,,,
,86,269,256.528408415764,155.540596643975,,,,,,,,,,,,,,,,,,,,
,87,234,259.510439109043,650.782503536178,,,,,,,,,,,,,,,,,,,,
,88,287,262.492469802321,600.619036390142,,,,,,,,,,,,,,,,,,,,
,89,265,265.474500495599,0.225150720324117,,,,,,,,,,,,,,,,,,,,
,90,257,268.456531188878,131.252106881729,,,,,,,,,,,,,,,,,,,,
,91,268,271.438561882156,11.8237078174172,,,,,,,,,,,,,,,,,,,,
,92,289,274.420592575434,212.559120851477,,,,,,,,,,,,,,,,,,,,
,93,282,277.402623268713,21.1358728093812,,,,,,,,,,,,,,,,,,,,
,94,261,280.384653961991,375.764809226139,,,,,,,,,,,,,,,,,,,,
,95,290,283.366684655269,44.0008724626376,,,,,,,,,,,,,,,,,,,,
,96,271,286.348715348548,235.583062850746,,,,,,,,,,,,,,,,,,,,
,97,291,289.330746041826,2.78640877687903,,,,,,,,,,,,,,,,,,,,
,98,311,292.312776735105,349.212313352052,,,,,,,,,,,,,,,,,,,,
,99,281,295.294807428383,204.341519414548,,,,,,,,,,,,,,,,,,,,
,100,277,298.276838121661,452.703840455374,,,,,,,,,,,,,,,,,,,,
,1,11,3.05986958858049,63.0456709503489,,,,,,,,,,,,,,,,,,,,
,2,27,6.04183860909881,439.244528887061,,,,,,,,,,,,,,,,,,,,
,3,7,9.02380762961712,4.09579732169647,,,,,,,,,,,,,,,,,,,,
,4,-4,12.0057766501354,256.184886174021,,,,,,,,,,,,,,,,,,,,
,5,27,14.9877456706537,144.294254072898,,,,,,,,,,,,,,,,,,,,
,6,-5,17.9697146911721,527.607792993846,,,,,,,,,,,,,,,,,,,,
,7,11,20.9516837116904,99.0360086975235,,,,,,,,,,,,,,,,,,,,
,8,32,23.9336527322087,65.0659582446044,,,,,,,,,,,,,,,,,,,,
,9,54,26.915621752727,733.563545041355,,,,,,,,,,,,,,,,,,,,
,10,18,29.8975907732453,141.552666207612,,,,,,,,,,,,,,,,,,,,
,11,25,32.8795597937636,62.0874625434963,,,,,,,,,,,,,,,,,,,,
,12,16,35.8615288142819,394.480326840552,,,,,,,,,,,,,,,,,,,,
,13,19,38.8434978348003,393.764406319722,,,,,,,,,,,,,,,,,,,,
,14,35,41.8254668553186,46.5869977930523,,,,,,,,,,,,,,,,,,,,
,15,67,44.8074358758369,492.509902405092,,,,,,,,,,,,,,,,,,,,
,16,53,47.7894048963552,27.1503013341272,,,,,,,,,,,,,,,,,,,,
,17,60,50.7713739168735,85.1675393821626,,,,,,,,,,,,,,,,,,,,
,18,47,53.7533429373918,45.60764083002,,,,,,,,,,,,,,,,,,,,
,19,29,56.7353119579101,769.247529402593,,,,,,,,,,,,,,,,,,,,
,20,51,59.7172809784285,75.9909876568704,,,,,,,,,,,,,,,,,,,,
,21,85,62.6992499989468,497.323450609476,,,,,,,,,,,,,,,,,,,,
,22,37,65.6812190194651,822.612324442524,,,,,,,,,,,,,,,,,,,,
,23,62,68.6631880399834,44.3980748561776,,,,,,,,,,,,,,,,,,,,
,24,85,71.6451570605017,178.351829938668,,,,,,,,,,,,,,,,,,,,
,25,74,74.62712608102,0.393287121495515,,,,,,,,,,,,,,,,,,,,
,26,85,77.6090951015383,54.6254752181049,,,,,,,,,,,,,,,,,,,,
,27,52,80.5910641220566,817.448947631554,,,,,,,,,,,,,,,,,,,,
,28,113,83.5730331425749,865.946378427993,,,,,,,,,,,,,,,,,,,,
,29,77,86.5550021630933,91.2980663367169,,,,,,,,,,,,,,,,,,,,
,30,92,89.5369711836116,6.06651095035979,,,,,,,,,,,,,,,,,,,,
,31,74,92.5189402041299,342.951146284138,,,,,,,,,,,,,,,,,,,,
,32,123,95.5009092246482,756.199993471039,,,,,,,,,,,,,,,,,,,,
,33,90,98.4828782451665,71.9592233223191,,,,,,,,,,,,,,,,,,,,
,34,115,101.464847265685,183.20035954124,,,,,,,,,,,,,,,,,,,,
,35,99,104.446816286203,29.6678076556477,,,,,,,,,,,,,,,,,,,,
,36,126,107.428785306721,344.890015183845,,,,,,,,,,,,,,,,,,,,
,37,107,110.41075432724,11.6332450807847,,,,,,,,,,,,,,,,,,,,
,38,142,113.392723347758,818.376277457906,,,,,,,,,,,,,,,,,,,,
,39,128,116.374692368276,135.147777532211,,,,,,,,,,,,,,,,,,,,
,40,117,119.356661388795,5.55385290143579,,,,,,,,,,,,,,,,,,,,
,41,152,122.338630409313,879.796845995331,,,,,,,,,,,,,,,,,,,,
,42,111,125.320599429831,205.079568029686,,,,,,,,,,,,,,,,,,,,
,43,113,128.30256845035,234.168601177636,,,,,,,,,,,,,,,,,,,,
,44,148,131.284537470868,279.406687562818,,,,,,,,,,,,,,,,,,,,
,45,155,134.266506491386,429.877753071727,,,,,,,,,,,,,,,,,,,,
,46,151,137.248475511905,189.104425746688,,,,,,,,,,,,,,,,,,,,
,47,165,140.230444532423,613.530878061379,,,,,,,,,,,,,,,,,,,,
,48,165,143.212413552941,474.69892318806,,,,,,,,,,,,,,,,,,,,
,49,173,146.19438257346,718.541125618051,,,,,,,,,,,,,,,,,,,,
,50,122,149.176351593978,738.554085959502,,,,,,,,,,,,,,,,,,,,
,51,159,152.158320614496,46.8085768140284,,,,,,,,,,,,,,,,,,,,
,52,176,155.140289635014,435.127516511085,,,,,,,,,,,,,,,,,,,,
,53,135,158.122258655533,534.63884533336,,,,,,,,,,,,,,,,,,,,
,54,152,161.104227676051,82.8869615773747,,,,,,,,,,,,,,,,,,,,
,55,143,164.086196696569,444.627691126414,,,,,,,,,,,,,,,,,,,,
,56,176,167.068165717088,79.7776636574073,,,,,,,,,,,,,,,,,,,,
,57,158,170.050134737606,145.205747194459,,,,,,,,,,,,,,,,,,,,
,58,147,173.032103758124,677.670426073752,,,,,,,,,,,,,,,,,,,,
,59,171,176.014072778643,25.1409258295253,,,,,,,,,,,,,,,,,,,,
,60,209,178.996041799161,900.237507717696,,,,,,,,,,,,,,,,,,,,
,61,166,181.978010819679,255.296829753788,,,,,,,,,,,,,,,,,,,,
,62,205,184.959979840198,401.602408005286,,,,,,,,,,,,,,,,,,,,
,63,216,187.941948860716,787.254233734681,,,,,,,,,,,,,,,,,,,,
,64,170,190.923917881234,437.810339500633,,,,,,,,,,,,,,,,,,,,
,65,190,193.905886901753,15.2559524892819,,,,,,,,,,,,,,,,,,,,
,66,220,196.887855922271,534.171203869712,,,,,,,,,,,,,,,,,,,,
,67,172,199.869824942789,776.727142341713,,,,,,,,,,,,,,,,,,,,
,68,193,202.851793963307,97.0578442954616,,,,,,,,,,,,,,,,,,,,
,69,204,205.833762983826,3.36268668084962,,,,,,,,,,,,,,,,,,,,
,70,226,208.815732004344,295.299066546524,,,,,,,,,,,,,,,,,,,,
,71,242,211.797701024862,912.178863383597,,,,,,,,,,,,,,,,,,,,
,72,192,214.779670045381,518.913367376416,,,,,,,,,,,,,,,,,,,,
,73,232,217.761639065899,202.730922089733,,,,,,,,,,,,,,,,,,,,
,74,199,220.743608086417,472.784492615714,,,,,,,,,,,,,,,,,,,,
,75,241,223.725577106936,298.405686288425,,,,,,,,,,,,,,,,,,,,
,76,232,226.707546127454,28.0100679930274,,,,,,,,,,,,,,,,,,,,
,77,214,229.689515147972,246.160885578452,,,,,,,,,,,,,,,,,,,,
,78,220,232.671484168491,160.566511032308,,,,,,,,,,,,,,,,,,,,
,79,242,235.653453189009,40.2786564241009,,,,,,,,,,,,,,,,,,,,
,80,259,238.635422209527,414.716028584217,,,,,,,,,,,,,,,,,,,,
,81,252,241.617391230046,107.798564869935,,,,,,,,,,,,,,,,,,,,
,82,219,244.599360250564,655.327245238148,,,,,,,,,,,,,,,,,,,,
,83,220,247.581329271082,760.729724359853,,,,,,,,,,,,,,,,,,,,
,84,227,250.563298291601,555.229026378943,,,,,,,,,,,,,,,,,,,,
,85,278,253.545267312119,598.033950835726,,,,,,,,,,,,,,,,,,,,
,86,269,256.527236332637,155.569833501887,,,,,,,,,,,,,,,,,,,,
,87,234,259.509205353155,650.719557749454,,,,,,,,,,,,,,,,,,,,
,88,287,262.491174373674,600.682533581667,,,,,,,,,,,,,,,,,,,,
,89,265,265.473143394192,0.223864671467574,,,,,,,,,,,,,,,,,,,,
,90,257,268.45511241471,131.219600433653,,,,,,,,,,,,,,,,,,,,
,91,268,271.437081435229,11.8135287923939,,,,,,,,,,,,,,,,,,,,
,92,289,274.419050455747,212.604089612051,,,,,,,,,,,,,,,,,,,,
,93,282,277.401019476265,21.1506218576908,,,,,,,,,,,,,,,,,,,,
,94,261,280.382988496784,375.700243066447,,,,,,,,,,,,,,,,,,,,
,95,290,283.364957517302,44.023788747208,,,,,,,,,,,,,,,,,,,,
,96,271,286.34692653782,235.528154157252,,,,,,,,,,,,,,,,,,,,
,97,291,289.328895558339,2.7925900549406,,,,,,,,,,,,,,,,,,,,
,98,311,292.310864578857,349.283782789827,,,,,,,,,,,,,,,,,,,,
,99,281,295.292833599375,204.285092299429,,,,,,,,,,,,,,,,,,,,
,100,277,298.274802619894,452.617226515429,,,,,,,,,,,,,,,,,,,,
,1,11,3.06392968110713,62.9812121064125,,,,,,,,,,,,,,,,,,,,
,2,27,6.04583718052735,439.07693946497,,,,,,,,,,,,,,,,,,,,
,3,7,9.02774467994757,4.11174848705566,,,,,,,,,,,,,,,,,,,,
,4,-4,12.0096521793678,256.308962904336,,,,,,,,,,,,,,,,,,,,
,5,27,14.991559678788,144.20263894811,,,,,,,,,,,,,,,,,,,,
,6,-5,17.9734671782082,527.780194188211,,,,,,,,,,,,,,,,,,,,
,7,11,20.9553746776285,99.1094849719659,,,,,,,,,,,,,,,,,,,,
,8,32,23.9372821770487,65.0074186925369,,,,,,,,,,,,,,,,,,,,
,9,54,26.9191896764689,733.370287779069,,,,,,,,,,,,,,,,,,,,
,10,18,29.9010971758891,141.636113989956,,,,,,,,,,,,,,,,,,,,
,11,25,32.8830046753093,62.141762710949,,,,,,,,,,,,,,,,,,,,
,12,16,35.8649121747296,394.614735709719,,,,,,,,,,,,,,,,,,,,
,13,19,38.8468196741498,393.896251178219,,,,,,,,,,,,,,,,,,,,
,14,35,41.82872717357,46.6315148110534,,,,,,,,,,,,,,,,,,,,
,15,67,44.8106346729902,492.367933615504,,,,,,,,,,,,,,,,,,,,
,16,53,47.7925421724105,27.1176170261237,,,,,,,,,,,,,,,,,,,,
,17,60,50.7744496718307,85.1107788575852,,,,,,,,,,,,,,,,,,,,
,18,47,53.7563571712509,45.6483622255133,,,,,,,,,,,,,,,,,,,,
,19,29,56.7382646706711,769.411326940201,,,,,,,,,,,,,,,,,,,,
,20,51,59.7201721700913,76.0414026760355,,,,,,,,,,,,,,,,,,,,
,21,85,62.7020796695116,497.19725106481,,,,,,,,,,,,,,,,,,,,
,22,37,65.6839871689318,822.771119907444,,,,,,,,,,,,,,,,,,,,
,23,62,68.665894668352,44.4341517295638,,,,,,,,,,,,,,,,,,,,
,24,85,71.6478021677722,178.281186950948,,,,,,,,,,,,,,,,,,,,
,25,74,74.6297096671925,0.396534264955636,,,,,,,,,,,,,,,,,,,,
,26,85,77.6116171666127,54.5882008926925,,,,,,,,,,,,,,,,,,,,
,27,52,80.5935246660329,817.589652827031,,,,,,,,,,,,,,,,,,,,
,28,113,83.5754321654531,865.805192249851,,,,,,,,,,,,,,,,,,,,
,29,77,86.5573396648733,91.3427414697612,,,,,,,,,,,,,,,,,,,,
,30,92,89.5392471642936,6.05530451843731,,,,,,,,,,,,,,,,,,,,
,31,74,92.5211546637138,343.033170077207,,,,,,,,,,,,,,,,,,,,
,32,123,95.503062163134,756.081590404473,,,,,,,,,,,,,,,,,,,,
,33,90,98.4849696625542,71.9947101744655,,,,,,,,,,,,,,,,,,,,
,34,115,101.466877161974,183.145413749089,,,,,,,,,,,,,,,,,,,,
,35,99,104.448784661395,29.6892542862498,,,,,,,,,,,,,,,,,,,,
,36,126,107.430692160815,344.819193626422,,,,,,,,,,,,,,,,,,,,
,37,107,110.412599660235,11.6458364410368,,,,,,,,,,,,,,,,,,,,
,38,142,113.394507159655,818.27422063901,,,,,,,,,,,,,,,,,,,,
,39,128,116.376414659076,135.107736177754,,,,,,,,,,,,,,,,,,,,
,40,117,119.358322158496,5.5616834032522,,,,,,,,,,,,,,,,,,,,
,41,152,122.340229657916,879.701976745166,,,,,,,,,,,,,,,,,,,,
,42,111,125.322137157336,205.123612753551,,,,,,,,,,,,,,,,,,,,
,43,113,128.304044656756,234.213782855996,,,,,,,,,,,,,,,,,,,,
,44,148,131.285952156177,279.359395325615,,,,,,,,,,,,,,,,,,,,
,45,155,134.267859655597,429.821643260028,,,,,,,,,,,,,,,,,,,,
,46,151,137.249767155017,189.068903291246,,,,,,,,,,,,,,,,,,,,
,47,165,140.231674654437,613.469940423642,,,,,,,,,,,,,,,,,,,,
,48,165,143.213582153858,474.648002566714,,,,,,,,,,,,,,,,,,,,
,49,173,146.195489653278,718.481774927539,,,,,,,,,,,,,,,,,,,,
,50,122,149.177397152698,738.610915995478,,,,,,,,,,,,,,,,,,,,
,51,159,152.159304652118,46.7951128425316,,,,,,,,,,,,,,,,,,,,
,52,176,155.141212151538,435.089030507128,,,,,,,,,,,,,,,,,,,,
,53,135,158.123119650959,534.678662392551,,,,,,,,,,,,,,,,,,,,
,54,152,161.105027150379,82.9015194091364,,,,,,,,,,,,,,,,,,,,
,55,143,164.086934649799,444.658812924898,,,,,,,,,,,,,,,,,,,,
,56,176,167.068842149219,79.7655805555611,,,,,,,,,,,,,,,,,,,,
,57,158,170.05074964864,145.220567094186,,,,,,,,,,,,,,,,,,,,
,58,147,173.03265714806,677.699238188427,,,,,,,,,,,,,,,,,,,,
,59,171,176.01456464748,25.1458586037562,,,,,,,,,,,,,,,,,,,,
,60,209,178.9964721469,900.211683631735,,,,,,,,,,,,,,,,,,,,
,61,166,181.97837964632,255.308616121947,,,,,,,,,,,,,,,,,,,,
,62,205,184.960287145741,401.590091281167,,,,,,,,,,,,,,,,,,,,
,63,216,187.942194645161,787.24044133004,,,,,,,,,,,,,,,,,,,,
,64,170,190.924102144581,437.818050556863,,,,,,,,,,,,,,,,,,,,
,65,190,193.906009644001,15.2569113390314,,,,,,,,,,,,,,,,,,,,
,66,220,196.887917143422,534.168373969348,,,,,,,,,,,,,,,,,,,,
,67,172,199.869824642842,776.72712562275,,,,,,,,,,,,,,,,,,,,
,68,193,202.851732142262,97.0566262028781,,,,,,,,,,,,,,,,,,,,
,69,204,205.833639641682,3.36223433554842,,,,,,,,,,,,,,,,,,,,
,70,226,208.815547141102,295.305420059673,,,,,,,,,,,,,,,,,,,,
,71,242,211.797454640523,912.193746191286,,,,,,,,,,,,,,,,,,,,
,72,192,214.779362139943,518.899339502662,,,,,,,,,,,,,,,,,,,,
,73,232,217.761269639363,202.741442282923,,,,,,,,,,,,,,,,,,,,
,74,199,220.743177138783,472.76575208851,,,,,,,,,,,,,,,,,,,,
,75,241,223.725084638204,298.422700757232,,,,,,,,,,,,,,,,,,,,
,76,232,226.706992137624,28.0159322311767,,,,,,,,,,,,,,,,,,,,
,77,214,229.688899637044,246.141571821239,,,,,,,,,,,,,,,,,,,,
,78,220,232.670807136464,160.549353489472,,,,,,,,,,,,,,,,,,,,
,79,242,235.652714635884,40.2880314935158,,,,,,,,,,,,,,,,,,,,
,80,259,238.634622135305,414.748615571823,,,,,,,,,,,,,,,,,,,,
,81,252,241.616529634725,107.816456826547,,,,,,,,,,,,,,,,,,,,
,82,219,244.598437134145,655.279983710778,,,,,,,,,,,,,,,,,,,,
,83,220,247.580344633565,760.675410106235,,,,,,,,,,,,,,,,,,,,
,84,227,250.562252132986,555.179725578381,,,,,,,,,,,,,,,,,,,,
,85,278,253.544159632406,598.088128085252,,,,,,,,,,,,,,,,,,,,
,86,269,256.526067131826,155.599001199712,,,,,,,,,,,,,,,,,,,,
,87,234,259.507974631246,650.6567697883,,,,,,,,,,,,,,,,,,,,
,88,287,262.489882130666,600.745877968624,,,,,,,,,,,,,,,,,,,,
,89,265,265.471789630087,0.222585455057268,,,,,,,,,,,,,,,,,,,,
,90,257,268.453697129507,131.187177934473,,,,,,,,,,,,,,,,,,,,
,91,268,271.435604628927,11.8033791663052,,,,,,,,,,,,,,,,,,,,
,92,289,274.417512128347,212.648952526898,,,,,,,,,,,,,,,,,,,,
,93,282,277.399419627768,21.1653397613705,,,,,,,,,,,,,,,,,,,,
,94,261,280.381327127188,375.635841211065,,,,,,,,,,,,,,,,,,,,
,95,290,283.363234626608,44.0466546214557,,,,,,,,,,,,,,,,,,,,
,96,271,286.345142126028,235.473386868005,,,,,,,,,,,,,,,,,,,,
,97,291,289.327049625448,2.79876295571231,,,,,,,,,,,,,,,,,,,,
,98,311,292.308957124869,349.355083759999,,,,,,,,,,,,,,,,,,,,
,99,281,295.290864624289,204.228811709751,,,,,,,,,,,,,,,,,,,,
,100,277,298.272772123709,452.530833827255,,,,,,,,,,,,,,,,,,,,
,0,9.97555,99.5115978025,,,,,,,,,,,,,,,,,,,,,
,1,24.966208,623.311541899264,,,,,,,,,,,,,,,,,,,,,
,2,3.956866,15.656788541956,,,,,,,,,,,,,,,,,,,,,
,3,-8.052476,64.842369730576,,,,,,,,,,,,,,,,,,,,,
,4,21.938182,481.283829465124,,,,,,,,,,,,,,,,,,,,,
,5,-11.07116,122.5705837456,,,,,,,,,,,,,,,,,,,,,
,6,3.919498,15.362464572004,,,,,,,,,,,,,,,,,,,,,
,7,23.910156,571.695559944336,,,,,,,,,,,,,,,,,,,,,
,8,44.900814,2016.0830978626,,,,,,,,,,,,,,,,,,,,,
,9,7.891472,62.275330326784,,,,,,,,,,,,,,,,,,,,,
,10,13.88213,192.7135333369,,,,,,,,,,,,,,,,,,,,,
,11,3.872788,14.998486892944,,,,,,,,,,,,,,,,,,,,,
,12,5.863446,34.379998994916,,,,,,,,,,,,,,,,,,,,,
,13,20.854104,434.893653642816,,,,,,,,,,,,,,,,,,,,,
,14,51.844762,2687.87934683664,,,,,,,,,,,,,,,,,,,,,
,15,36.83542,1356.8481665764,,,,,,,,,,,,,,,,,,,,,
,16,42.826078,1834.07295686208,,,,,,,,,,,,,,,,,,,,,
,17,28.816736,830.404273693696,,,,,,,,,,,,,,,,,,,,,
,18,9.807394,96.184977071236,,,,,,,,,,,,,,,,,,,,,
,19,30.798052,948.520006994704,,,,,,,,,,,,,,,,,,,,,
,20,63.78871,4068.9995234641,,,,,,,,,,,,,,,,,,,,,
,21,14.779368,218.429718479424,,,,,,,,,,,,,,,,,,,,,
,22,38.770026,1503.11491604068,,,,,,,,,,,,,,,,,,,,,
,23,60.760684,3691.86072014786,,,,,,,,,,,,,,,,,,,,,
,24,48.751342,2376.69334680096,,,,,,,,,,,,,,,,,,,,,
,25,58.742,3450.622564,,,,,,,,,,,,,,,,,,,,,
,26,24.732658,611.704371744964,,,,,,,,,,,,,,,,,,,,,
,27,84.723316,7178.04027403586,,,,,,,,,,,,,,,,,,,,,
,28,47.713974,2276.62331487268,,,,,,,,,,,,,,,,,,,,,
,29,61.704632,3807.46161025542,,,,,,,,,,,,,,,,,,,,,
,30,42.69529,1822.8877881841,,,,,,,,,,,,,,,,,,,,,
,31,90.685948,8223.9411646587,,,,,,,,,,,,,,,,,,,,,
,32,56.676606,3212.23766767924,,,,,,,,,,,,,,,,,,,,,
,33,80.667264,6507.2074812457,,,,,,,,,,,,,,,,,,,,,
,34,63.657922,4052.33103335809,,,,,,,,,,,,,,,,,,,,,
,35,89.64858,8036.8678960164,,,,,,,,,,,,,,,,,,,,,
,36,69.639238,4849.62346922064,,,,,,,,,,,,,,,,,,,,,
,37,103.629896,10739.1553449708,,,,,,,,,,,,,,,,,,,,,
,38,88.620554,7853.60259126692,,,,,,,,,,,,,,,,,,,,,
,39,76.611212,5869.27780410894,,,,,,,,,,,,,,,,,,,,,
,40,110.60187,12232.7736474969,,,,,,,,,,,,,,,,,,,,,
,41,68.592528,4704.93489743078,,,,,,,,,,,,,,,,,,,,,
,42,69.583186,4841.8197739106,,,,,,,,,,,,,,,,,,,,,
,43,103.573844,10727.5411609363,,,,,,,,,,,,,,,,,,,,,
,44,109.564502,12004.380098508,,,,,,,,,,,,,,,,,,,,,
,45,104.55516,10931.7814826256,,,,,,,,,,,,,,,,,,,,,
,46,117.545818,13817.0193292891,,,,,,,,,,,,,,,,,,,,,
,47,116.536476,13580.7502384986,,,,,,,,,,,,,,,,,,,,,
,48,123.527134,15258.952834254,,,,,,,,,,,,,,,,,,,,,
,49,71.517792,5114.79457255527,,,,,,,,,,,,,,,,,,,,,
,50,107.50845,11558.0668214025,,,,,,,,,,,,,,,,,,,,,
,51,123.499108,15252.0296767957,,,,,,,,,,,,,,,,,,,,,
,52,81.489766,6640.58196273476,,,,,,,,,,,,,,,,,,,,,
,53,97.480424,9502.43306321978,,,,,,,,,,,,,,,,,,,,,
,54,87.471082,7651.19018625072,,,,,,,,,,,,,,,,,,,,,
,55,119.46174,14271.1073238276,,,,,,,,,,,,,,,,,,,,,
,56,100.452398,10090.6842639504,,,,,,,,,,,,,,,,,,,,,
,57,88.443056,7822.17415461914,,,,,,,,,,,,,,,,,,,,,
,58,111.433714,12417.4726158338,,,,,,,,,,,,,,,,,,,,,
,59,148.424372,22029.7942035944,,,,,,,,,,,,,,,,,,,,,
,60,104.41503,10902.4984899009,,,,,,,,,,,,,,,,,,,,,
,61,142.405688,20279.3799747533,,,,,,,,,,,,,,,,,,,,,
,62,152.396346,23224.6462741517,,,,,,,,,,,,,,,,,,,,,
,63,105.387004,11106.420612096,,,,,,,,,,,,,,,,,,,,,
,64,124.377662,15469.8028045862,,,,,,,,,,,,,,,,,,,,,
,65,153.36832,23521.8415796224,,,,,,,,,,,,,,,,,,,,,
,66,104.358978,10890.7962892045,,,,,,,,,,,,,,,,,,,,,
,67,124.349636,15462.8319733325,,,,,,,,,,,,,,,,,,,,,
,68,134.340294,18047.3145920064,,,,,,,,,,,,,,,,,,,,,
,69,155.330952,24127.7046492263,,,,,,,,,,,,,,,,,,,,,
,70,170.32161,29009.4508329921,,,,,,,,,,,,,,,,,,,,,
,71,119.312268,14235.4172953038,,,,,,,,,,,,,,,,,,,,,
,72,158.302926,25059.8163801615,,,,,,,,,,,,,,,,,,,,,
,73,124.293584,15448.8950235651,,,,,,,,,,,,,,,,,,,,,
,74,165.284242,27318.8806535146,,,,,,,,,,,,,,,,,,,,,
,75,155.2749,24110.29457001,,,,,,,,,,,,,,,,,,,,,
,76,136.265558,18568.3022970514,,,,,,,,,,,,,,,,,,,,,
,77,141.256216,19953.3185586387,,,,,,,,,,,,,,,,,,,,,
,78,162.246874,26324.0481227719,,,,,,,,,,,,,,,,,,,,,
,79,178.237532,31768.617813451,,,,,,,,,,,,,,,,,,,,,
,80,170.22819,28977.6366706761,,,,,,,,,,,,,,,,,,,,,
,81,136.218848,18555.5745504471,,,,,,,,,,,,,,,,,,,,,
,82,136.209506,18553.029524764,,,,,,,,,,,,,,,,,,,,,
,83,142.200164,20220.8866416269,,,,,,,,,,,,,,,,,,,,,
,84,192.190822,36937.3120610357,,,,,,,,,,,,,,,,,,,,,
,85,182.18148,33190.0916549904,,,,,,,,,,,,,,,,,,,,,
,86,146.172138,21366.2939274911,,,,,,,,,,,,,,,,,,,,,
,87,198.162796,39268.4937185376,,,,,,,,,,,,,,,,,,,,,
,88,175.153454,30678.7324481301,,,,,,,,,,,,,,,,,,,,,
,89,166.144112,27603.8659522685,,,,,,,,,,,,,,,,,,,,,
,90,176.13477,31023.4572029529,,,,,,,,,,,,,,,,,,,,,
,91,196.125428,38465.1835081832,,,,,,,,,,,,,,,,,,,,,
,92,188.116086,35387.6618119594,,,,,,,,,,,,,,,,,,,,,
,93,166.106744,27591.4504022815,,,,,,,,,,,,,,,,,,,,,
,94,194.097402,37673.8014631496,,,,,,,,,,,,,,,,,,,,,
,95,174.08806,30306.6526345636,,,,,,,,,,,,,,,,,,,,,
,96,193.078718,37279.3913445235,,,,,,,,,,,,,,,,,,,,,
,97,212.069376,44973.4202370294,,,,,,,,,,,,,,,,,,,,,
,98,181.060034,32782.7359120812,,,,,,,,,,,,,,,,,,,,,
,99,176.050692,30993.8461536789,,,,,,,,,,,,,,,,,,,,,
,0,7.96883269566858,63.5022945315566,,,,,,,,,,,,,,,,,,,,,
,1,20.9864287599277,440.430192095522,,,,,,,,,,,,,,,,,,,,,
,2,-1.99597517581312,3.9839169024622,,,,,,,,,,,,,,,,,,,,,
,3,-15.978379111554,255.308599032544,,,,,,,,,,,,,,,,,,,,,
,4,12.0392169527052,144.942744834304,,,,,,,,,,,,,,,,,,,,,
,5,-22.9431869830357,526.389828938537,,,,,,,,,,,,,,,,,,,,,
,6,-9.92559091877651,98.5173550868987,,,,,,,,,,,,,,,,,,,,,
,7,8.09200514548264,65.4805472745176,,,,,,,,,,,,,,,,,,,,,
,8,27.1096012097418,734.930477751234,,,,,,,,,,,,,,,,,,,,,
,9,-11.8728027259991,140.963444570491,,,,,,,,,,,,,,,,,,,,,
,10,-7.8552066617399,61.7042716986429,,,,,,,,,,,,,,,,,,,,,
,11,-19.8376105974807,393.53079421728,,,,,,,,,,,,,,,,,,,,,
,12,-19.8200145332216,392.832976097115,,,,,,,,,,,,,,,,,,,,,
,13,-6.80241846896244,46.2728970268814,,,,,,,,,,,,,,,,,,,,,
,14,22.2151775952967,493.514115590573,,,,,,,,,,,,,,,,,,,,,
,15,5.23277365955586,27.3819201721416,,,,,,,,,,,,,,,,,,,,,
,16,9.25036972381501,85.5693400272734,,,,,,,,,,,,,,,,,,,,,
,17,-6.73203421192584,45.3202846305399,,,,,,,,,,,,,,,,,,,,,
,18,-27.7144381476667,768.090081840842,,,,,,,,,,,,,,,,,,,,,
,19,-8.69684208340753,75.6350622237283,,,,,,,,,,,,,,,,,,,,,
,20,22.3207539808516,498.216058273703,,,,,,,,,,,,,,,,,,,,,
,21,-28.6616499548892,821.490178136602,,,,,,,,,,,,,,,,,,,,,
,22,-6.64405389063008,44.1434521015967,,,,,,,,,,,,,,,,,,,,,
,23,13.3735421736291,178.851630269836,,,,,,,,,,,,,,,,,,,,,
,24,-0.608861762111772,0.370712645361852,,,,,,,,,,,,,,,,,,,,,
,25,7.40873430214738,54.8893439598152,,,,,,,,,,,,,,,,,,,,,
,26,-28.5736696335935,816.454596329741,,,,,,,,,,,,,,,,,,,,,
,27,29.4439264306657,866.944803654453,,,,,,,,,,,,,,,,,,,,,
,28,-9.53847750507516,90.9825531148249,,,,,,,,,,,,,,,,,,,,,
,29,2.47911855918399,6.14602883049049,,,,,,,,,,,,,,,,,,,,,
,30,-18.5032853765569,342.371569726303,,,,,,,,,,,,,,,,,,,,,
,31,27.5143106877023,757.037292619409,,,,,,,,,,,,,,,,,,,,,
,32,-8.46809324803856,71.7086032574762,,,,,,,,,,,,,,,,,,,,,
,33,13.5495028162206,183.58902656677,,,,,,,,,,,,,,,,,,,,,
,34,-5.43290111952025,29.5164145744844,,,,,,,,,,,,,,,,,,,,,
,35,18.5846949447389,345.390886189004,,,,,,,,,,,,,,,,,,,,,
,36,-3.39770899100195,11.5444263875355,,,,,,,,,,,,,,,,,,,,,
,37,28.6198870732572,819.097936085995,,,,,,,,,,,,,,,,,,,,,
,38,11.6374831375164,135.431013775978,,,,,,,,,,,,,,,,,,,,,
,39,-2.34492079822449,5.49865354994579,,,,,,,,,,,,,,,,,,,,,
,40,29.6726752660347,880.467657443545,,,,,,,,,,,,,,,,,,,,,
,41,-14.3097286697062,204.768334600611,,,,,,,,,,,,,,,,,,,,,
,42,-15.2921326054471,233.849319622577,,,,,,,,,,,,,,,,,,,,,
,43,16.7254634588121,279.741127912059,,,,,,,,,,,,,,,,,,,,,
,44,20.7430595230713,430.274518377677,,,,,,,,,,,,,,,,,,,,,
,45,13.7606555873304,189.355642193128,,,,,,,,,,,,,,,,,,,,,
,46,24.7782516515896,613.961754909501,,,,,,,,,,,,,,,,,,,,,
,47,21.7958477158487,475.058977652467,,,,,,,,,,,,,,,,,,,,,
,48,26.8134437801079,718.960767349005,,,,,,,,,,,,,,,,,,,,,
,49,-27.168960155633,738.152395938373,,,,,,,,,,,,,,,,,,,,,
,50,6.84863590862616,46.9038138089237,,,,,,,,,,,,,,,,,,,,,
,51,20.8662319728853,435.399636746261,,,,,,,,,,,,,,,,,,,,,
,52,-23.1161719628555,534.357406216308,,,,,,,,,,,,,,,,,,,,,
,53,-9.09857589859638,82.7840833825189,,,,,,,,,,,,,,,,,,,,,
,54,-21.0809798343372,444.407710775733,,,,,,,,,,,,,,,,,,,,,
,55,8.93661622992192,79.8631096409039,,,,,,,,,,,,,,,,,,,,,
,56,-12.0457877058189,145.101001453658,,,,,,,,,,,,,,,,,,,,,
,57,-26.0281916415598,677.466760129762,,,,,,,,,,,,,,,,,,,,,
,58,-5.01059557730062,25.1060680392645,,,,,,,,,,,,,,,,,,,,,
,59,30.0070004869585,900.42007822433,,,,,,,,,,,,,,,,,,,,,
,60,-15.9754034487823,255.213515351366,,,,,,,,,,,,,,,,,,,,,
,61,20.0421926154768,401.689484835874,,,,,,,,,,,,,,,,,,,,,
,62,28.059788679736,787.35174075144,,,,,,,,,,,,,,,,,,,,,
,63,-20.9226152560049,437.755829150807,,,,,,,,,,,,,,,,,,,,,
,64,-3.90501919174571,15.2491748879023,,,,,,,,,,,,,,,,,,,,,
,65,23.1125768725134,534.191209687843,,,,,,,,,,,,,,,,,,,,,
,66,-27.8698270632274,776.727260534203,,,,,,,,,,,,,,,,,,,,,
,67,-9.85223099896825,97.066455657031,,,,,,,,,,,,,,,,,,,,,
,68,-1.8346349347091,3.36588534365507,,,,,,,,,,,,,,,,,,,,,
,69,17.1829611295501,295.254153179628,,,,,,,,,,,,,,,,,,,,,
,70,30.2005571938092,912.073654816541,,,,,,,,,,,,,,,,,,,,,
,71,-22.7818467419316,519.012540972862,,,,,,,,,,,,,,,,,,,,,
,72,14.2357493223275,202.656558768148,,,,,,,,,,,,,,,,,,,,,
,73,-21.7466546134133,472.916986875092,,,,,,,,,,,,,,,,,,,,,
,74,17.2709414508458,298.285418598544,,,,,,,,,,,,,,,,,,,,,
,75,5.28853751510496,27.9686290486726,,,,,,,,,,,,,,,,,,,,,
,76,-15.6938664206359,246.297443228763,,,,,,,,,,,,,,,,,,,,,
,77,-12.6762703563767,160.687830147956,,,,,,,,,,,,,,,,,,,,,
,78,6.34132570788242,40.2124117334505,,,,,,,,,,,,,,,,,,,,,
,79,20.3589217721416,414.48569572418,,,,,,,,,,,,,,,,,,,,,
,80,10.3765178364007,107.672122409142,,,,,,,,,,,,,,,,,,,,,
,81,-25.6058860993401,655.66140293238,,,,,,,,,,,,,,,,,,,,,
,82,-27.588290035081,761.113747059748,,,,,,,,,,,,,,,,,,,,,
,83,-23.5706939708218,555.577614266136,,,,,,,,,,,,,,,,,,,,,
,84,24.4469020934373,597.651021966111,,,,,,,,,,,,,,,,,,,,,
,85,12.4644981576965,155.363714323219,,,,,,,,,,,,,,,,,,,,,
,86,-25.5179057780443,651.163515297149,,,,,,,,,,,,,,,,,,,,,
,87,24.4996902862148,600.234824120447,,,,,,,,,,,,,,,,,,,,,
,88,-0.48271364952609,0.233012467438797,,,,,,,,,,,,,,,,,,,,,
,89,-11.4651175852669,131.448921243997,,,,,,,,,,,,,,,,,,,,,
,90,-3.44752152100773,11.8854046378115,,,,,,,,,,,,,,,,,,,,,
,91,14.5700745432514,212.287072195902,,,,,,,,,,,,,,,,,,,,,
,92,4.58767060751052,21.0467216030159,,,,,,,,,,,,,,,,,,,,,
,93,-19.3947333282303,376.155680873167,,,,,,,,,,,,,,,,,,,,,
,94,6.62286273602888,43.8623108202799,,,,,,,,,,,,,,,,,,,,,
,95,-15.359541199712,235.91550586565,,,,,,,,,,,,,,,,,,,,,
,96,1.65805486454713,2.74914593384839,,,,,,,,,,,,,,,,,,,,,
,97,18.6756509288063,348.779937614624,,,,,,,,,,,,,,,,,,,,,
,98,-14.3067530069345,204.68318160143,,,,,,,,,,,,,,,,,,,,,
,99,-21.2891569426754,453.228203329864,,,,,,,,,,,,,,,,,,,,,
,0,7.96470202021511,63.4364782708187,,,,,,,,,,,,,,,,,,,,,
,1,20.9823606750896,440.259459499549,,,,,,,,,,,,,,,,,,,,,
,2,-1.99998067003582,3.99992268051691,,,,,,,,,,,,,,,,,,,,,
,3,-15.9823220151613,255.434616996309,,,,,,,,,,,,,,,,,,,,,
,4,12.0353366397133,144.849328031224,,,,,,,,,,,,,,,,,,,,,
,5,-22.9470047054122,526.56502495021,,,,,,,,,,,,,,,,,,,,,
,6,-9.92934605053767,98.5919129913281,,,,,,,,,,,,,,,,,,,,,
,7,8.08831260433686,65.4208007854745,,,,,,,,,,,,,,,,,,,,,
,8,27.1059712592114,734.733677905194,,,,,,,,,,,,,,,,,,,,,
,9,-11.8763700859141,141.048166417595,,,,,,,,,,,,,,,,,,,,,
,10,-7.85871143103953,61.7593453563514,,,,,,,,,,,,,,,,,,,,,
,11,-19.841052776165,393.667375266565,,,,,,,,,,,,,,,,,,,,,
,12,-19.8233941212905,392.966954488013,,,,,,,,,,,,,,,,,,,,,
,13,-6.80573546641593,46.3180352388316,,,,,,,,,,,,,,,,,,,,,
,14,22.2119231884586,493.369531729985,,,,,,,,,,,,,,,,,,,,,
,15,5.22958184333314,27.3485262561197,,,,,,,,,,,,,,,,,,,,,
,16,9.24724049820768,85.5114568316922,,,,,,,,,,,,,,,,,,,,,
,17,-6.73510084691779,45.3615834181527,,,,,,,,,,,,,,,,,,,,,
,18,-27.7174421920433,768.256601669259,,,,,,,,,,,,,,,,,,,,,
,19,-8.69978353716871,75.6862335935918,,,,,,,,,,,,,,,,,,,,,
,20,22.3178751177058,498.087549769512,,,,,,,,,,,,,,,,,,,,,
,21,-28.6644662274196,821.651624102881,,,,,,,,,,,,,,,,,,,,,
,22,-6.64680757254511,44.1800509064431,,,,,,,,,,,,,,,,,,,,,
,23,13.3708510823294,178.77965866583,,,,,,,,,,,,,,,,,,,,,
,24,-0.611490262796039,0.373920341494369,,,,,,,,,,,,,,,,,,,,,
,25,7.4061683920785,54.8513302518226,,,,,,,,,,,,,,,,,,,,,
,26,-28.576172953047,816.597660642453,,,,,,,,,,,,,,,,,,,,,
,27,29.4414857018276,866.801080330917,,,,,,,,,,,,,,,,,,,,,
,28,-9.5408556432979,91.0279264062494,,,,,,,,,,,,,,,,,,,,,
,29,2.47680301157664,6.13455315815509,,,,,,,,,,,,,,,,,,,,,
,30,-18.5055383335488,342.454949014445,,,,,,,,,,,,,,,,,,,,,
,31,27.5121203213257,756.916764575103,,,,,,,,,,,,,,,,,,,,,
,32,-8.47022102379975,71.7446441920193,,,,,,,,,,,,,,,,,,,,,
,33,13.5474376310748,183.533066367861,,,,,,,,,,,,,,,,,,,,,
,34,-5.43490371405068,29.5381783810018,,,,,,,,,,,,,,,,,,,,,
,35,18.5827549408238,345.318781190713,,,,,,,,,,,,,,,,,,,,,
,36,-3.39958640430162,11.5571877203124,,,,,,,,,,,,,,,,,,,,,
,37,28.6180722505729,818.994059339012,,,,,,,,,,,,,,,,,,,,,
,38,11.6357309054475,135.390233703985,,,,,,,,,,,,,,,,,,,,,
,39,-2.346610439678,5.50658055560579,,,,,,,,,,,,,,,,,,,,,
,40,29.6710482151965,880.371102188518,,,,,,,,,,,,,,,,,,,,,
,41,-14.3112931299289,204.813111050751,,,,,,,,,,,,,,,,,,,,,
,42,-15.2936344750544,233.895255456572,,,,,,,,,,,,,,,,,,,,,
,43,16.7240241798202,279.692984767209,,,,,,,,,,,,,,,,,,,,,
,44,20.7416828346947,430.217406815068,,,,,,,,,,,,,,,,,,,,,
,45,13.7593414895692,189.319478226581,,,,,,,,,,,,,,,,,,,,,
,46,24.7770001444437,613.899736157766,,,,,,,,,,,,,,,,,,,,,
,47,21.7946587993183,475.007152178702,,,,,,,,,,,,,,,,,,,,,
,48,26.8123174541928,718.900367264413,,,,,,,,,,,,,,,,,,,,,
,49,-27.1700238909326,738.21019823385,,,,,,,,,,,,,,,,,,,,,
,50,6.8476347639419,46.8901018603456,,,,,,,,,,,,,,,,,,,,,
,51,20.8652934188164,435.360469453304,,,,,,,,,,,,,,,,,,,,,
,52,-23.117047926309,534.397904827269,,,,,,,,,,,,,,,,,,,,,
,53,-9.09938927143449,82.7988851130971,,,,,,,,,,,,,,,,,,,,,
,54,-21.08173061656,444.439365789201,,,,,,,,,,,,,,,,,,,,,
,55,8.93592803831459,79.8508099059368,,,,,,,,,,,,,,,,,,,,,
,56,-12.0464133068109,145.11607355851,,,,,,,,,,,,,,,,,,,,,
,57,-26.0287546519364,677.496068730699,,,,,,,,,,,,,,,,,,,,,
,58,-5.01109599706183,25.1110830917691,,,,,,,,,,,,,,,,,,,,,
,59,30.0065626578127,900.39380253724,,,,,,,,,,,,,,,,,,,,,
,60,-15.9757786873128,255.225504665996,,,,,,,,,,,,,,,,,,,,,
,61,20.0418799675618,401.676952634154,,,,,,,,,,,,,,,,,,,,,
,62,28.0595386224363,787.337707703996,,,,,,,,,,,,,,,,,,,,,
,63,-20.9228027226891,437.763673772568,,,,,,,,,,,,,,,,,,,,,
,64,-3.9051440678146,15.2501501903876,,,,,,,,,,,,,,,,,,,,,
,65,23.1125145870599,534.188330537058,,,,,,,,,,,,,,,,,,,,,
,66,-27.8698267580655,776.727243524585,,,,,,,,,,,,,,,,,,,,,
,67,-9.85216810319099,97.065216333534,,,,,,,,,,,,,,,,,,,,,
,68,-1.83450944831645,3.36542491596234,,,,,,,,,,,,,,,,,,,,,
,69,17.1831492065581,295.260616654838,,,,,,,,,,,,,,,,,,,,,
,70,30.2008078614326,912.088795483169,,,,,,,,,,,,,,,,,,,,,
,71,-22.7815334836929,518.998267868619,,,,,,,,,,,,,,,,,,,,,
,72,14.2361251711817,202.667259889552,,,,,,,,,,,,,,,,,,,,,
,73,-21.7462161739438,472.897917883895,,,,,,,,,,,,,,,,,,,,,
,74,17.2714424809307,298.302725372099,,,,,,,,,,,,,,,,,,,,,
,75,5.28910113580528,27.9745908247767,,,,,,,,,,,,,,,,,,,,,
,76,-15.6932402093202,246.277788267424,,,,,,,,,,,,,,,,,,,,,
,77,-12.6755815544456,160.670367743403,,,,,,,,,,,,,,,,,,,,,
,78,6.3420771004289,40.2219419477846,,,,,,,,,,,,,,,,,,,,,
,79,20.3597357553034,414.518840025781,,,,,,,,,,,,,,,,,,,,,
,80,10.377394410178,107.690314744393,,,,,,,,,,,,,,,,,,,,,
,81,-25.6049469349475,655.613307541477,,,,,,,,,,,,,,,,,,,,,
,82,-27.587288280073,761.058474647851,,,,,,,,,,,,,,,,,,,,,
,83,-23.5696296251984,555.527440669032,,,,,,,,,,,,,,,,,,,,,
,84,24.4480290296761,597.706123435885,,,,,,,,,,,,,,,,,,,,,
,85,12.4656876845506,155.393369448757,,,,,,,,,,,,,,,,,,,,,
,86,-25.5166536605748,651.099614033727,,,,,,,,,,,,,,,,,,,,,
,87,24.5010049942997,600.299245730699,,,,,,,,,,,,,,,,,,,,,
,88,-0.481336350825757,0.231684682626256,,,,,,,,,,,,,,,,,,,,,
,89,-11.4636776959513,131.415906316651,,,,,,,,,,,,,,,,,,,,,
,90,-3.44601904107674,11.8750472314634,,,,,,,,,,,,,,,,,,,,,
,91,14.5716396137978,212.332681034401,,,,,,,,,,,,,,,,,,,,,
,92,4.58929826867234,21.0616585988389,,,,,,,,,,,,,,,,,,,,,
,93,-19.3930430764531,376.090119765167,,,,,,,,,,,,,,,,,,,,,
,94,6.62461557842141,43.8855315618637,,,,,,,,,,,,,,,,,,,,,
,95,-15.3577257667041,235.859740725286,,,,,,,,,,,,,,,,,,,,,
,96,1.65993288817049,2.75537719323002,,,,,,,,,,,,,,,,,,,,,
,97,18.677591543045,348.852425848827,,,,,,,,,,,,,,,,,,,,,
,98,-14.3047498020804,204.62586690012,,,,,,,,,,,,,,,,,,,,,
,99,-21.2870911472059,453.140249509452,,,,,,,,,,,,,,,,,,,,,
,0,7.96058150266967,63.3708578606464,,,,,,,,,,,,,,,,,,,,,
,1,20.9783025942405,440.089179735518,,,,,,,,,,,,,,,,,,,,,
,2,-2.00397631418863,4.01592106782905,,,,,,,,,,,,,,,,,,,,,
,3,-15.9862552226178,255.560356042674,,,,,,,,,,,,,,,,,,,,,
,4,12.0314658689531,144.756170955783,,,,,,,,,,,,,,,,,,,,,
,5,-22.9508130394761,526.739819172985,,,,,,,,,,,,,,,,,,,,,
,6,-9.93309194790522,98.6663156455396,,,,,,,,,,,,,,,,,,,,,
,7,8.08462914366563,65.3612283906077,,,,,,,,,,,,,,,,,,,,,
,8,27.1023502352365,734.537388273423,,,,,,,,,,,,,,,,,,,,,
,9,-11.8799286731927,141.132705280145,,,,,,,,,,,,,,,,,,,,,
,10,-7.86220758162181,61.8143080565115,,,,,,,,,,,,,,,,,,,,,
,11,-19.844486490051,393.803644053815,,,,,,,,,,,,,,,,,,,,,
,12,-19.8267653984801,393.100626166368,,,,,,,,,,,,,,,,,,,,,
,13,-6.80904430690926,46.3630843734534,,,,,,,,,,,,,,,,,,,,,
,14,22.2086767846616,493.225324525567,,,,,,,,,,,,,,,,,,,,,
,15,5.22639787623245,27.315234760687,,,,,,,,,,,,,,,,,,,,,
,16,9.2441189678033,85.4537354909007,,,,,,,,,,,,,,,,,,,,,
,17,-6.73815994062585,45.4027993854549,,,,,,,,,,,,,,,,,,,,,
,18,-27.720438849055,768.422729984197,,,,,,,,,,,,,,,,,,,,,
,19,-8.70271775748415,75.7372963664299,,,,,,,,,,,,,,,,,,,,,
,20,22.3150033340867,497.959373800301,,,,,,,,,,,,,,,,,,,,,
,21,-28.6672755743424,821.812688855291,,,,,,,,,,,,,,,,,,,,,
,22,-6.64955448277159,44.2165748193478,,,,,,,,,,,,,,,,,,,,,
,23,13.3681666087993,178.707878480615,,,,,,,,,,,,,,,,,,,,,
,24,-0.614112299629895,0.377133916556718,,,,,,,,,,,,,,,,,,,,,
,25,7.40360879194095,54.8134231441054,,,,,,,,,,,,,,,,,,,,,
,26,-28.5786701164882,816.740385627055,,,,,,,,,,,,,,,,,,,,,
,27,29.4390509750827,866.657722313516,,,,,,,,,,,,,,,,,,,,,
,28,-9.54322793334649,91.0731993878047,,,,,,,,,,,,,,,,,,,,,
,29,2.47449315822438,6.12311639009925,,,,,,,,,,,,,,,,,,,,,
,30,-18.5077857502048,342.538133375483,,,,,,,,,,,,,,,,,,,,,
,31,27.5099353413661,756.796542486142,,,,,,,,,,,,,,,,,,,,,
,32,-8.47234356706308,71.7806055183551,,,,,,,,,,,,,,,,,,,,,
,33,13.5453775245078,183.47725228144,,,,,,,,,,,,,,,,,,,,,
,34,-5.43690138392137,29.5598966584861,,,,,,,,,,,,,,,,,,,,,
,35,18.5808197076495,345.246861008175,,,,,,,,,,,,,,,,,,,,,
,36,-3.40145920077967,11.5699246945687,,,,,,,,,,,,,,,,,,,,,
,37,28.6162618907912,818.890444602348,,,,,,,,,,,,,,,,,,,,,
,38,11.633982982362,135.34956003389,,,,,,,,,,,,,,,,,,,,,
,39,-2.34829592606711,5.51449375638338,,,,,,,,,,,,,,,,,,,,,
,40,29.6694251655037,880.274789651427,,,,,,,,,,,,,,,,,,,,,
,41,-14.3128537429254,204.857782266374,,,,,,,,,,,,,,,,,,,,,
,42,-15.2951326513546,233.941082822532,,,,,,,,,,,,,,,,,,,,,
,43,16.7225884402163,279.644964140857,,,,,,,,,,,,,,,,,,,,,
,44,20.7403095317872,430.160439474342,,,,,,,,,,,,,,,,,,,,,
,45,13.758030623358,189.283406633257,,,,,,,,,,,,,,,,,,,,,
,46,24.7757517149289,613.837873039801,,,,,,,,,,,,,,,,,,,,,
,47,21.7934728064997,474.955456967643,,,,,,,,,,,,,,,,,,,,,
,48,26.8111938980706,718.840118239937,,,,,,,,,,,,,,,,,,,,,
,49,-27.1710850103586,738.267860640133,,,,,,,,,,,,,,,,,,,,,
,50,6.84663608121227,46.8764256285577,,,,,,,,,,,,,,,,,,,,,
,51,20.8643571727831,435.321400233466,,,,,,,,,,,,,,,,,,,,,
,52,-23.117921735646,534.438305375454,,,,,,,,,,,,,,,,,,,,,
,53,-9.10020064407516,82.8136517624259,,,,,,,,,,,,,,,,,,,,,
,54,-21.0824795525043,444.470944081762,,,,,,,,,,,,,,,,,,,,,
,55,8.93524153906654,79.8385413614602,,,,,,,,,,,,,,,,,,,,,
,56,-12.0470373693626,145.131109378819,,,,,,,,,,,,,,,,,,,,,
,57,-26.0293162777918,677.525305889315,,,,,,,,,,,,,,,,,,,,,
,58,-5.01159518622092,25.1160863105527,,,,,,,,,,,,,,,,,,,,,
,59,30.00612590535,900.367591847714,,,,,,,,,,,,,,,,,,,,,
,60,-15.9761530030792,255.237464777796,,,,,,,,,,,,,,,,,,,,,
,61,20.0415680884917,401.664451445647,,,,,,,,,,,,,,,,,,,,,
,62,28.0592891800625,787.323709290373,,,,,,,,,,,,,,,,,,,,,
,63,-20.9229897283666,437.771499173336,,,,,,,,,,,,,,,,,,,,,
,64,-3.9052686367958,15.2511231255409,,,,,,,,,,,,,,,,,,,,,
,65,23.1124524547751,534.185458474237,,,,,,,,,,,,,,,,,,,,,
,66,-27.8698264536541,776.727226556798,,,,,,,,,,,,,,,,,,,,,
,67,-9.85210536208325,97.0639800655895,,,,,,,,,,,,,,,,,,,,,
,68,-1.83438427051237,3.36496565190321,,,,,,,,,,,,,,,,,,,,,
,69,17.1833368210585,295.267064305944,,,,,,,,,,,,,,,,,,,,,
,70,30.2010579126293,912.10389904199,,,,,,,,,,,,,,,,,,,,,
,71,-22.7812209957998,518.984030059471,,,,,,,,,,,,,,,,,,,,,
,72,14.236500095771,202.677934976888,,,,,,,,,,,,,,,,,,,,,
,73,-21.7457788126581,472.878896169051,,,,,,,,,,,,,,,,,,,,,
,74,17.2719422789127,298.319990086093,,,,,,,,,,,,,,,,,,,,,
,75,5.2896633704836,27.9805385730359,,,,,,,,,,,,,,,,,,,,,
,76,-15.6926155379456,246.25818242177,,,,,,,,,,,,,,,,,,,,,
,77,-12.6748944463747,160.65294922674,,,,,,,,,,,,,,,,,,,,,
,78,6.34282664519614,40.2314498510101,,,,,,,,,,,,,,,,,,,,,
,79,20.360547736767,414.551904141167,,,,,,,,,,,,,,,,,,,,,
,80,10.3782688283378,107.708463873249,,,,,,,,,,,,,,,,,,,,,
,81,-25.6040100800913,655.565332181418,,,,,,,,,,,,,,,,,,,,,
,82,-27.5862889885205,761.003340158165,,,,,,,,,,,,,,,,,,,,,
,83,-23.5685678969496,555.477392713124,,,,,,,,,,,,,,,,,,,,,
,84,24.4491531946213,597.761091934059,,,,,,,,,,,,,,,,,,,,,
,85,12.4668742861921,155.422954467717,,,,,,,,,,,,,,,,,,,,,
,86,-25.515404622237,651.035873036475,,,,,,,,,,,,,,,,,,,,,
,87,24.5023164693338,600.363512363388,,,,,,,,,,,,,,,,,,,,,
,88,-0.479962439095345,0.230363942942353,,,,,,,,,,,,,,,,,,,,,
,89,-11.4622413475245,131.3829767089,,,,,,,,,,,,,,,,,,,,,
,90,-3.44452025595365,11.864719793675,,,,,,,,,,,,,,,,,,,,,
,91,14.5732008356172,212.378182595235,,,,,,,,,,,,,,,,,,,,,
,92,4.59092192718805,21.076564141536,,,,,,,,,,,,,,,,,,,,,
,93,-19.3913569812411,376.024725573927,,,,,,,,,,,,,,,,,,,,,
,94,6.62636411032975,43.9087013226661,,,,,,,,,,,,,,,,,,,,,
,95,-15.3559147980994,235.804119286487,,,,,,,,,,,,,,,,,,,,,
,96,1.6618062934715,2.76160015702148,,,,,,,,,,,,,,,,,,,,,
,97,18.6795273850423,348.924743328546,,,,,,,,,,,,,,,,,,,,,
,98,-14.3027515233868,204.568701139744,,,,,,,,,,,,,,,,,,,,,
,99,-21.285030431816,453.052520483333,,,,,,,,,,,,,,,,,,,,,
,0,7.95647111805252,63.3054326524039,,,,,,,,,,,,,,,,,,,,,
,1,20.9742544927791,439.919351527865,,,,,,,,,,,,,,,,,,,,,
,2,-2.00796213249426,4.0319119255309,,,,,,,,,,,,,,,,,,,,,
,3,-15.9901787577677,255.685816705364,,,,,,,,,,,,,,,,,,,,,
,4,12.027604616959,144.663272821892,,,,,,,,,,,,,,,,,,,,,
,5,-22.9546120083144,526.914212452253,,,,,,,,,,,,,,,,,,,,,
,6,-9.93682863358783,98.7405632932909,,,,,,,,,,,,,,,,,,,,,
,7,8.08095474113878,65.3018295283334,,,,,,,,,,,,,,,,,,,,,
,8,27.0987381158654,734.341607472256,,,,,,,,,,,,,,,,,,,,,
,9,-11.883478509408,141.217061483562,,,,,,,,,,,,,,,,,,,,,
,10,-7.8656951346814,61.8691599517506,,,,,,,,,,,,,,,,,,,,,
,11,-19.8479117599548,393.939601230951,,,,,,,,,,,,,,,,,,,,,
,12,-19.8301283852282,393.233991774632,,,,,,,,,,,,,,,,,,,,,
,13,-6.81234501050157,46.4080445421056,,,,,,,,,,,,,,,,,,,,,
,14,22.205438364225,493.081492947397,,,,,,,,,,,,,,,,,,,,,
,15,5.22322173895165,27.2820453342571,,,,,,,,,,,,,,,,,,,,,
,16,9.24100511367826,85.3961755110278,,,,,,,,,,,,,,,,,,,,,
,17,-6.74121151159513,45.4439326440627,,,,,,,,,,,,,,,,,,,,,
,18,-27.7234281368685,768.588467660113,,,,,,,,,,,,,,,,,,,,,
,19,-8.70564476214192,75.788250724609,,,,,,,,,,,,,,,,,,,,,
,20,22.3121386125847,497.831529467193,,,,,,,,,,,,,,,,,,,,,
,21,-28.6700780126887,821.973373253656,,,,,,,,,,,,,,,,,,,,,
,22,-6.65229463796209,44.2530239502591,,,,,,,,,,,,,,,,,,,,,
,23,13.3654887367645,178.63628917258,,,,,,,,,,,,,,,,,,,,,
,24,-0.616727888508862,0.380353288464599,,,,,,,,,,,,,,,,,,,,,
,25,7.40105548621774,54.7756223100738,,,,,,,,,,,,,,,,,,,,,
,26,-28.5811611390556,816.882772056664,,,,,,,,,,,,,,,,,,,,,
,27,29.436622235671,866.514728645598,,,,,,,,,,,,,,,,,,,,,
,28,-9.54559438960243,91.1183722508093,,,,,,,,,,,,,,,,,,,,,
,29,2.47218898512418,6.11171837816931,,,,,,,,,,,,,,,,,,,,,
,30,-18.5100276401492,342.621123239088,,,,,,,,,,,,,,,,,,,,,
,31,27.5077557345774,756.676625553176,,,,,,,,,,,,,,,,,,,,,
,32,-8.47446089069599,71.8164873879359,,,,,,,,,,,,,,,,,,,,,
,33,13.5433224840306,183.421583906449,,,,,,,,,,,,,,,,,,,,,
,34,-5.43889414124277,29.5815694796449,,,,,,,,,,,,,,,,,,,,,
,35,18.5788892334838,345.175125150062,,,,,,,,,,,,,,,,,,,,,
,36,-3.40332739178956,11.5826373357051,,,,,,,,,,,,,,,,,,,,,
,37,28.6144559829371,818.787091199442,,,,,,,,,,,,,,,,,,,,,
,38,11.6322393576637,135.30899247398,,,,,,,,,,,,,,,,,,,,,
,39,-2.34997726760973,5.5223931582825,,,,,,,,,,,,,,,,,,,,,
,40,29.6678061071169,880.178719209482,,,,,,,,,,,,,,,,,,,,,
,41,-14.3144105181565,204.90234848231,,,,,,,,,,,,,,,,,,,,,
,42,-15.2966271434299,233.986801965116,,,,,,,,,,,,,,,,,,,,,
,43,16.7211562312967,279.597065711433,,,,,,,,,,,,,,,,,,,,,
,44,20.7389396060233,430.103615982282,,,,,,,,,,,,,,,,,,,,,
,45,13.7567229807499,189.247427169093,,,,,,,,,,,,,,,,,,,,,
,46,24.7745063554765,613.776165157548,,,,,,,,,,,,,,,,,,,,,
,47,21.7922897302032,474.903891685118,,,,,,,,,,,,,,,,,,,,,
,48,26.8100731049298,718.780019891678,,,,,,,,,,,,,,,,,,,,,
,49,-27.1721435203436,738.325383490153,,,,,,,,,,,,,,,,,,,,,
,50,6.84563985438297,46.8627850159164,,,,,,,,,,,,,,,,,,,,,
,51,20.8634232291096,435.282428836949,,,,,,,,,,,,,,,,,,,,,
,52,-23.1187933961638,534.478608094508,,,,,,,,,,,,,,,,,,,,,
,53,-9.10101002143719,82.8283834103002,,,,,,,,,,,,,,,,,,,,,
,54,-21.0832266467106,444.502445836567,,,,,,,,,,,,,,,,,,,,,
,55,8.93455672801602,79.8263039261363,,,,,,,,,,,,,,,,,,,,,
,56,-12.0476598972574,145.146108999984,,,,,,,,,,,,,,,,,,,,,
,57,-26.0298765225308,677.554471778199,,,,,,,,,,,,,,,,,,,,,
,58,-5.01209314780417,25.1210777222655,,,,,,,,,,,,,,,,,,,,,
,59,30.0056902269224,900.341445994029,,,,,,,,,,,,,,,,,,,,,
,60,-15.9765263983509,255.249395757204,,,,,,,,,,,,,,,,,,,,,
,61,20.0412569763757,401.651981193127,,,,,,,,,,,,,,,,,,,,,
,62,28.0590403511023,787.309745424786,,,,,,,,,,,,,,,,,,,,,
,63,-20.9231762741711,437.779305400037,,,,,,,,,,,,,,,,,,,,,
,64,-3.90539289944451,15.2520936990316,,,,,,,,,,,,,,,,,,,,,
,65,23.1123904752821,534.182593481911,,,,,,,,,,,,,,,,,,,,,
,66,-27.8698261499913,776.727209630739,,,,,,,,,,,,,,,,,,,,,
,67,-9.85204277526466,97.0627468456447,,,,,,,,,,,,,,,,,,,,,
,68,-1.83425940053806,3.36450754846224,,,,,,,,,,,,,,,,,,,,,
,69,17.1835239741885,295.273496171513,,,,,,,,,,,,,,,,,,,,,
,70,30.2013073489152,912.118965583636,,,,,,,,,,,,,,,,,,,,,
,71,-22.7809092763582,518.969827457665,,,,,,,,,,,,,,,,,,,,,
,72,14.2368740983684,202.688584092792,,,,,,,,,,,,,,,,,,,,,
,73,-21.745342526905,472.859921612425,,,,,,,,,,,,,,,,,,,,,
,74,17.2724408478216,298.337212841496,,,,,,,,,,,,,,,,,,,,,
,75,5.2902242225482,27.9864723248358,,,,,,,,,,,,,,,,,,,,,
,76,-15.6919924027252,246.238625567185,,,,,,,,,,,,,,,,,,,,,
,77,-12.6742090279986,160.635574485401,,,,,,,,,,,,,,,,,,,,,
,78,6.34357434672802,40.2409354924658,,,,,,,,,,,,,,,,,,,,,
,79,20.3613577214546,414.58488826104,,,,,,,,,,,,,,,,,,,,,
,80,10.3791410961812,107.726569894438,,,,,,,,,,,,,,,,,,,,,
,81,-25.6030755290921,655.517476548397,,,,,,,,,,,,,,,,,,,,,
,82,-27.5852921543655,760.948343241701,,,,,,,,,,,,,,,,,,,,,
,83,-23.5675087796389,555.427470078358,,,,,,,,,,,,,,,,,,,,,
,84,24.4502745950877,597.81592777519,,,,,,,,,,,,,,,,,,,,,
,85,12.4680579698143,155.452469538649,,,,,,,,,,,,,,,,,,,,,
,86,-25.5141586554591,650.972291895941,,,,,,,,,,,,,,,,,,,,,
,87,24.5036247192675,600.427624382696,,,,,,,,,,,,,,,,,,,,,
,88,-0.478591906005931,0.22905021249439,,,,,,,,,,,,,,,,,,,,,
,89,-11.4608085312793,131.350132190645,,,,,,,,,,,,,,,,,,,,,
,90,-3.44302515655272,11.8544222286549,,,,,,,,,,,,,,,,,,,,,
,91,14.5747582181739,212.423577118227,,,,,,,,,,,,,,,,,,,,,
,92,4.59254159290055,21.0914382825215,,,,,,,,,,,,,,,,,,,,,
,93,-19.3896750323729,375.959497861023,,,,,,,,,,,,,,,,,,,,,
,94,6.62810834235376,43.9318201979795,,,,,,,,,,,,,,,,,,,,,
,95,-15.3541082829196,235.748641163622,,,,,,,,,,,,,,,,,,,,,
,96,1.66367509180697,2.76781481109891,,,,,,,,,,,,,,,,,,,,,
,97,18.6814584665336,348.996890436819,,,,,,,,,,,,,,,,,,,,,
,98,-14.3007581587398,204.511683914764,,,,,,,,,,,,,,,,,,,,,
,99,-21.2829747840132,452.965015656943,,,,,,,,,,,,,,,,,,,,,
,0,7.95237084144539,63.2402019998709,,,,,,,,,,,,,,,,,,,,,
,1,20.9702163461648,439.749973604956,,,,,,,,,,,,,,,,,,,,,
,2,-2.01193814911584,4.04789511586767,,,,,,,,,,,,,,,,,,,,,
,3,-15.9940926443965,255.810999517537,,,,,,,,,,,,,,,,,,,,,
,4,12.0237528603229,144.570632846124,,,,,,,,,,,,,,,,,,,,,
,5,-22.9584016349577,527.088205632028,,,,,,,,,,,,,,,,,,,,,
,6,-9.9405561302383,98.8146561784183,,,,,,,,,,,,,,,,,,,,,
,7,8.07728937448108,65.242603639105,,,,,,,,,,,,,,,,,,,,,
,8,27.0951348792005,734.146334122066,,,,,,,,,,,,,,,,,,,,,
,9,-11.8870196160802,141.301235353074,,,,,,,,,,,,,,,,,,,,,
,10,-7.86917411136077,61.9239011949106,,,,,,,,,,,,,,,,,,,,,
,11,-19.8513286066414,394.075247448858,,,,,,,,,,,,,,,,,,,,,
,12,-19.833483101922,393.367051954226,,,,,,,,,,,,,,,,,,,,,
,13,-6.81563759720262,46.4529158564019,,,,,,,,,,,,,,,,,,,,,
,14,22.2022079075168,492.9380359686,,,,,,,,,,,,,,,,,,,,,
,15,5.22005341223616,27.2489576265983,,,,,,,,,,,,,,,,,,,,,
,16,9.23789891695554,85.3387763998883,,,,,,,,,,,,,,,,,,,,,
,17,-6.74425557832507,45.4849833057689,,,,,,,,,,,,,,,,,,,,,
,18,-27.7264100736057,768.753815569743,,,,,,,,,,,,,,,,,,,,,
,19,-8.70856456888631,75.839096850462,,,,,,,,,,,,,,,,,,,,,
,20,22.3092809358331,497.704015873925,,,,,,,,,,,,,,,,,,,,,
,21,-28.6728735594475,822.133678156066,,,,,,,,,,,,,,,,,,,,,
,22,-6.65502805472815,44.2893984092187,,,,,,,,,,,,,,,,,,,,,
,23,13.3628174499912,178.56489020179,,,,,,,,,,,,,,,,,,,,,
,24,-0.619337045289385,0.383578375667785,,,,,,,,,,,,,,,,,,,,,
,25,7.39850845943001,54.7379274242573,,,,,,,,,,,,,,,,,,,,,
,26,-28.5836460358506,817.024820702798,,,,,,,,,,,,,,,,,,,,,
,27,29.4341994688688,866.372098373155,,,,,,,,,,,,,,,,,,,,,
,28,-9.54795502641184,91.1634451863832,,,,,,,,,,,,,,,,,,,,,
,29,2.46989047830755,6.10035897483429,,,,,,,,,,,,,,,,,,,,,
,30,-18.5122640169731,342.703919034116,,,,,,,,,,,,,,,,,,,,,
,31,27.5055814877463,756.557012979053,,,,,,,,,,,,,,,,,,,,,
,32,-8.4765730075343,71.8522899520591,,,,,,,,,,,,,,,,,,,,,
,33,13.5412724971851,183.366060843021,,,,,,,,,,,,,,,,,,,,,
,34,-5.44088199809553,29.6031969172001,,,,,,,,,,,,,,,,,,,,,
,35,18.5769635066239,345.103573126434,,,,,,,,,,,,,,,,,,,,,
,36,-3.40519098865677,11.5953256692293,,,,,,,,,,,,,,,,,,,,,
,37,28.6126545160626,818.683998455559,,,,,,,,,,,,,,,,,,,,,
,38,11.630500020782,135.26853073341,,,,,,,,,,,,,,,,,,,,,
,39,-2.35165447449862,5.53027876742936,,,,,,,,,,,,,,,,,,,,,
,40,29.6661910302208,880.082890241552,,,,,,,,,,,,,,,,,,,,,
,41,-14.3159634650598,204.946809932928,,,,,,,,,,,,,,,,,,,,,
,42,-15.2981179603404,234.032413128491,,,,,,,,,,,,,,,,,,,,,
,43,16.7197275443789,279.549289158263,,,,,,,,,,,,,,,,,,,,,
,44,20.7375730490983,430.046935966688,,,,,,,,,,,,,,,,,,,,,
,45,13.7554185538177,189.211539590712,,,,,,,,,,,,,,,,,,,,,
,46,24.7732640585371,613.714612114005,,,,,,,,,,,,,,,,,,,,,
,47,21.7911095632565,474.852455997848,,,,,,,,,,,,,,,,,,,,,
,48,26.8089550679759,718.720071836749,,,,,,,,,,,,,,,,,,,,,
,49,-27.1731994273048,738.382767116077,,,,,,,,,,,,,,,,,,,,,
,50,6.84464607741461,46.8491799250672,,,,,,,,,,,,,,,,,,,,,
,51,20.862491582134,435.243555014612,,,,,,,,,,,,,,,,,,,,,
,52,-23.1196629131466,534.518813217527,,,,,,,,,,,,,,,,,,,,,
,53,-9.10181740842722,82.8430801363489,,,,,,,,,,,,,,,,,,,,,
,54,-21.0839719037078,444.533871236341,,,,,,,,,,,,,,,,,,,,,
,55,8.93387360101153,79.8140975188507,,,,,,,,,,,,,,,,,,,,,
,56,-12.0482808942691,145.161072507209,,,,,,,,,,,,,,,,,,,,,
,57,-26.0304353895497,677.583566569521,,,,,,,,,,,,,,,,,,,,,
,58,-5.01258988483031,25.1260573535031,,,,,,,,,,,,,,,,,,,,,
,59,30.0052556198891,900.315364814886,,,,,,,,,,,,,,,,,,,,,
,60,-15.9768988753915,255.261297674487,,,,,,,,,,,,,,,,,,,,,
,61,20.0409466293278,401.639541799567,,,,,,,,,,,,,,,,,,,,,
,62,28.0587921340472,787.29581602167,,,,,,,,,,,,,,,,,,,,,
,63,-20.9233623612334,437.787092499478,,,,,,,,,,,,,,,,,,,,,
,64,-3.905516856514,15.253061916515,,,,,,,,,,,,,,,,,,,,,
,65,23.1123286482054,534.179735542656,,,,,,,,,,,,,,,,,,,,,
,66,-27.8698258470752,776.727192746304,,,,,,,,,,,,,,,,,,,,,
,67,-9.85198034235586,97.0615166661663,,,,,,,,,,,,,,,,,,,,,
,68,-1.83413483763647,3.36405060263176,,,,,,,,,,,,,,,,,,,,,
,69,17.1837106670829,295.279912290019,,,,,,,,,,,,,,,,,,,,,
,70,30.2015561718023,912.13399519853,,,,,,,,,,,,,,,,,,,,,
,71,-22.7805983234783,518.955659975662,,,,,,,,,,,,,,,,,,,,,
,72,14.2372471812411,202.699207299757,,,,,,,,,,,,,,,,,,,,,
,73,-21.7449073140396,472.840994096171,,,,,,,,,,,,,,,,,,,,,
,74,17.2729381906798,298.354393739046,,,,,,,,,,,,,,,,,,,,,
,75,5.29078369539923,27.9923921115023,,,,,,,,,,,,,,,,,,,,,
,76,-15.6913707998814,246.21911757937,,,,,,,,,,,,,,,,,,,,,
,77,-12.673525295162,160.618243407111,,,,,,,,,,,,,,,,,,,,,
,78,6.34432020955737,40.250398921398,,,,,,,,,,,,,,,,,,,,,
,79,20.3621657142768,414.617792575668,,,,,,,,,,,,,,,,,,,,,
,80,10.3800112189961,107.744632906486,,,,,,,,,,,,,,,,,,,,,
,81,-25.6021432762845,655.469740339398,,,,,,,,,,,,,,,,,,,,,
,82,-27.5842977715651,760.89348355037,,,,,,,,,,,,,,,,,,,,,
,83,-23.5664522668457,555.377672445516,,,,,,,,,,,,,,,,,,,,,
,84,24.4513932378737,597.870631273134,,,,,,,,,,,,,,,,,,,,,
,85,12.4692387425931,155.481914819784,,,,,,,,,,,,,,,,,,,,,
,86,-25.5129157526875,650.908870203732,,,,,,,,,,,,,,,,,,,,,
,87,24.5049297520318,600.491582152013,,,,,,,,,,,,,,,,,,,,,
,88,-0.477224743248826,0.227743455568908,,,,,,,,,,,,,,,,,,,,,
,89,-11.4593792385294,131.31737253244,,,,,,,,,,,,,,,,,,,,,
,90,-3.44153373381005,11.8441544409525,,,,,,,,,,,,,,,,,,,,,
,91,14.5763117709093,212.46886484275,,,,,,,,,,,,,,,,,,,,,
,92,4.59415727562873,21.1062810732124,,,,,,,,,,,,,,,,,,,,,
,93,-19.3879972196519,375.894436189229,,,,,,,,,,,,,,,,,,,,,
,94,6.62984828506751,43.9548882830126,,,,,,,,,,,,,,,,,,,,,
,95,-15.3523062102131,235.693305972148,,,,,,,,,,,,,,,,,,,,,
,96,1.66553929450629,2.77402114154451,,,,,,,,,,,,,,,,,,,,,
,97,18.6833847992257,349.068867555937,,,,,,,,,,,,,,,,,,,,,
,98,-14.298769696055,204.454814820821,,,,,,,,,,,,,,,,,,,,,
,99,-21.2809241913356,452.877734437373,,,,,,,,,,,,,,,,,,,,,
,0,7.94828064799127,63.1751652592326,,,,,,,,,,,,,,,,,,,,,
,1,20.9661881299171,439.581044699077,,,,,,,,,,,,,,,,,,,,,
,2,-2.01590438815707,4.06387050219094,,,,,,,,,,,,,,,,,,,,,
,3,-15.9979969062312,255.935905011784,,,,,,,,,,,,,,,,,,,,,
,4,12.0199105756946,144.478250247695,,,,,,,,,,,,,,,,,,,,,
,5,-22.9621819423796,527.261799554943,,,,,,,,,,,,,,,,,,,,,
,6,-9.94427446045376,98.8885945448329,,,,,,,,,,,,,,,,,,,,,
,7,8.07363302147207,65.1835501654042,,,,,,,,,,,,,,,,,,,,,
,8,27.0915405033979,733.951566847249,,,,,,,,,,,,,,,,,,,,,
,9,-11.8905520146763,141.385227213722,,,,,,,,,,,,,,,,,,,,,
,10,-7.87264453275045,61.9785319390455,,,,,,,,,,,,,,,,,,,,,
,11,-19.8547370508246,394.210583357388,,,,,,,,,,,,,,,,,,,,,
,12,-19.8368295688988,393.499807345537,,,,,,,,,,,,,,,,,,,,,
,13,-6.81892208697296,46.4976984282077,,,,,,,,,,,,,,,,,,,,,
,14,22.1989853949529,492.794952565331,,,,,,,,,,,,,,,,,,,,,
,15,5.2168928768787,27.2159712888277,,,,,,,,,,,,,,,,,,,,,
,16,9.23480035880453,85.2815376669762,,,,,,,,,,,,,,,,,,,,,
,17,-6.74729215926965,45.5259514825417,,,,,,,,,,,,,,,,,,,,,
,18,-27.7293846773438,768.918774584111,,,,,,,,,,,,,,,,,,,,,
,19,-8.71147719541799,75.8898349262877,,,,,,,,,,,,,,,,,,,,,
,20,22.3064302865078,497.576832126834,,,,,,,,,,,,,,,,,,,,,
,21,-28.6756622315664,822.293604418881,,,,,,,,,,,,,,,,,,,,,
,22,-6.65775474964052,44.3256983063609,,,,,,,,,,,,,,,,,,,,,
,23,13.3601527322853,178.493681029991,,,,,,,,,,,,,,,,,,,,,
,24,-0.621939785788854,0.386809097147085,,,,,,,,,,,,,,,,,,,,,
,25,7.39596769613698,54.7003381623017,,,,,,,,,,,,,,,,,,,,,
,26,-28.5861248219372,817.166532335374,,,,,,,,,,,,,,,,,,,,,
,27,29.4317826599886,866.229830544807,,,,,,,,,,,,,,,,,,,,,
,28,-9.55030985808554,91.2084183854459,,,,,,,,,,,,,,,,,,,,,
,29,2.46759762384028,6.08903803318218,,,,,,,,,,,,,,,,,,,,,
,30,-18.5144948942339,342.786521188613,,,,,,,,,,,,,,,,,,,,,
,31,27.5034125876919,756.437703968811,,,,,,,,,,,,,,,,,,,,,
,32,-8.47867993038223,71.8880133618664,,,,,,,,,,,,,,,,,,,,,
,33,13.5392275515436,183.310682692477,,,,,,,,,,,,,,,,,,,,,
,34,-5.44286496653058,29.6247790438859,,,,,,,,,,,,,,,,,,,,,
,35,18.5750425153953,345.032204448741,,,,,,,,,,,,,,,,,,,,,
,36,-3.40705000267892,11.6079897207544,,,,,,,,,,,,,,,,,,,,,
,37,28.6108574792469,818.581165697779,,,,,,,,,,,,,,,,,,,,,
,38,11.6287649611727,135.228174522199,,,,,,,,,,,,,,,,,,,,,
,39,-2.35332755690143,5.53815059007167,,,,,,,,,,,,,,,,,,,,,
,40,29.6645799250244,879.987302128161,,,,,,,,,,,,,,,,,,,,,
,41,-14.3175125930498,204.991166852139,,,,,,,,,,,,,,,,,,,,,
,42,-15.299605111124,234.07791655633,,,,,,,,,,,,,,,,,,,,,
,43,16.7183023708019,279.501634161559,,,,,,,,,,,,,,,,,,,,,
,44,20.7362098527277,429.990399056362,,,,,,,,,,,,,,,,,,,,,
,45,13.7541173346535,189.175743655417,,,,,,,,,,,,,,,,,,,,,
,46,24.7720248165794,613.653213513224,,,,,,,,,,,,,,,,,,,,,
,47,21.7899322985052,474.80114957344,,,,,,,,,,,,,,,,,,,,,
,48,26.807839780431,718.660273693259,,,,,,,,,,,,,,,,,,,,,
,49,-27.1742527376431,738.440011849306,,,,,,,,,,,,,,,,,,,,,
,50,6.84365474428267,46.8356102589427,,,,,,,,,,,,,,,,,,,,,
,51,20.8615622262085,435.20477851797,,,,,,,,,,,,,,,,,,,,,
,52,-23.1205302918657,534.558920977078,,,,,,,,,,,,,,,,,,,,,
,53,-9.10262280993985,82.8577420200372,,,,,,,,,,,,,,,,,,,,,
,54,-21.084715328014,444.565220463388,,,,,,,,,,,,,,,,,,,,,
,55,8.93319215391182,79.8019220587117,,,,,,,,,,,,,,,,,,,,,
,56,-12.0489003641624,145.175999985512,,,,,,,,,,,,,,,,,,,,,
,57,-26.0309928822365,677.612590435048,,,,,,,,,,,,,,,,,,,,,
,58,-5.0130854003107,25.1310252308083,,,,,,,,,,,,,,,,,,,,,
,59,30.0048220816151,900.289348149378,,,,,,,,,,,,,,,,,,,,,
,60,-15.977270436459,255.273170599748,,,,,,,,,,,,,,,,,,,,,
,61,20.0406370454668,401.627133188136,,,,,,,,,,,,,,,,,,,,,
,62,28.0585445273926,787.281920995675,,,,,,,,,,,,,,,,,,,,,
,63,-20.9235479906816,437.794860518354,,,,,,,,,,,,,,,,,,,,,
,64,-3.90564050875574,15.2540277836338,,,,,,,,,,,,,,,,,,,,,
,65,23.1122669731701,534.17688463909,,,,,,,,,,,,,,,,,,,,,
,66,-27.8698255449041,776.727175903388,,,,,,,,,,,,,,,,,,,,,
,67,-9.85191806297823,97.0602895196367,,,,,,,,,,,,,,,,,,,,,
,68,-1.83401058105241,3.3635948114122,,,,,,,,,,,,,,,,,,,,,
,69,17.1838969008734,295.286312699847,,,,,,,,,,,,,,,,,,,,,
,70,30.2018043827993,912.148987976872,,,,,,,,,,,,,,,,,,,,,
,71,-22.7802881352749,518.941527526148,,,,,,,,,,,,,,,,,,,,,
,72,14.2376193466509,202.709804660128,,,,,,,,,,,,,,,,,,,,,
,73,-21.7444731714233,472.822113502746,,,,,,,,,,,,,,,,,,,,,
,74,17.2734343105026,298.371532879247,,,,,,,,,,,,,,,,,,,,,
,75,5.29134179242837,27.9982979642991,,,,,,,,,,,,,,,,,,,,,
,76,-15.6907507256458,246.199658334354,,,,,,,,,,,,,,,,,,,,,
,77,-12.67284324372,160.600955879899,,,,,,,,,,,,,,,,,,,,,
,78,6.34506423820588,40.2598401869592,,,,,,,,,,,,,,,,,,,,,
,79,20.3629717201317,414.650617274883,,,,,,,,,,,,,,,,,,,,,
,80,10.3808792020575,107.76265300771,,,,,,,,,,,,,,,,,,,,,
,81,-25.6012133160166,655.422123252188,,,,,,,,,,,,,,,,,,,,,
,82,-27.5833058340908,760.838760736989,,,,,,,,,,,,,,,,,,,,,
,83,-23.565398352165,555.32799949622,,,,,,,,,,,,,,,,,,,,,
,84,24.4525091297608,597.925202741037,,,,,,,,,,,,,,,,,,,,,
,85,12.4704166116867,155.511290469031,,,,,,,,,,,,,,,,,,,,,
,86,-25.5116759063875,650.845607552552,,,,,,,,,,,,,,,,,,,,,
,87,24.5062315755383,600.555386033912,,,,,,,,,,,,,,,,,,,,,
,88,-0.475860942535803,0.226443636631063,,,,,,,,,,,,,,,,,,,,,
,89,-11.45795346061,131.284697505504,,,,,,,,,,,,,,,,,,,,,
,90,-3.44004597868417,11.8339163354611,,,,,,,,,,,,,,,,,,,,,
,91,14.5778615032417,212.514046007695,,,,,,,,,,,,,,,,,,,,,
,92,4.59576898516747,21.1210925650272,,,,,,,,,,,,,,,,,,,,,
,93,-19.3863235329067,375.829540122531,,,,,,,,,,,,,,,,,,,,,
,94,6.63158394901916,43.9779056728886,,,,,,,,,,,,,,,,,,,,,
,95,-15.350508569055,235.638113328632,,,,,,,,,,,,,,,,,,,,,
,96,1.66739891287079,2.78021913464271,,,,,,,,,,,,,,,,,,,,,
,97,18.6853063947966,349.140675067427,,,,,,,,,,,,,,,,,,,,,
,98,-14.2967861232775,204.39809345474,,,,,,,,,,,,,,,,,,,,,
,99,-21.2788786413517,452.790676233373,,,,,,,,,,,,,,,,,,,,,
,0,7.94420051289428,63.1103217890697,,,,,,,,,,,,,,,,,,,,,
,1,20.9621698196159,439.412563546417,,,,,,,,,,,,,,,,,,,,,
,2,-2.0198608736624,4.07983794895222,,,,,,,,,,,,,,,,,,,,,
,3,-16.0018915669407,256.060533720129,,,,,,,,,,,,,,,,,,,,,
,4,12.0160777397809,144.386124248459,,,,,,,,,,,,,,,,,,,,,
,5,-22.9659529534974,527.434995062256,,,,,,,,,,,,,,,,,,,,,
,6,-9.94798364677575,98.9623786365177,,,,,,,,,,,,,,,,,,,,,
,7,8.06998565994592,65.1246685517327,,,,,,,,,,,,,,,,,,,,,
,8,27.0879549666676,733.757304276211,,,,,,,,,,,,,,,,,,,,,
,9,-11.8940757266108,141.469037390351,,,,,,,,,,,,,,,,,,,,,
,10,-7.8761064198891,62.0330523374183,,,,,,,,,,,,,,,,,,,,,
,11,-19.8581371131674,394.345609605358,,,,,,,,,,,,,,,,,,,,,
,12,-19.8401678064458,393.632258587927,,,,,,,,,,,,,,,,,,,,,
,13,-6.82219849972411,46.5423923696379,,,,,,,,,,,,,,,,,,,,,
,14,22.1957708069976,492.652241716765,,,,,,,,,,,,,,,,,,,,,
,15,5.21374011371922,27.1830859734049,,,,,,,,,,,,,,,,,,,,,
,16,9.23170942044088,85.2244588234569,,,,,,,,,,,,,,,,,,,,,
,17,-6.75032127283745,45.5668372865219,,,,,,,,,,,,,,,,,,,,,
,18,-27.7323519661158,769.083345572527,,,,,,,,,,,,,,,,,,,,,
,19,-8.71438265939413,75.9404651343492,,,,,,,,,,,,,,,,,,,,,
,20,22.3035866473275,497.449977334847,,,,,,,,,,,,,,,,,,,,,
,21,-28.6784440459508,822.453152896732,,,,,,,,,,,,,,,,,,,,,
,22,-6.66047473922914,44.3619237519095,,,,,,,,,,,,,,,,,,,,,
,23,13.3574945674925,178.422661120592,,,,,,,,,,,,,,,,,,,,,
,24,-0.624536125785824,0.390045372411566,,,,,,,,,,,,,,,,,,,,,
,25,7.39343318093584,54.6628542009631,,,,,,,,,,,,,,,,,,,,,
,26,-28.5885975123425,817.307907722715,,,,,,,,,,,,,,,,,,,,,
,27,29.4293717943792,866.0879242118,,,,,,,,,,,,,,,,,,,,,
,28,-9.55265889889917,91.2532920387175,,,,,,,,,,,,,,,,,,,,,
,29,2.4653104078225,6.07775540691794,,,,,,,,,,,,,,,,,,,,,
,30,-18.5167202854558,342.868930129812,,,,,,,,,,,,,,,,,,,,,
,31,27.5012490212658,756.318697729674,,,,,,,,,,,,,,,,,,,,,
,32,-8.48078167201251,71.9236577683433,,,,,,,,,,,,,,,,,,,,,
,33,13.5371876347091,183.255449057322,,,,,,,,,,,,,,,,,,,,,
,34,-5.44484305856919,29.6463159324491,,,,,,,,,,,,,,,,,,,,,
,35,18.5731262481525,344.961018629811,,,,,,,,,,,,,,,,,,,,,
,36,-3.40890444512587,11.6206295159989,,,,,,,,,,,,,,,,,,,,,
,37,28.6090648615958,818.478592254995,,,,,,,,,,,,,,,,,,,,,
,38,11.6270341683175,135.187923551222,,,,,,,,,,,,,,,,,,,,,
,39,-2.35499652496088,5.54600863257783,,,,,,,,,,,,,,,,,,,,,
,40,29.6629727817608,879.891954251481,,,,,,,,,,,,,,,,,,,,,
,41,-14.3190579115175,205.035419473393,,,,,,,,,,,,,,,,,,,,,
,42,-15.3010886047959,234.123312491815,,,,,,,,,,,,,,,,,,,,,
,43,16.7168807019258,279.454100402418,,,,,,,,,,,,,,,,,,,,,
,44,20.7348500086474,429.934004881107,,,,,,,,,,,,,,,,,,,,,
,45,13.7528193153691,189.140039121189,,,,,,,,,,,,,,,,,,,,,
,46,24.7707886220908,613.591968960301,,,,,,,,,,,,,,,,,,,,,
,47,21.7887579288124,474.749972080387,,,,,,,,,,,,,,,,,,,,,
,48,26.8067272355341,718.600625080325,,,,,,,,,,,,,,,,,,,,,
,49,-27.1753034577443,738.497118020487,,,,,,,,,,,,,,,,,,,,,
,50,6.84266584897742,46.8220759207619,,,,,,,,,,,,,,,,,,,,,
,51,20.8606351556991,435.166099099188,,,,,,,,,,,,,,,,,,,,,
,52,-23.1213955375793,534.598931605191,,,,,,,,,,,,,,,,,,,,,
,53,-9.10342623085759,82.8723691406661,,,,,,,,,,,,,,,,,,,,,
,54,-21.0854569241359,444.596493699592,,,,,,,,,,,,,,,,,,,,,
,55,8.93251238258571,79.7897774650471,,,,,,,,,,,,,,,,,,,,,
,56,-12.0495183106926,145.190891519716,,,,,,,,,,,,,,,,,,,,,
,57,-26.031549003971,677.641543546141,,,,,,,,,,,,,,,,,,,,,
,58,-5.0135796972493,25.1359813806704,,,,,,,,,,,,,,,,,,,,,
,59,30.0043896094724,900.263395837014,,,,,,,,,,,,,,,,,,,,,
,60,-15.977641083806,255.285014602924,,,,,,,,,,,,,,,,,,,,,
,61,20.0403282229157,401.614755282191,,,,,,,,,,,,,,,,,,,,,
,62,28.0582975296374,787.268060261655,,,,,,,,,,,,,,,,,,,,,
,63,-20.923733163641,437.802609503249,,,,,,,,,,,,,,,,,,,,,
,64,-3.90576385691932,15.2549913060173,,,,,,,,,,,,,,,,,,,,,
,65,23.1122054498024,534.174040753874,,,,,,,,,,,,,,,,,,,,,
,66,-27.869825243476,776.727159101891,,,,,,,,,,,,,,,,,,,,,
,67,-9.85185593675433,97.0590653985616,,,,,,,,,,,,,,,,,,,,,
,68,-1.83388663003265,3.36314017181252,,,,,,,,,,,,,,,,,,,,,
,69,17.184082676689,295.292697439283,,,,,,,,,,,,,,,,,,,,,
,70,30.2020519834107,912.16394400864,,,,,,,,,,,,,,,,,,,,,
,71,-22.7799787098677,518.927430022024,,,,,,,,,,,,,,,,,,,,,
,72,14.237990596854,202.720376236103,,,,,,,,,,,,,,,,,,,,,
,73,-21.7440400964244,472.80327971491,,,,,,,,,,,,,,,,,,,,,
,74,17.2739292102973,298.388630362363,,,,,,,,,,,,,,,,,,,,,
,75,5.29189851701898,28.0041899144277,,,,,,,,,,,,,,,,,,,,,
,76,-15.6901321762594,246.18024770849,,,,,,,,,,,,,,,,,,,,,
,77,-12.6721628695377,160.58371179209,,,,,,,,,,,,,,,,,,,,,
,78,6.34580643718397,40.2692593382055,,,,,,,,,,,,,,,,,,,,,
,79,20.3637757439056,414.683362548079,,,,,,,,,,,,,,,,,,,,,
,80,10.3817450506273,107.780630296224,,,,,,,,,,,,,,,,,,,,,
,81,-25.600285642651,655.374624985325,,,,,,,,,,,,,,,,,,,,,
,82,-27.5823163359294,760.784174455277,,,,,,,,,,,,,,,,,,,,,
,83,-23.5643470292077,555.27845091293,,,,,,,,,,,,,,,,,,,,,
,84,24.4536222775139,597.979642491326,,,,,,,,,,,,,,,,,,,,,
,85,12.4715915842356,155.540596643975,,,,,,,,,,,,,,,,,,,,,
,86,-25.5104391090428,650.782503536178,,,,,,,,,,,,,,,,,,,,,
,87,24.5075301976789,600.619036390142,,,,,,,,,,,,,,,,,,,,,
,88,-0.474500495599443,0.225150720324117,,,,,,,,,,,,,,,,,,,,,
,89,-11.4565311888778,131.252106881729,,,,,,,,,,,,,,,,,,,,,
,90,-3.43856188215614,11.8237078174172,,,,,,,,,,,,,,,,,,,,,
,91,14.5794074245655,212.559120851477,,,,,,,,,,,,,,,,,,,,,
,92,4.59737673128723,21.1358728093812,,,,,,,,,,,,,,,,,,,,,
,93,-19.3846539619911,375.764809226139,,,,,,,,,,,,,,,,,,,,,
,94,6.63331534473053,44.0008724626376,,,,,,,,,,,,,,,,,,,,,
,95,-15.3487153485478,235.583062850746,,,,,,,,,,,,,,,,,,,,,
,96,1.66925395817384,2.78640877687903,,,,,,,,,,,,,,,,,,,,,
,97,18.6872232648955,349.212313352052,,,,,,,,,,,,,,,,,,,,,
,98,-14.2948074283828,204.341519414548,,,,,,,,,,,,,,,,,,,,,
,99,-21.2768381216612,452.703840455374,,,,,,,,,,,,,,,,,,,,,
,0,7.94013041141951,63.0456709503489,,,,,,,,,,,,,,,,,,,,,
,1,20.9581613909012,439.244528887061,,,,,,,,,,,,,,,,,,,,,
,2,-2.02380762961712,4.09579732169647,,,,,,,,,,,,,,,,,,,,,
,3,-16.0057766501354,256.184886174021,,,,,,,,,,,,,,,,,,,,,
,4,12.0122543293463,144.294254072898,,,,,,,,,,,,,,,,,,,,,
,5,-22.9697146911721,527.607792993846,,,,,,,,,,,,,,,,,,,,,
,6,-9.95168371169037,99.0360086975235,,,,,,,,,,,,,,,,,,,,,
,7,8.06634726779132,65.0659582446044,,,,,,,,,,,,,,,,,,,,,
,8,27.084378247273,733.563545041355,,,,,,,,,,,,,,,,,,,,,
,9,-11.8975907732453,141.552666207612,,,,,,,,,,,,,,,,,,,,,
,10,-7.87955979376363,62.0874625434963,,,,,,,,,,,,,,,,,,,,,
,11,-19.8615288142819,394.480326840552,,,,,,,,,,,,,,,,,,,,,
,12,-19.8434978348003,393.764406319722,,,,,,,,,,,,,,,,,,,,,
,13,-6.82546685531857,46.5869977930523,,,,,,,,,,,,,,,,,,,,,
,14,22.1925641241631,492.509902405092,,,,,,,,,,,,,,,,,,,,,
,15,5.21059510364481,27.1503013341272,,,,,,,,,,,,,,,,,,,,,
,16,9.22862608312649,85.1675393821626,,,,,,,,,,,,,,,,,,,,,
,17,-6.75334293739182,45.60764083002,,,,,,,,,,,,,,,,,,,,,
,18,-27.7353119579101,769.247529402593,,,,,,,,,,,,,,,,,,,,,
,19,-8.71728097842845,75.9909876568704,,,,,,,,,,,,,,,,,,,,,
,20,22.3007500010532,497.323450609476,,,,,,,,,,,,,,,,,,,,,
,21,-28.6812190194651,822.612324442524,,,,,,,,,,,,,,,,,,,,,
,22,-6.66318803998338,44.3980748561776,,,,,,,,,,,,,,,,,,,,,
,23,13.3548429394983,178.351829938668,,,,,,,,,,,,,,,,,,,,,
,24,-0.627126081020009,0.393287121495515,,,,,,,,,,,,,,,,,,,,,
,25,7.39090489846168,54.6254752181049,,,,,,,,,,,,,,,,,,,,,
,26,-28.5910641220566,817.448947631554,,,,,,,,,,,,,,,,,,,,,
,27,29.4269668574251,865.946378427993,,,,,,,,,,,,,,,,,,,,,
,28,-9.55500216309326,91.2980663367169,,,,,,,,,,,,,,,,,,,,,
,29,2.46302881638843,6.06651095035979,,,,,,,,,,,,,,,,,,,,,
,30,-18.5189402041299,342.951146284138,,,,,,,,,,,,,,,,,,,,,
,31,27.4990907753518,756.199993471039,,,,,,,,,,,,,,,,,,,,,
,32,-8.4828782451665,71.9592233223191,,,,,,,,,,,,,,,,,,,,,
,33,13.5351527343152,183.20035954124,,,,,,,,,,,,,,,,,,,,,
,34,-5.44681628620313,29.6678076556477,,,,,,,,,,,,,,,,,,,,,
,35,18.5712146932786,344.890015183845,,,,,,,,,,,,,,,,,,,,,
,36,-3.41075432723976,11.6332450807847,,,,,,,,,,,,,,,,,,,,,
,37,28.6072766522419,818.376277457906,,,,,,,,,,,,,,,,,,,,,
,38,11.6253076317236,135.147777532211,,,,,,,,,,,,,,,,,,,,,
,39,-2.35666138879471,5.55385290143579,,,,,,,,,,,,,,,,,,,,,
,40,29.661369590687,879.796845995331,,,,,,,,,,,,,,,,,,,,,
,41,-14.3205994298313,205.079568029686,,,,,,,,,,,,,,,,,,,,,
,42,-15.3025684503496,234.168601177636,,,,,,,,,,,,,,,,,,,,,
,43,16.7154625291321,279.406687562818,,,,,,,,,,,,,,,,,,,,,
,44,20.7334935086137,429.877753071727,,,,,,,,,,,,,,,,,,,,,
,45,13.7515244880954,189.104425746688,,,,,,,,,,,,,,,,,,,,,
,46,24.7695554675771,613.530878061379,,,,,,,,,,,,,,,,,,,,,
,47,21.7875864470588,474.69892318806,,,,,,,,,,,,,,,,,,,,,
,48,26.8056174265405,718.541125618051,,,,,,,,,,,,,,,,,,,,,
,49,-27.1763515939778,738.554085959502,,,,,,,,,,,,,,,,,,,,,
,50,6.84167938550385,46.8085768140284,,,,,,,,,,,,,,,,,,,,,
,51,20.8597103649855,435.127516511085,,,,,,,,,,,,,,,,,,,,,
,52,-23.1222586555328,534.63884533336,,,,,,,,,,,,,,,,,,,,,
,53,-9.1042276760511,82.8869615773747,,,,,,,,,,,,,,,,,,,,,
,54,-21.0861966965694,444.627691126414,,,,,,,,,,,,,,,,,,,,,
,55,8.93183428291229,79.7776636574073,,,,,,,,,,,,,,,,,,,,,
,56,-12.050134737606,145.205747194459,,,,,,,,,,,,,,,,,,,,,
,57,-26.0321037581244,677.670426073752,,,,,,,,,,,,,,,,,,,,,
,58,-5.01407277864266,25.1409258295253,,,,,,,,,,,,,,,,,,,,,
,59,30.003958200839,900.237507717696,,,,,,,,,,,,,,,,,,,,,
,60,-15.9780108196793,255.296829753788,,,,,,,,,,,,,,,,,,,,,
,61,20.0400201598024,401.602408005286,,,,,,,,,,,,,,,,,,,,,
,62,28.0580511392841,787.254233734681,,,,,,,,,,,,,,,,,,,,,
,63,-20.9239178812342,437.810339500633,,,,,,,,,,,,,,,,,,,,,
,64,-3.90588690175252,15.2559524892819,,,,,,,,,,,,,,,,,,,,,
,65,23.1121440777292,534.171203869712,,,,,,,,,,,,,,,,,,,,,
,66,-27.8698249427892,776.727142341713,,,,,,,,,,,,,,,,,,,,,
,67,-9.85179396330747,97.0578442954616,,,,,,,,,,,,,,,,,,,,,
,68,-1.83376298382578,3.36268668084962,,,,,,,,,,,,,,,,,,,,,
,69,17.1842679956559,295.299066546524,,,,,,,,,,,,,,,,,,,,,
,70,30.2022989751376,912.178863383597,,,,,,,,,,,,,,,,,,,,,
,71,-22.7796700453807,518.913367376416,,,,,,,,,,,,,,,,,,,,,
,72,14.238360934101,202.730922089733,,,,,,,,,,,,,,,,,,,,,
,73,-21.7436080864173,472.784492615714,,,,,,,,,,,,,,,,,,,,,
,74,17.2744228930643,298.405686288425,,,,,,,,,,,,,,,,,,,,,
,75,5.29245387254602,28.0100679930274,,,,,,,,,,,,,,,,,,,,,
,76,-15.6895151479723,246.160885578452,,,,,,,,,,,,,,,,,,,,,
,77,-12.6714841684906,160.566511032308,,,,,,,,,,,,,,,,,,,,,
,78,6.34654681099107,40.2786564241009,,,,,,,,,,,,,,,,,,,,,
,79,20.3645777904728,414.716028584217,,,,,,,,,,,,,,,,,,,,,
,80,10.3826087699545,107.798564869935,,,,,,,,,,,,,,,,,,,,,
,81,-25.5993602505638,655.327245238148,,,,,,,,,,,,,,,,,,,,,
,82,-27.5813292710822,760.729724359853,,,,,,,,,,,,,,,,,,,,,
,83,-23.5632982916005,555.229026378943,,,,,,,,,,,,,,,,,,,,,
,84,24.4547326878812,598.033950835726,,,,,,,,,,,,,,,,,,,,,
,85,12.4727636673629,155.569833501887,,,,,,,,,,,,,,,,,,,,,
,86,-25.5092053531554,650.719557749454,,,,,,,,,,,,,,,,,,,,,
,87,24.5088256263263,600.682533581667,,,,,,,,,,,,,,,,,,,,,
,88,-0.47314339419205,0.223864671467574,,,,,,,,,,,,,,,,,,,,,
,89,-11.4551124147104,131.219600433653,,,,,,,,,,,,,,,,,,,,,
,90,-3.43708143522872,11.8135287923939,,,,,,,,,,,,,,,,,,,,,
,91,14.580949544253,212.604089612051,,,,,,,,,,,,,,,,,,,,,
,92,4.59898052373467,21.1506218576908,,,,,,,,,,,,,,,,,,,,,
,93,-19.3829884967836,375.700243066447,,,,,,,,,,,,,,,,,,,,,
,94,6.63504248269805,44.023788747208,,,,,,,,,,,,,,,,,,,,,
,95,-15.3469265378203,235.528154157252,,,,,,,,,,,,,,,,,,,,,
,96,1.67110444166144,2.7925900549406,,,,,,,,,,,,,,,,,,,,,
,97,18.6891354211431,349.283782789827,,,,,,,,,,,,,,,,,,,,,
,98,-14.2928335993752,204.285092299429,,,,,,,,,,,,,,,,,,,,,
,99,-21.2748026198935,452.617226515429,,,,,,,,,,,,,,,,,,,,,
,0,7.93607031889288,62.9812121064125,,,,,,,,,,,,,,,,,,,,,
,1,20.9541628194727,439.07693946497,,,,,,,,,,,,,,,,,,,,,
,2,-2.02774467994757,4.11174848705566,,,,,,,,,,,,,,,,,,,,,
,3,-16.0096521793678,256.308962904336,,,,,,,,,,,,,,,,,,,,,
,4,12.008440321212,144.20263894811,,,,,,,,,,,,,,,,,,,,,
,5,-22.9734671782082,527.780194188211,,,,,,,,,,,,,,,,,,,,,
,6,-9.95537467762846,99.1094849719659,,,,,,,,,,,,,,,,,,,,,
,7,8.06271782295132,65.0074186925369,,,,,,,,,,,,,,,,,,,,,
,8,27.0808103235311,733.370287779069,,,,,,,,,,,,,,,,,,,,,
,9,-11.9010971758891,141.636113989956,,,,,,,,,,,,,,,,,,,,,
,10,-7.88300467530934,62.141762710949,,,,,,,,,,,,,,,,,,,,,
,11,-19.8649121747296,394.614735709719,,,,,,,,,,,,,,,,,,,,,
,12,-19.8468196741498,393.896251178219,,,,,,,,,,,,,,,,,,,,,
,13,-6.82872717357001,46.6315148110534,,,,,,,,,,,,,,,,,,,,,
,14,22.1893653270098,492.367933615504,,,,,,,,,,,,,,,,,,,,,
,15,5.20745782758955,27.1176170261237,,,,,,,,,,,,,,,,,,,,,
,16,9.22555032816933,85.1107788575852,,,,,,,,,,,,,,,,,,,,,
,17,-6.75635717125089,45.6483622255133,,,,,,,,,,,,,,,,,,,,,
,18,-27.7382646706711,769.411326940201,,,,,,,,,,,,,,,,,,,,,
,19,-8.72017217009134,76.0414026760355,,,,,,,,,,,,,,,,,,,,,
,20,22.2979203304884,497.19725106481,,,,,,,,,,,,,,,,,,,,,
,21,-28.6839871689318,822.771119907444,,,,,,,,,,,,,,,,,,,,,
,22,-6.66589466835201,44.4341517295638,,,,,,,,,,,,,,,,,,,,,
,23,13.3521978322278,178.281186950948,,,,,,,,,,,,,,,,,,,,,
,24,-0.629709667192458,0.396534264955636,,,,,,,,,,,,,,,,,,,,,
,25,7.38838283338733,54.5882008926925,,,,,,,,,,,,,,,,,,,,,
,26,-28.5935246660329,817.589652827031,,,,,,,,,,,,,,,,,,,,,
,27,29.4245678345469,865.805192249851,,,,,,,,,,,,,,,,,,,,,
,28,-9.55733966487334,91.3427414697612,,,,,,,,,,,,,,,,,,,,,
,29,2.46075283570644,6.05530451843731,,,,,,,,,,,,,,,,,,,,,
,30,-18.5211546637138,343.033170077207,,,,,,,,,,,,,,,,,,,,,
,31,27.496937836866,756.081590404473,,,,,,,,,,,,,,,,,,,,,
,32,-8.48496966255422,71.9947101744655,,,,,,,,,,,,,,,,,,,,,
,33,13.5331228380255,183.145413749089,,,,,,,,,,,,,,,,,,,,,
,34,-5.44878466139467,29.6892542862498,,,,,,,,,,,,,,,,,,,,,
,35,18.5693078391851,344.819193626422,,,,,,,,,,,,,,,,,,,,,
,36,-3.41259966023512,11.6458364410368,,,,,,,,,,,,,,,,,,,,,
,37,28.6054928403447,818.27422063901,,,,,,,,,,,,,,,,,,,,,
,38,11.6235853409245,135.107736177754,,,,,,,,,,,,,,,,,,,,,
,39,-2.35832215849578,5.5616834032522,,,,,,,,,,,,,,,,,,,,,
,40,29.659770342084,879.701976745166,,,,,,,,,,,,,,,,,,,,,
,41,-14.3221371573362,205.123612753551,,,,,,,,,,,,,,,,,,,,,
,42,-15.3040446567564,234.213782855996,,,,,,,,,,,,,,,,,,,,,
,43,16.7140478438233,279.359395325615,,,,,,,,,,,,,,,,,,,,,
,44,20.7321403444031,429.821643260028,,,,,,,,,,,,,,,,,,,,,
,45,13.7502328449829,189.068903291246,,,,,,,,,,,,,,,,,,,,,
,46,24.7683253455627,613.469940423642,,,,,,,,,,,,,,,,,,,,,
,47,21.7864178461425,474.648002566714,,,,,,,,,,,,,,,,,,,,,
,48,26.8045103467222,718.481774927539,,,,,,,,,,,,,,,,,,,,,
,49,-27.177397152698,738.610915995478,,,,,,,,,,,,,,,,,,,,,
,50,6.84069534788179,46.7951128425316,,,,,,,,,,,,,,,,,,,,,
,51,20.8587878484616,435.089030507128,,,,,,,,,,,,,,,,,,,,,
,52,-23.1231196509587,534.678662392551,,,,,,,,,,,,,,,,,,,,,
,53,-9.10502715037887,82.9015194091364,,,,,,,,,,,,,,,,,,,,,
,54,-21.0869346497991,444.658812924898,,,,,,,,,,,,,,,,,,,,,
,55,8.93115785078066,79.7655805555611,,,,,,,,,,,,,,,,,,,,,
,56,-12.0507496486395,145.220567094186,,,,,,,,,,,,,,,,,,,,,
,57,-26.0326571480598,677.699238188427,,,,,,,,,,,,,,,,,,,,,
,58,-5.01456464748,25.1458586037562,,,,,,,,,,,,,,,,,,,,,
,59,30.0035278530998,900.211683631735,,,,,,,,,,,,,,,,,,,,,
,60,-15.9783796463204,255.308616121947,,,,,,,,,,,,,,,,,,,,,
,61,20.0397128542593,401.590091281167,,,,,,,,,,,,,,,,,,,,,
,62,28.0578053548391,787.24044133004,,,,,,,,,,,,,,,,,,,,,
,63,-20.9241021445811,437.818050556863,,,,,,,,,,,,,,,,,,,,,
,64,-3.90600964400133,15.2569113390314,,,,,,,,,,,,,,,,,,,,,
,65,23.1120828565785,534.168373969348,,,,,,,,,,,,,,,,,,,,,
,66,-27.8698246428418,776.72712562275,,,,,,,,,,,,,,,,,,,,,
,67,-9.85173214226199,97.0566262028781,,,,,,,,,,,,,,,,,,,,,
,68,-1.8336396416822,3.36223433554842,,,,,,,,,,,,,,,,,,,,,
,69,17.1844528588976,295.305420059673,,,,,,,,,,,,,,,,,,,,,
,70,30.2025453594773,912.193746191286,,,,,,,,,,,,,,,,,,,,,
,71,-22.7793621399429,518.899339502662,,,,,,,,,,,,,,,,,,,,,
,72,14.2387303606369,202.741442282923,,,,,,,,,,,,,,,,,,,,,
,73,-21.7431771387833,472.76575208851,,,,,,,,,,,,,,,,,,,,,
,74,17.2749153617965,298.422700757232,,,,,,,,,,,,,,,,,,,,,
,75,5.29300786237624,28.0159322311767,,,,,,,,,,,,,,,,,,,,,
,76,-15.688899637044,246.141571821239,,,,,,,,,,,,,,,,,,,,,
,77,-12.6708071364642,160.549353489472,,,,,,,,,,,,,,,,,,,,,
,78,6.34728536411558,40.2880314935158,,,,,,,,,,,,,,,,,,,,,
,79,20.3653778646953,414.748615571823,,,,,,,,,,,,,,,,,,,,,
,80,10.3834703652751,107.816456826547,,,,,,,,,,,,,,,,,,,,,
,81,-25.5984371341451,655.279983710778,,,,,,,,,,,,,,,,,,,,,
,82,-27.5803446335653,760.675410106235,,,,,,,,,,,,,,,,,,,,,
,83,-23.5622521329855,555.179725578381,,,,,,,,,,,,,,,,,,,,,
,84,24.4558403675943,598.088128085252,,,,,,,,,,,,,,,,,,,,,
,85,12.473932868174,155.599001199712,,,,,,,,,,,,,,,,,,,,,
,86,-25.5079746312462,650.6567697883,,,,,,,,,,,,,,,,,,,,,
,87,24.5101178693336,600.745877968624,,,,,,,,,,,,,,,,,,,,,
,88,-0.471789630086619,0.222585455057268,,,,,,,,,,,,,,,,,,,,,
,89,-11.4536971295069,131.187177934473,,,,,,,,,,,,,,,,,,,,,
,90,-3.43560462892708,11.8033791663052,,,,,,,,,,,,,,,,,,,,,
,91,14.5824878716527,212.648952526898,,,,,,,,,,,,,,,,,,,,,
,92,4.60058037223246,21.1653397613705,,,,,,,,,,,,,,,,,,,,,
,93,-19.3813271271878,375.635841211065,,,,,,,,,,,,,,,,,,,,,
,94,6.63676537339205,44.0466546214557,,,,,,,,,,,,,,,,,,,,,
,95,-15.3451421260282,235.473386868005,,,,,,,,,,,,,,,,,,,,,
,96,1.67295037455159,2.79876295571231,,,,,,,,,,,,,,,,,,,,,
,97,18.6910428751314,349.355083759999,,,,,,,,,,,,,,,,,,,,,
,98,-14.2908646242889,204.228811709751,,,,,,,,,,,,,,,,,,,,,
,99,-21.2727721237091,452.530833827255,,,,,,,,,,,,,,,,,,,,,
,0,9.97555,99.5115978025,,,,,,,,,,,,,,,,,,,,,
,1,24.966208,623.311541899264,,,,,,,,,,,,,,,,,,,,,
,2,3.956866,15.656788541956,,,,,,,,,,,,,,,,,,,,,
,3,-8.052476,64.842369730576,,,,,,,,,,,,,,,,,,,,,
,4,21.938182,481.283829465124,,,,,,,,,,,,,,,,,,,,,
,5,-11.07116,122.5705837456,,,,,,,,,,,,,,,,,,,,,
,6,3.919498,15.362464572004,,,,,,,,,,,,,,,,,,,,,
,7,23.910156,571.695559944336,,,,,,,,,,,,,,,,,,,,,
,8,44.900814,2016.0830978626,,,,,,,,,,,,,,,,,,,,,
,9,7.891472,62.275330326784,,,,,,,,,,,,,,,,,,,,,
,10,13.88213,192.7135333369,,,,,,,,,,,,,,,,,,,,,
,11,3.872788,14.998486892944,,,,,,,,,,,,,,,,,,,,,
,12,5.863446,34.379998994916,,,,,,,,,,,,,,,,,,,,,
,13,20.854104,434.893653642816,,,,,,,,,,,,,,,,,,,,,
,14,51.844762,2687.87934683664,,,,,,,,,,,,,,,,,,,,,
,15,36.83542,1356.8481665764,,,,,,,,,,,,,,,,,,,,,
,16,42.826078,1834.07295686208,,,,,,,,,,,,,,,,,,,,,
,17,28.816736,830.404273693696,,,,,,,,,,,,,,,,,,,,,
,18,9.807394,96.184977071236,,,,,,,,,,,,,,,,,,,,,
,19,30.798052,948.520006994704,,,,,,,,,,,,,,,,,,,,,
,20,63.78871,4068.9995234641,,,,,,,,,,,,,,,,,,,,,
,21,14.779368,218.429718479424,,,,,,,,,,,,,,,,,,,,,
,22,38.770026,1503.11491604068,,,,,,,,,,,,,,,,,,,,,
,23,60.760684,3691.86072014786,,,,,,,,,,,,,,,,,,,,,
,24,48.751342,2376.69334680096,,,,,,,,,,,,,,,,,,,,,
,25,58.742,3450.622564,,,,,,,,,,,,,,,,,,,,,
,26,24.732658,611.704371744964,,,,,,,,,,,,,,,,,,,,,
,27,84.723316,7178.04027403586,,,,,,,,,,,,,,,,,,,,,
,28,47.713974,2276.62331487268,,,,,,,,,,,,,,,,,,,,,
,29,61.704632,3807.46161025542,,,,,,,,,,,,,,,,,,,,,
,30,42.69529,1822.8877881841,,,,,,,,,,,,,,,,,,,,,
,31,90.685948,8223.9411646587,,,,,,,,,,,,,,,,,,,,,
,32,56.676606,3212.23766767924,,,,,,,,,,,,,,,,,,,,,
,33,80.667264,6507.2074812457,,,,,,,,,,,,,,,,,,,,,
,34,63.657922,4052.33103335809,,,,,,,,,,,,,,,,,,,,,
,35,89.64858,8036.8678960164,,,,,,,,,,,,,,,,,,,,,
,36,69.639238,4849.62346922064,,,,,,,,,,,,,,,,,,,,,
,37,103.629896,10739.1553449708,,,,,,,,,,,,,,,,,,,,,
,38,88.620554,7853.60259126692,,,,,,,,,,,,,,,,,,,,,
,39,76.611212,5869.27780410894,,,,,,,,,,,,,,,,,,,,,
,40,110.60187,12232.7736474969,,,,,,,,,,,,,,,,,,,,,
,41,68.592528,4704.93489743078,,,,,,,,,,,,,,,,,,,,,
,42,69.583186,4841.8197739106,,,,,,,,,,,,,,,,,,,,,
,43,103.573844,10727.5411609363,,,,,,,,,,,,,,,,,,,,,
,44,109.564502,12004.380098508,,,,,,,,,,,,,,,,,,,,,
,45,104.55516,10931.7814826256,,,,,,,,,,,,,,,,,,,,,
,46,117.545818,13817.0193292891,,,,,,,,,,,,,,,,,,,,,
,47,116.536476,13580.7502384986,,,,,,,,,,,,,,,,,,,,,
,48,123.527134,15258.952834254,,,,,,,,,,,,,,,,,,,,,
,49,71.517792,5114.79457255527,,,,,,,,,,,,,,,,,,,,,
,50,107.50845,11558.0668214025,,,,,,,,,,,,,,,,,,,,,
,51,123.499108,15252.0296767957,,,,,,,,,,,,,,,,,,,,,
,52,81.489766,6640.58196273476,,,,,,,,,,,,,,,,,,,,,
,53,97.480424,9502.43306321978,,,,,,,,,,,,,,,,,,,,,
,54,87.471082,7651.19018625072,,,,,,,,,,,,,,,,,,,,,
,55,119.46174,14271.1073238276,,,,,,,,,,,,,,,,,,,,,
,56,100.452398,10090.6842639504,,,,,,,,,,,,,,,,,,,,,
,57,88.443056,7822.17415461914,,,,,,,,,,,,,,,,,,,,,
,58,111.433714,12417.4726158338,,,,,,,,,,,,,,,,,,,,,
,59,148.424372,22029.7942035944,,,,,,,,,,,,,,,,,,,,,
,60,104.41503,10902.4984899009,,,,,,,,,,,,,,,,,,,,,
,61,142.405688,20279.3799747533,,,,,,,,,,,,,,,,,,,,,
,62,152.396346,23224.6462741517,,,,,,,,,,,,,,,,,,,,,
,63,105.387004,11106.420612096,,,,,,,,,,,,,,,,,,,,,
,64,124.377662,15469.8028045862,,,,,,,,,,,,,,,,,,,,,
,65,153.36832,23521.8415796224,,,,,,,,,,,,,,,,,,,,,
,66,104.358978,10890.7962892045,,,,,,,,,,,,,,,,,,,,,
,67,124.349636,15462.8319733325,,,,,,,,,,,,,,,,,,,,,
,68,134.340294,18047.3145920064,,,,,,,,,,,,,,,,,,,,,
,69,155.330952,24127.7046492263,,,,,,,,,,,,,,,,,,,,,
,70,170.32161,29009.4508329921,,,,,,,,,,,,,,,,,,,,,
,71,119.312268,14235.4172953038,,,,,,,,,,,,,,,,,,,,,
,72,158.302926,25059.8163801615,,,,,,,,,,,,,,,,,,,,,
,73,124.293584,15448.8950235651,,,,,,,,,,,,,,,,,,,,,
,74,165.284242,27318.8806535146,,,,,,,,,,,,,,,,,,,,,
,75,155.2749,24110.29457001,,,,,,,,,,,,,,,,,,,,,
,76,136.265558,18568.3022970514,,,,,,,,,,,,,,,,,,,,,
,77,141.256216,19953.3185586387,,,,,,,,,,,,,,,,,,,,,
,78,162.246874,26324.0481227719,,,,,,,,,,,,,,,,,,,,,
,79,178.237532,31768.617813451,,,,,,,,,,,,,,,,,,,,,
,80,170.22819,28977.6366706761,,,,,,,,,,,,,,,,,,,,,
,81,136.218848,18555.5745504471,,,,,,,,,,,,,,,,,,,,,
,82,136.209506,18553.029524764,,,,,,,,,,,,,,,,,,,,,
,83,142.200164,20220.8866416269,,,,,,,,,,,,,,,,,,,,,
,84,192.190822,36937.3120610357,,,,,,,,,,,,,,,,,,,,,
,85,182.18148,33190.0916549904,,,,,,,,,,,,,,,,,,,,,
,86,146.172138,21366.2939274911,,,,,,,,,,,,,,,,,,,,,
,87,198.162796,39268.4937185376,,,,,,,,,,,,,,,,,,,,,
,88,175.153454,30678.7324481301,,,,,,,,,,,,,,,,,,,,,
,89,166.144112,27603.8659522685,,,,,,,,,,,,,,,,,,,,,
,90,176.13477,31023.4572029529,,,,,,,,,,,,,,,,,,,,,
,91,196.125428,38465.1835081832,,,,,,,,,,,,,,,,,,,,,
,92,188.116086,35387.6618119594,,,,,,,,,,,,,,,,,,,,,
,93,166.106744,27591.4504022815,,,,,,,,,,,,,,,,,,,,,
,94,194.097402,37673.8014631496,,,,,,,,,,,,,,,,,,,,,
,95,174.08806,30306.6526345636,,,,,,,,,,,,,,,,,,,,,
,96,193.078718,37279.3913445235,,,,,,,,,,,,,,,,,,,,,
,97,212.069376,44973.4202370294,,,,,,,,,,,,,,,,,,,,,
,98,181.060034,32782.7359120812,,,,,,,,,,,,,,,,,,,,,
,99,176.050692,30993.8461536789,,,,,,,,,,,,,,,,,,,,,
,0,7.96883269566858,63.5022945315566,,,,,,,,,,,,,,,,,,,,,
,1,20.9864287599277,440.430192095522,,,,,,,,,,,,,,,,,,,,,
,2,-1.99597517581312,3.9839169024622,,,,,,,,,,,,,,,,,,,,,
,3,-15.978379111554,255.308599032544,,,,,,,,,,,,,,,,,,,,,
,4,12.0392169527052,144.942744834304,,,,,,,,,,,,,,,,,,,,,
,5,-22.9431869830357,526.389828938537,,,,,,,,,,,,,,,,,,,,,
,6,-9.92559091877651,98.5173550868987,,,,,,,,,,,,,,,,,,,,,
,7,8.09200514548264,65.4805472745176,,,,,,,,,,,,,,,,,,,,,
,8,27.1096012097418,734.930477751234,,,,,,,,,,,,,,,,,,,,,
,9,-11.8728027259991,140.963444570491,,,,,,,,,,,,,,,,,,,,,
,10,-7.8552066617399,61.7042716986429,,,,,,,,,,,,,,,,,,,,,
,11,-19.8376105974807,393.53079421728,,,,,,,,,,,,,,,,,,,,,
,12,-19.8200145332216,392.832976097115,,,,,,,,,,,,,,,,,,,,,
,13,-6.80241846896244,46.2728970268814,,,,,,,,,,,,,,,,,,,,,
,14,22.2151775952967,493.514115590573,,,,,,,,,,,,,,,,,,,,,
,15,5.23277365955586,27.3819201721416,,,,,,,,,,,,,,,,,,,,,
,16,9.25036972381501,85.5693400272734,,,,,,,,,,,,,,,,,,,,,
,17,-6.73203421192584,45.3202846305399,,,,,,,,,,,,,,,,,,,,,
,18,-27.7144381476667,768.090081840842,,,,,,,,,,,,,,,,,,,,,
,19,-8.69684208340753,75.6350622237283,,,,,,,,,,,,,,,,,,,,,
,20,22.3207539808516,498.216058273703,,,,,,,,,,,,,,,,,,,,,
,21,-28.6616499548892,821.490178136602,,,,,,,,,,,,,,,,,,,,,
,22,-6.64405389063008,44.1434521015967,,,,,,,,,,,,,,,,,,,,,
,23,13.3735421736291,178.851630269836,,,,,,,,,,,,,,,,,,,,,
,24,-0.608861762111772,0.370712645361852,,,,,,,,,,,,,,,,,,,,,
,25,7.40873430214738,54.8893439598152,,,,,,,,,,,,,,,,,,,,,
,26,-28.5736696335935,816.454596329741,,,,,,,,,,,,,,,,,,,,,
,27,29.4439264306657,866.944803654453,,,,,,,,,,,,,,,,,,,,,
,28,-9.53847750507516,90.9825531148249,,,,,,,,,,,,,,,,,,,,,
,29,2.47911855918399,6.14602883049049,,,,,,,,,,,,,,,,,,,,,
,30,-18.5032853765569,342.371569726303,,,,,,,,,,,,,,,,,,,,,
,31,27.5143106877023,757.037292619409,,,,,,,,,,,,,,,,,,,,,
,32,-8.46809324803856,71.7086032574762,,,,,,,,,,,,,,,,,,,,,
,33,13.5495028162206,183.58902656677,,,,,,,,,,,,,,,,,,,,,
,34,-5.43290111952025,29.5164145744844,,,,,,,,,,,,,,,,,,,,,
,35,18.5846949447389,345.390886189004,,,,,,,,,,,,,,,,,,,,,
,36,-3.39770899100195,11.5444263875355,,,,,,,,,,,,,,,,,,,,,
,37,28.6198870732572,819.097936085995,,,,,,,,,,,,,,,,,,,,,
,38,11.6374831375164,135.431013775978,,,,,,,,,,,,,,,,,,,,,
,39,-2.34492079822449,5.49865354994579,,,,,,,,,,,,,,,,,,,,,
,40,29.6726752660347,880.467657443545,,,,,,,,,,,,,,,,,,,,,
,41,-14.3097286697062,204.768334600611,,,,,,,,,,,,,,,,,,,,,
,42,-15.2921326054471,233.849319622577,,,,,,,,,,,,,,,,,,,,,
,43,16.7254634588121,279.741127912059,,,,,,,,,,,,,,,,,,,,,
,44,20.7430595230713,430.274518377677,,,,,,,,,,,,,,,,,,,,,
,45,13.7606555873304,189.355642193128,,,,,,,,,,,,,,,,,,,,,
,46,24.7782516515896,613.961754909501,,,,,,,,,,,,,,,,,,,,,
,47,21.7958477158487,475.058977652467,,,,,,,,,,,,,,,,,,,,,
,48,26.8134437801079,718.960767349005,,,,,,,,,,,,,,,,,,,,,
,49,-27.168960155633,738.152395938373,,,,,,,,,,,,,,,,,,,,,
,50,6.84863590862616,46.9038138089237,,,,,,,,,,,,,,,,,,,,,
,51,20.8662319728853,435.399636746261,,,,,,,,,,,,,,,,,,,,,
,52,-23.1161719628555,534.357406216308,,,,,,,,,,,,,,,,,,,,,
,53,-9.09857589859638,82.7840833825189,,,,,,,,,,,,,,,,,,,,,
,54,-21.0809798343372,444.407710775733,,,,,,,,,,,,,,,,,,,,,
,55,8.93661622992192,79.8631096409039,,,,,,,,,,,,,,,,,,,,,
,56,-12.0457877058189,145.101001453658,,,,,,,,,,,,,,,,,,,,,
,57,-26.0281916415598,677.466760129762,,,,,,,,,,,,,,,,,,,,,
,58,-5.01059557730062,25.1060680392645,,,,,,,,,,,,,,,,,,,,,
,59,30.0070004869585,900.42007822433,,,,,,,,,,,,,,,,,,,,,
,60,-15.9754034487823,255.213515351366,,,,,,,,,,,,,,,,,,,,,
,61,20.0421926154768,401.689484835874,,,,,,,,,,,,,,,,,,,,,
,62,28.059788679736,787.35174075144,,,,,,,,,,,,,,,,,,,,,
,63,-20.9226152560049,437.755829150807,,,,,,,,,,,,,,,,,,,,,
,64,-3.90501919174571,15.2491748879023,,,,,,,,,,,,,,,,,,,,,
,65,23.1125768725134,534.191209687843,,,,,,,,,,,,,,,,,,,,,
,66,-27.8698270632274,776.727260534203,,,,,,,,,,,,,,,,,,,,,
,67,-9.85223099896825,97.066455657031,,,,,,,,,,,,,,,,,,,,,
,68,-1.8346349347091,3.36588534365507,,,,,,,,,,,,,,,,,,,,,
,69,17.1829611295501,295.254153179628,,,,,,,,,,,,,,,,,,,,,
,70,30.2005571938092,912.073654816541,,,,,,,,,,,,,,,,,,,,,
,71,-22.7818467419316,519.012540972862,,,,,,,,,,,,,,,,,,,,,
,72,14.2357493223275,202.656558768148,,,,,,,,,,,,,,,,,,,,,
,73,-21.7466546134133,472.916986875092,,,,,,,,,,,,,,,,,,,,,
,74,17.2709414508458,298.285418598544,,,,,,,,,,,,,,,,,,,,,
,75,5.28853751510496,27.9686290486726,,,,,,,,,,,,,,,,,,,,,
,76,-15.6938664206359,246.297443228763,,,,,,,,,,,,,,,,,,,,,
,77,-12.6762703563767,160.687830147956,,,,,,,,,,,,,,,,,,,,,
,78,6.34132570788242,40.2124117334505,,,,,,,,,,,,,,,,,,,,,
,79,20.3589217721416,414.48569572418,,,,,,,,,,,,,,,,,,,,,
,80,10.3765178364007,107.672122409142,,,,,,,,,,,,,,,,,,,,,
,81,-25.6058860993401,655.66140293238,,,,,,,,,,,,,,,,,,,,,
,82,-27.588290035081,761.113747059748,,,,,,,,,,,,,,,,,,,,,
,83,-23.5706939708218,555.577614266136,,,,,,,,,,,,,,,,,,,,,
,84,24.4469020934373,597.651021966111,,,,,,,,,,,,,,,,,,,,,
,85,12.4644981576965,155.363714323219,,,,,,,,,,,,,,,,,,,,,
,86,-25.5179057780443,651.163515297149,,,,,,,,,,,,,,,,,,,,,
,87,24.4996902862148,600.234824120447,,,,,,,,,,,,,,,,,,,,,
,88,-0.48271364952609,0.233012467438797,,,,,,,,,,,,,,,,,,,,,
,89,-11.4651175852669,131.448921243997,,,,,,,,,,,,,,,,,,,,,
,90,-3.44752152100773,11.8854046378115,,,,,,,,,,,,,,,,,,,,,
,91,14.5700745432514,212.287072195902,,,,,,,,,,,,,,,,,,,,,
,92,4.58767060751052,21.0467216030159,,,,,,,,,,,,,,,,,,,,,
,93,-19.3947333282303,376.155680873167,,,,,,,,,,,,,,,,,,,,,
,94,6.62286273602888,43.8623108202799,,,,,,,,,,,,,,,,,,,,,
,95,-15.359541199712,235.91550586565,,,,,,,,,,,,,,,,,,,,,
,96,1.65805486454713,2.74914593384839,,,,,,,,,,,,,,,,,,,,,
,97,18.6756509288063,348.779937614624,,,,,,,,,,,,,,,,,,,,,
,98,-14.3067530069345,204.68318160143,,,,,,,,,,,,,,,,,,,,,
,99,-21.2891569426754,453.228203329864,,,,,,,,,,,,,,,,,,,,,
,0,7.96470202021511,63.4364782708187,,,,,,,,,,,,,,,,,,,,,
,1,20.9823606750896,440.259459499549,,,,,,,,,,,,,,,,,,,,,
,2,-1.99998067003582,3.99992268051691,,,,,,,,,,,,,,,,,,,,,
,3,-15.9823220151613,255.434616996309,,,,,,,,,,,,,,,,,,,,,
,4,12.0353366397133,144.849328031224,,,,,,,,,,,,,,,,,,,,,
,5,-22.9470047054122,526.56502495021,,,,,,,,,,,,,,,,,,,,,
,6,-9.92934605053767,98.5919129913281,,,,,,,,,,,,,,,,,,,,,
,7,8.08831260433686,65.4208007854745,,,,,,,,,,,,,,,,,,,,,
,8,27.1059712592114,734.733677905194,,,,,,,,,,,,,,,,,,,,,
,9,-11.8763700859141,141.048166417595,,,,,,,,,,,,,,,,,,,,,
,10,-7.85871143103953,61.7593453563514,,,,,,,,,,,,,,,,,,,,,
,11,-19.841052776165,393.667375266565,,,,,,,,,,,,,,,,,,,,,
,12,-19.8233941212905,392.966954488013,,,,,,,,,,,,,,,,,,,,,
,13,-6.80573546641593,46.3180352388316,,,,,,,,,,,,,,,,,,,,,
,14,22.2119231884586,493.369531729985,,,,,,,,,,,,,,,,,,,,,
,15,5.22958184333314,27.3485262561197,,,,,,,,,,,,,,,,,,,,,
,16,9.24724049820768,85.5114568316922,,,,,,,,,,,,,,,,,,,,,
,17,-6.73510084691779,45.3615834181527,,,,,,,,,,,,,,,,,,,,,
,18,-27.7174421920433,768.256601669259,,,,,,,,,,,,,,,,,,,,,
,19,-8.69978353716871,75.6862335935918,,,,,,,,,,,,,,,,,,,,,
,20,22.3178751177058,498.087549769512,,,,,,,,,,,,,,,,,,,,,
,21,-28.6644662274196,821.651624102881,,,,,,,,,,,,,,,,,,,,,
,22,-6.64680757254511,44.1800509064431,,,,,,,,,,,,,,,,,,,,,
,23,13.3708510823294,178.77965866583,,,,,,,,,,,,,,,,,,,,,
,24,-0.611490262796039,0.373920341494369,,,,,,,,,,,,,,,,,,,,,
,25,7.4061683920785,54.8513302518226,,,,,,,,,,,,,,,,,,,,,
,26,-28.576172953047,816.597660642453,,,,,,,,,,,,,,,,,,,,,
,27,29.4414857018276,866.801080330917,,,,,,,,,,,,,,,,,,,,,
,28,-9.5408556432979,91.0279264062494,,,,,,,,,,,,,,,,,,,,,
,29,2.47680301157664,6.13455315815509,,,,,,,,,,,,,,,,,,,,,
,30,-18.5055383335488,342.454949014445,,,,,,,,,,,,,,,,,,,,,
,31,27.5121203213257,756.916764575103,,,,,,,,,,,,,,,,,,,,,
,32,-8.47022102379975,71.7446441920193,,,,,,,,,,,,,,,,,,,,,
,33,13.5474376310748,183.533066367861,,,,,,,,,,,,,,,,,,,,,
,34,-5.43490371405068,29.5381783810018,,,,,,,,,,,,,,,,,,,,,
,35,18.5827549408238,345.318781190713,,,,,,,,,,,,,,,,,,,,,
,36,-3.39958640430162,11.5571877203124,,,,,,,,,,,,,,,,,,,,,
,37,28.6180722505729,818.994059339012,,,,,,,,,,,,,,,,,,,,,
,38,11.6357309054475,135.390233703985,,,,,,,,,,,,,,,,,,,,,
,39,-2.346610439678,5.50658055560579,,,,,,,,,,,,,,,,,,,,,
,40,29.6710482151965,880.371102188518,,,,,,,,,,,,,,,,,,,,,
,41,-14.3112931299289,204.813111050751,,,,,,,,,,,,,,,,,,,,,
,42,-15.2936344750544,233.895255456572,,,,,,,,,,,,,,,,,,,,,
,43,16.7240241798202,279.692984767209,,,,,,,,,,,,,,,,,,,,,
,44,20.7416828346947,430.217406815068,,,,,,,,,,,,,,,,,,,,,
,45,13.7593414895692,189.319478226581,,,,,,,,,,,,,,,,,,,,,
,46,24.7770001444437,613.899736157766,,,,,,,,,,,,,,,,,,,,,
,47,21.7946587993183,475.007152178702,,,,,,,,,,,,,,,,,,,,,
,48,26.8123174541928,718.900367264413,,,,,,,,,,,,,,,,,,,,,
,49,-27.1700238909326,738.21019823385,,,,,,,,,,,,,,,,,,,,,
,50,6.8476347639419,46.8901018603456,,,,,,,,,,,,,,,,,,,,,
,51,20.8652934188164,435.360469453304,,,,,,,,,,,,,,,,,,,,,
,52,-23.117047926309,534.397904827269,,,,,,,,,,,,,,,,,,,,,
,53,-9.09938927143449,82.7988851130971,,,,,,,,,,,,,,,,,,,,,
,54,-21.08173061656,444.439365789201,,,,,,,,,,,,,,,,,,,,,
,55,8.93592803831459,79.8508099059368,,,,,,,,,,,,,,,,,,,,,
,56,-12.0464133068109,145.11607355851,,,,,,,,,,,,,,,,,,,,,
,57,-26.0287546519364,677.496068730699,,,,,,,,,,,,,,,,,,,,,
,58,-5.01109599706183,25.1110830917691,,,,,,,,,,,,,,,,,,,,,
,59,30.0065626578127,900.39380253724,,,,,,,,,,,,,,,,,,,,,
,60,-15.9757786873128,255.225504665996,,,,,,,,,,,,,,,,,,,,,
,61,20.0418799675618,401.676952634154,,,,,,,,,,,,,,,,,,,,,
,62,28.0595386224363,787.337707703996,,,,,,,,,,,,,,,,,,,,,
,63,-20.9228027226891,437.763673772568,,,,,,,,,,,,,,,,,,,,,
,64,-3.9051440678146,15.2501501903876,,,,,,,,,,,,,,,,,,,,,
,65,23.1125145870599,534.188330537058,,,,,,,,,,,,,,,,,,,,,
,66,-27.8698267580655,776.727243524585,,,,,,,,,,,,,,,,,,,,,
,67,-9.85216810319099,97.065216333534,,,,,,,,,,,,,,,,,,,,,
,68,-1.83450944831645,3.36542491596234,,,,,,,,,,,,,,,,,,,,,
,69,17.1831492065581,295.260616654838,,,,,,,,,,,,,,,,,,,,,
,70,30.2008078614326,912.088795483169,,,,,,,,,,,,,,,,,,,,,
,71,-22.7815334836929,518.998267868619,,,,,,,,,,,,,,,,,,,,,
,72,14.2361251711817,202.667259889552,,,,,,,,,,,,,,,,,,,,,
,73,-21.7462161739438,472.897917883895,,,,,,,,,,,,,,,,,,,,,
,74,17.2714424809307,298.302725372099,,,,,,,,,,,,,,,,,,,,,
,75,5.28910113580528,27.9745908247767,,,,,,,,,,,,,,,,,,,,,
,76,-15.6932402093202,246.277788267424,,,,,,,,,,,,,,,,,,,,,
,77,-12.6755815544456,160.670367743403,,,,,,,,,,,,,,,,,,,,,
,78,6.3420771004289,40.2219419477846,,,,,,,,,,,,,,,,,,,,,
,79,20.3597357553034,414.518840025781,,,,,,,,,,,,,,,,,,,,,
,80,10.377394410178,107.690314744393,,,,,,,,,,,,,,,,,,,,,
,81,-25.6049469349475,655.613307541477,,,,,,,,,,,,,,,,,,,,,
,82,-27.587288280073,761.058474647851,,,,,,,,,,,,,,,,,,,,,
,83,-23.5696296251984,555.527440669032,,,,,,,,,,,,,,,,,,,,,
,84,24.4480290296761,597.706123435885,,,,,,,,,,,,,,,,,,,,,
,85,12.4656876845506,155.393369448757,,,,,,,,,,,,,,,,,,,,,
,86,-25.5166536605748,651.099614033727,,,,,,,,,,,,,,,,,,,,,
,87,24.5010049942997,600.299245730699,,,,,,,,,,,,,,,,,,,,,
,88,-0.481336350825757,0.231684682626256,,,,,,,,,,,,,,,,,,,,,
,89,-11.4636776959513,131.415906316651,,,,,,,,,,,,,,,,,,,,,
,90,-3.44601904107674,11.8750472314634,,,,,,,,,,,,,,,,,,,,,
,91,14.5716396137978,212.332681034401,,,,,,,,,,,,,,,,,,,,,
,92,4.58929826867234,21.0616585988389,,,,,,,,,,,,,,,,,,,,,
,93,-19.3930430764531,376.090119765167,,,,,,,,,,,,,,,,,,,,,
,94,6.62461557842141,43.8855315618637,,,,,,,,,,,,,,,,,,,,,
,95,-15.3577257667041,235.859740725286,,,,,,,,,,,,,,,,,,,,,
,96,1.65993288817049,2.75537719323002,,,,,,,,,,,,,,,,,,,,,
,97,18.677591543045,348.852425848827,,,,,,,,,,,,,,,,,,,,,
,98,-14.3047498020804,204.62586690012,,,,,,,,,,,,,,,,,,,,,
,99,-21.2870911472059,453.140249509452,,,,,,,,,,,,,,,,,,,,,
,0,7.96058150266967,63.3708578606464,,,,,,,,,,,,,,,,,,,,,
,1,20.9783025942405,440.089179735518,,,,,,,,,,,,,,,,,,,,,
,2,-2.00397631418863,4.01592106782905,,,,,,,,,,,,,,,,,,,,,
,3,-15.9862552226178,255.560356042674,,,,,,,,,,,,,,,,,,,,,
,4,12.0314658689531,144.756170955783,,,,,,,,,,,,,,,,,,,,,
,5,-22.9508130394761,526.739819172985,,,,,,,,,,,,,,,,,,,,,
,6,-9.93309194790522,98.6663156455396,,,,,,,,,,,,,,,,,,,,,
,7,8.08462914366563,65.3612283906077,,,,,,,,,,,,,,,,,,,,,
,8,27.1023502352365,734.537388273423,,,,,,,,,,,,,,,,,,,,,
,9,-11.8799286731927,141.132705280145,,,,,,,,,,,,,,,,,,,,,
,10,-7.86220758162181,61.8143080565115,,,,,,,,,,,,,,,,,,,,,
,11,-19.844486490051,393.803644053815,,,,,,,,,,,,,,,,,,,,,
,12,-19.8267653984801,393.100626166368,,,,,,,,,,,,,,,,,,,,,
,13,-6.80904430690926,46.3630843734534,,,,,,,,,,,,,,,,,,,,,
,14,22.2086767846616,493.225324525567,,,,,,,,,,,,,,,,,,,,,
,15,5.22639787623245,27.315234760687,,,,,,,,,,,,,,,,,,,,,
,16,9.2441189678033,85.4537354909007,,,,,,,,,,,,,,,,,,,,,
,17,-6.73815994062585,45.4027993854549,,,,,,,,,,,,,,,,,,,,,
,18,-27.720438849055,768.422729984197,,,,,,,,,,,,,,,,,,,,,
,19,-8.70271775748415,75.7372963664299,,,,,,,,,,,,,,,,,,,,,
,20,22.3150033340867,497.959373800301,,,,,,,,,,,,,,,,,,,,,
,21,-28.6672755743424,821.812688855291,,,,,,,,,,,,,,,,,,,,,
,22,-6.64955448277159,44.2165748193478,,,,,,,,,,,,,,,,,,,,,
,23,13.3681666087993,178.707878480615,,,,,,,,,,,,,,,,,,,,,
,24,-0.614112299629895,0.377133916556718,,,,,,,,,,,,,,,,,,,,,
,25,7.40360879194095,54.8134231441054,,,,,,,,,,,,,,,,,,,,,
,26,-28.5786701164882,816.740385627055,,,,,,,,,,,,,,,,,,,,,
,27,29.4390509750827,866.657722313516,,,,,,,,,,,,,,,,,,,,,
,28,-9.54322793334649,91.0731993878047,,,,,,,,,,,,,,,,,,,,,
,29,2.47449315822438,6.12311639009925,,,,,,,,,,,,,,,,,,,,,
,30,-18.5077857502048,342.538133375483,,,,,,,,,,,,,,,,,,,,,
,31,27.5099353413661,756.796542486142,,,,,,,,,,,,,,,,,,,,,
,32,-8.47234356706308,71.7806055183551,,,,,,,,,,,,,,,,,,,,,
,33,13.5453775245078,183.47725228144,,,,,,,,,,,,,,,,,,,,,
,34,-5.43690138392137,29.5598966584861,,,,,,,,,,,,,,,,,,,,,
,35,18.5808197076495,345.246861008175,,,,,,,,,,,,,,,,,,,,,
,36,-3.40145920077967,11.5699246945687,,,,,,,,,,,,,,,,,,,,,
,37,28.6162618907912,818.890444602348,,,,,,,,,,,,,,,,,,,,,
,38,11.633982982362,135.34956003389,,,,,,,,,,,,,,,,,,,,,
,39,-2.34829592606711,5.51449375638338,,,,,,,,,,,,,,,,,,,,,
,40,29.6694251655037,880.274789651427,,,,,,,,,,,,,,,,,,,,,
,41,-14.3128537429254,204.857782266374,,,,,,,,,,,,,,,,,,,,,
,42,-15.2951326513546,233.941082822532,,,,,,,,,,,,,,,,,,,,,
,43,16.7225884402163,279.644964140857,,,,,,,,,,,,,,,,,,,,,
,44,20.7403095317872,430.160439474342,,,,,,,,,,,,,,,,,,,,,
,45,13.758030623358,189.283406633257,,,,,,,,,,,,,,,,,,,,,
,46,24.7757517149289,613.837873039801,,,,,,,,,,,,,,,,,,,,,
,47,21.7934728064997,474.955456967643,,,,,,,,,,,,,,,,,,,,,
,48,26.8111938980706,718.840118239937,,,,,,,,,,,,,,,,,,,,,
,49,-27.1710850103586,738.267860640133,,,,,,,,,,,,,,,,,,,,,
,50,6.84663608121227,46.8764256285577,,,,,,,,,,,,,,,,,,,,,
,51,20.8643571727831,435.321400233466,,,,,,,,,,,,,,,,,,,,,
,52,-23.117921735646,534.438305375454,,,,,,,,,,,,,,,,,,,,,
,53,-9.10020064407516,82.8136517624259,,,,,,,,,,,,,,,,,,,,,
,54,-21.0824795525043,444.470944081762,,,,,,,,,,,,,,,,,,,,,
,55,8.93524153906654,79.8385413614602,,,,,,,,,,,,,,,,,,,,,
,56,-12.0470373693626,145.131109378819,,,,,,,,,,,,,,,,,,,,,
,57,-26.0293162777918,677.525305889315,,,,,,,,,,,,,,,,,,,,,
,58,-5.01159518622092,25.1160863105527,,,,,,,,,,,,,,,,,,,,,
,59,30.00612590535,900.367591847714,,,,,,,,,,,,,,,,,,,,,
,60,-15.9761530030792,255.237464777796,,,,,,,,,,,,,,,,,,,,,
,61,20.0415680884917,401.664451445647,,,,,,,,,,,,,,,,,,,,,
,62,28.0592891800625,787.323709290373,,,,,,,,,,,,,,,,,,,,,
,63,-20.9229897283666,437.771499173336,,,,,,,,,,,,,,,,,,,,,
,64,-3.9052686367958,15.2511231255409,,,,,,,,,,,,,,,,,,,,,
,65,23.1124524547751,534.185458474237,,,,,,,,,,,,,,,,,,,,,
,66,-27.8698264536541,776.727226556798,,,,,,,,,,,,,,,,,,,,,
,67,-9.85210536208325,97.0639800655895,,,,,,,,,,,,,,,,,,,,,
,68,-1.83438427051237,3.36496565190321,,,,,,,,,,,,,,,,,,,,,
,69,17.1833368210585,295.267064305944,,,,,,,,,,,,,,,,,,,,,
,70,30.2010579126293,912.10389904199,,,,,,,,,,,,,,,,,,,,,
,71,-22.7812209957998,518.984030059471,,,,,,,,,,,,,,,,,,,,,
,72,14.236500095771,202.677934976888,,,,,,,,,,,,,,,,,,,,,
,73,-21.7457788126581,472.878896169051,,,,,,,,,,,,,,,,,,,,,
,74,17.2719422789127,298.319990086093,,,,,,,,,,,,,,,,,,,,,
,75,5.2896633704836,27.9805385730359,,,,,,,,,,,,,,,,,,,,,
,76,-15.6926155379456,246.25818242177,,,,,,,,,,,,,,,,,,,,,
,77,-12.6748944463747,160.65294922674,,,,,,,,,,,,,,,,,,,,,
,78,6.34282664519614,40.2314498510101,,,,,,,,,,,,,,,,,,,,,
,79,20.360547736767,414.551904141167,,,,,,,,,,,,,,,,,,,,,
,80,10.3782688283378,107.708463873249,,,,,,,,,,,,,,,,,,,,,
,81,-25.6040100800913,655.565332181418,,,,,,,,,,,,,,,,,,,,,
,82,-27.5862889885205,761.003340158165,,,,,,,,,,,,,,,,,,,,,
,83,-23.5685678969496,555.477392713124,,,,,,,,,,,,,,,,,,,,,
,84,24.4491531946213,597.761091934059,,,,,,,,,,,,,,,,,,,,,
,85,12.4668742861921,155.422954467717,,,,,,,,,,,,,,,,,,,,,
,86,-25.515404622237,651.035873036475,,,,,,,,,,,,,,,,,,,,,
,87,24.5023164693338,600.363512363388,,,,,,,,,,,,,,,,,,,,,
,88,-0.479962439095345,0.230363942942353,,,,,,,,,,,,,,,,,,,,,
,89,-11.4622413475245,131.3829767089,,,,,,,,,,,,,,,,,,,,,
,90,-3.44452025595365,11.864719793675,,,,,,,,,,,,,,,,,,,,,
,91,14.5732008356172,212.378182595235,,,,,,,,,,,,,,,,,,,,,
,92,4.59092192718805,21.076564141536,,,,,,,,,,,,,,,,,,,,,
,93,-19.3913569812411,376.024725573927,,,,,,,,,,,,,,,,,,,,,
,94,6.62636411032975,43.9087013226661,,,,,,,,,,,,,,,,,,,,,
,95,-15.3559147980994,235.804119286487,,,,,,,,,,,,,,,,,,,,,
,96,1.6618062934715,2.76160015702148,,,,,,,,,,,,,,,,,,,,,
,97,18.6795273850423,348.924743328546,,,,,,,,,,,,,,,,,,,,,
,98,-14.3027515233868,204.568701139744,,,,,,,,,,,,,,,,,,,,,
,99,-21.285030431816,453.052520483333,,,,,,,,,,,,,,,,,,,,,
,0,7.95647111805252,63.3054326524039,,,,,,,,,,,,,,,,,,,,,
,1,20.9742544927791,439.919351527865,,,,,,,,,,,,,,,,,,,,,
,2,-2.00796213249426,4.0319119255309,,,,,,,,,,,,,,,,,,,,,
,3,-15.9901787577677,255.685816705364,,,,,,,,,,,,,,,,,,,,,
,4,12.027604616959,144.663272821892,,,,,,,,,,,,,,,,,,,,,
,5,-22.9546120083144,526.914212452253,,,,,,,,,,,,,,,,,,,,,
,6,-9.93682863358783,98.7405632932909,,,,,,,,,,,,,,,,,,,,,
,7,8.08095474113878,65.3018295283334,,,,,,,,,,,,,,,,,,,,,
,8,27.0987381158654,734.341607472256,,,,,,,,,,,,,,,,,,,,,
,9,-11.883478509408,141.217061483562,,,,,,,,,,,,,,,,,,,,,
,10,-7.8656951346814,61.8691599517506,,,,,,,,,,,,,,,,,,,,,
,11,-19.8479117599548,393.939601230951,,,,,,,,,,,,,,,,,,,,,
,12,-19.8301283852282,393.233991774632,,,,,,,,,,,,,,,,,,,,,
,13,-6.81234501050157,46.4080445421056,,,,,,,,,,,,,,,,,,,,,
,14,22.205438364225,493.081492947397,,,,,,,,,,,,,,,,,,,,,
,15,5.22322173895165,27.2820453342571,,,,,,,,,,,,,,,,,,,,,
,16,9.24100511367826,85.3961755110278,,,,,,,,,,,,,,,,,,,,,
,17,-6.74121151159513,45.4439326440627,,,,,,,,,,,,,,,,,,,,,
,18,-27.7234281368685,768.588467660113,,,,,,,,,,,,,,,,,,,,,
,19,-8.70564476214192,75.788250724609,,,,,,,,,,,,,,,,,,,,,
,20,22.3121386125847,497.831529467193,,,,,,,,,,,,,,,,,,,,,
,21,-28.6700780126887,821.973373253656,,,,,,,,,,,,,,,,,,,,,
,22,-6.65229463796209,44.2530239502591,,,,,,,,,,,,,,,,,,,,,
,23,13.3654887367645,178.63628917258,,,,,,,,,,,,,,,,,,,,,
,24,-0.616727888508862,0.380353288464599,,,,,,,,,,,,,,,,,,,,,
,25,7.40105548621774,54.7756223100738,,,,,,,,,,,,,,,,,,,,,
,26,-28.5811611390556,816.882772056664,,,,,,,,,,,,,,,,,,,,,
,27,29.436622235671,866.514728645598,,,,,,,,,,,,,,,,,,,,,
,28,-9.54559438960243,91.1183722508093,,,,,,,,,,,,,,,,,,,,,
,29,2.47218898512418,6.11171837816931,,,,,,,,,,,,,,,,,,,,,
,30,-18.5100276401492,342.621123239088,,,,,,,,,,,,,,,,,,,,,
,31,27.5077557345774,756.676625553176,,,,,,,,,,,,,,,,,,,,,
,32,-8.47446089069599,71.8164873879359,,,,,,,,,,,,,,,,,,,,,
,33,13.5433224840306,183.421583906449,,,,,,,,,,,,,,,,,,,,,
,34,-5.43889414124277,29.5815694796449,,,,,,,,,,,,,,,,,,,,,
,35,18.5788892334838,345.175125150062,,,,,,,,,,,,,,,,,,,,,
,36,-3.40332739178956,11.5826373357051,,,,,,,,,,,,,,,,,,,,,
,37,28.6144559829371,818.787091199442,,,,,,,,,,,,,,,,,,,,,
,38,11.6322393576637,135.30899247398,,,,,,,,,,,,,,,,,,,,,
,39,-2.34997726760973,5.5223931582825,,,,,,,,,,,,,,,,,,,,,
,40,29.6678061071169,880.178719209482,,,,,,,,,,,,,,,,,,,,,
,41,-14.3144105181565,204.90234848231,,,,,,,,,,,,,,,,,,,,,
,42,-15.2966271434299,233.986801965116,,,,,,,,,,,,,,,,,,,,,
,43,16.7211562312967,279.597065711433,,,,,,,,,,,,,,,,,,,,,
,44,20.7389396060233,430.103615982282,,,,,,,,,,,,,,,,,,,,,
,45,13.7567229807499,189.247427169093,,,,,,,,,,,,,,,,,,,,,
,46,24.7745063554765,613.776165157548,,,,,,,,,,,,,,,,,,,,,
,47,21.7922897302032,474.903891685118,,,,,,,,,,,,,,,,,,,,,
,48,26.8100731049298,718.780019891678,,,,,,,,,,,,,,,,,,,,,
,49,-27.1721435203436,738.325383490153,,,,,,,,,,,,,,,,,,,,,
,50,6.84563985438297,46.8627850159164,,,,,,,,,,,,,,,,,,,,,
,51,20.8634232291096,435.282428836949,,,,,,,,,,,,,,,,,,,,,
,52,-23.1187933961638,534.478608094508,,,,,,,,,,,,,,,,,,,,,
,53,-9.10101002143719,82.8283834103002,,,,,,,,,,,,,,,,,,,,,
,54,-21.0832266467106,444.502445836567,,,,,,,,,,,,,,,,,,,,,
,55,8.93455672801602,79.8263039261363,,,,,,,,,,,,,,,,,,,,,
,56,-12.0476598972574,145.146108999984,,,,,,,,,,,,,,,,,,,,,
,57,-26.0298765225308,677.554471778199,,,,,,,,,,,,,,,,,,,,,
,58,-5.01209314780417,25.1210777222655,,,,,,,,,,,,,,,,,,,,,
,59,30.0056902269224,900.341445994029,,,,,,,,,,,,,,,,,,,,,
,60,-15.9765263983509,255.249395757204,,,,,,,,,,,,,,,,,,,,,
,61,20.0412569763757,401.651981193127,,,,,,,,,,,,,,,,,,,,,
,62,28.0590403511023,787.309745424786,,,,,,,,,,,,,,,,,,,,,
,63,-20.9231762741711,437.779305400037,,,,,,,,,,,,,,,,,,,,,
,64,-3.90539289944451,15.2520936990316,,,,,,,,,,,,,,,,,,,,,
,65,23.1123904752821,534.182593481911,,,,,,,,,,,,,,,,,,,,,
,66,-27.8698261499913,776.727209630739,,,,,,,,,,,,,,,,,,,,,
,67,-9.85204277526466,97.0627468456447,,,,,,,,,,,,,,,,,,,,,
,68,-1.83425940053806,3.36450754846224,,,,,,,,,,,,,,,,,,,,,
,69,17.1835239741885,295.273496171513,,,,,,,,,,,,,,,,,,,,,
,70,30.2013073489152,912.118965583636,,,,,,,,,,,,,,,,,,,,,
,71,-22.7809092763582,518.969827457665,,,,,,,,,,,,,,,,,,,,,
,72,14.2368740983684,202.688584092792,,,,,,,,,,,,,,,,,,,,,
,73,-21.745342526905,472.859921612425,,,,,,,,,,,,,,,,,,,,,
,74,17.2724408478216,298.337212841496,,,,,,,,,,,,,,,,,,,,,
,75,5.2902242225482,27.9864723248358,,,,,,,,,,,,,,,,,,,,,
,76,-15.6919924027252,246.238625567185,,,,,,,,,,,,,,,,,,,,,
,77,-12.6742090279986,160.635574485401,,,,,,,,,,,,,,,,,,,,,
,78,6.34357434672802,40.2409354924658,,,,,,,,,,,,,,,,,,,,,
,79,20.3613577214546,414.58488826104,,,,,,,,,,,,,,,,,,,,,
,80,10.3791410961812,107.726569894438,,,,,,,,,,,,,,,,,,,,,
,81,-25.6030755290921,655.517476548397,,,,,,,,,,,,,,,,,,,,,
,82,-27.5852921543655,760.948343241701,,,,,,,,,,,,,,,,,,,,,
,83,-23.5675087796389,555.427470078358,,,,,,,,,,,,,,,,,,,,,
,84,24.4502745950877,597.81592777519,,,,,,,,,,,,,,,,,,,,,
,85,12.4680579698143,155.452469538649,,,,,,,,,,,,,,,,,,,,,
,86,-25.5141586554591,650.972291895941,,,,,,,,,,,,,,,,,,,,,
,87,24.5036247192675,600.427624382696,,,,,,,,,,,,,,,,,,,,,
,88,-0.478591906005931,0.22905021249439,,,,,,,,,,,,,,,,,,,,,
,89,-11.4608085312793,131.350132190645,,,,,,,,,,,,,,,,,,,,,
,90,-3.44302515655272,11.8544222286549,,,,,,,,,,,,,,,,,,,,,
,91,14.5747582181739,212.423577118227,,,,,,,,,,,,,,,,,,,,,
,92,4.59254159290055,21.0914382825215,,,,,,,,,,,,,,,,,,,,,
,93,-19.3896750323729,375.959497861023,,,,,,,,,,,,,,,,,,,,,
,94,6.62810834235376,43.9318201979795,,,,,,,,,,,,,,,,,,,,,
,95,-15.3541082829196,235.748641163622,,,,,,,,,,,,,,,,,,,,,
,96,1.66367509180697,2.76781481109891,,,,,,,,,,,,,,,,,,,,,
,97,18.6814584665336,348.996890436819,,,,,,,,,,,,,,,,,,,,,
,98,-14.3007581587398,204.511683914764,,,,,,,,,,,,,,,,,,,,,
,99,-21.2829747840132,452.965015656943,,,,,,,,,,,,,,,,,,,,,
,0,7.95237084144539,63.2402019998709,,,,,,,,,,,,,,,,,,,,,
,1,20.9702163461648,439.749973604956,,,,,,,,,,,,,,,,,,,,,
,2,-2.01193814911584,4.04789511586767,,,,,,,,,,,,,,,,,,,,,
,3,-15.9940926443965,255.810999517537,,,,,,,,,,,,,,,,,,,,,
,4,12.0237528603229,144.570632846124,,,,,,,,,,,,,,,,,,,,,
,5,-22.9584016349577,527.088205632028,,,,,,,,,,,,,,,,,,,,,
,6,-9.9405561302383,98.8146561784183,,,,,,,,,,,,,,,,,,,,,
,7,8.07728937448108,65.242603639105,,,,,,,,,,,,,,,,,,,,,
,8,27.0951348792005,734.146334122066,,,,,,,,,,,,,,,,,,,,,
,9,-11.8870196160802,141.301235353074,,,,,,,,,,,,,,,,,,,,,
,10,-7.86917411136077,61.9239011949106,,,,,,,,,,,,,,,,,,,,,
,11,-19.8513286066414,394.075247448858,,,,,,,,,,,,,,,,,,,,,
,12,-19.833483101922,393.367051954226,,,,,,,,,,,,,,,,,,,,,
,13,-6.81563759720262,46.4529158564019,,,,,,,,,,,,,,,,,,,,,
,14,22.2022079075168,492.9380359686,,,,,,,,,,,,,,,,,,,,,
,15,5.22005341223616,27.2489576265983,,,,,,,,,,,,,,,,,,,,,
,16,9.23789891695554,85.3387763998883,,,,,,,,,,,,,,,,,,,,,
,17,-6.74425557832507,45.4849833057689,,,,,,,,,,,,,,,,,,,,,
,18,-27.7264100736057,768.753815569743,,,,,,,,,,,,,,,,,,,,,
,19,-8.70856456888631,75.839096850462,,,,,,,,,,,,,,,,,,,,,
,20,22.3092809358331,497.704015873925,,,,,,,,,,,,,,,,,,,,,
,21,-28.6728735594475,822.133678156066,,,,,,,,,,,,,,,,,,,,,
,22,-6.65502805472815,44.2893984092187,,,,,,,,,,,,,,,,,,,,,
,23,13.3628174499912,178.56489020179,,,,,,,,,,,,,,,,,,,,,
,24,-0.619337045289385,0.383578375667785,,,,,,,,,,,,,,,,,,,,,
,25,7.39850845943001,54.7379274242573,,,,,,,,,,,,,,,,,,,,,
,26,-28.5836460358506,817.024820702798,,,,,,,,,,,,,,,,,,,,,
,27,29.4341994688688,866.372098373155,,,,,,,,,,,,,,,,,,,,,
,28,-9.54795502641184,91.1634451863832,,,,,,,,,,,,,,,,,,,,,
,29,2.46989047830755,6.10035897483429,,,,,,,,,,,,,,,,,,,,,
,30,-18.5122640169731,342.703919034116,,,,,,,,,,,,,,,,,,,,,
,31,27.5055814877463,756.557012979053,,,,,,,,,,,,,,,,,,,,,
,32,-8.4765730075343,71.8522899520591,,,,,,,,,,,,,,,,,,,,,
,33,13.5412724971851,183.366060843021,,,,,,,,,,,,,,,,,,,,,
,34,-5.44088199809553,29.6031969172001,,,,,,,,,,,,,,,,,,,,,
,35,18.5769635066239,345.103573126434,,,,,,,,,,,,,,,,,,,,,
,36,-3.40519098865677,11.5953256692293,,,,,,,,,,,,,,,,,,,,,
,37,28.6126545160626,818.683998455559,,,,,,,,,,,,,,,,,,,,,
,38,11.630500020782,135.26853073341,,,,,,,,,,,,,,,,,,,,,
,39,-2.35165447449862,5.53027876742936,,,,,,,,,,,,,,,,,,,,,
,40,29.6661910302208,880.082890241552,,,,,,,,,,,,,,,,,,,,,
,41,-14.3159634650598,204.946809932928,,,,,,,,,,,,,,,,,,,,,
,42,-15.2981179603404,234.032413128491,,,,,,,,,,,,,,,,,,,,,
,43,16.7197275443789,279.549289158263,,,,,,,,,,,,,,,,,,,,,
,44,20.7375730490983,430.046935966688,,,,,,,,,,,,,,,,,,,,,
,45,13.7554185538177,189.211539590712,,,,,,,,,,,,,,,,,,,,,
,46,24.7732640585371,613.714612114005,,,,,,,,,,,,,,,,,,,,,
,47,21.7911095632565,474.852455997848,,,,,,,,,,,,,,,,,,,,,
,48,26.8089550679759,718.720071836749,,,,,,,,,,,,,,,,,,,,,
,49,-27.1731994273048,738.382767116077,,,,,,,,,,,,,,,,,,,,,
,50,6.84464607741461,46.8491799250672,,,,,,,,,,,,,,,,,,,,,
,51,20.862491582134,435.243555014612,,,,,,,,,,,,,,,,,,,,,
,52,-23.1196629131466,534.518813217527,,,,,,,,,,,,,,,,,,,,,
,53,-9.10181740842722,82.8430801363489,,,,,,,,,,,,,,,,,,,,,
,54,-21.0839719037078,444.533871236341,,,,,,,,,,,,,,,,,,,,,
,55,8.93387360101153,79.8140975188507,,,,,,,,,,,,,,,,,,,,,
,56,-12.0482808942691,145.161072507209,,,,,,,,,,,,,,,,,,,,,
,57,-26.0304353895497,677.583566569521,,,,,,,,,,,,,,,,,,,,,
,58,-5.01258988483031,25.1260573535031,,,,,,,,,,,,,,,,,,,,,
,59,30.0052556198891,900.315364814886,,,,,,,,,,,,,,,,,,,,,
,60,-15.9768988753915,255.261297674487,,,,,,,,,,,,,,,,,,,,,
,61,20.0409466293278,401.639541799567,,,,,,,,,,,,,,,,,,,,,
,62,28.0587921340472,787.29581602167,,,,,,,,,,,,,,,,,,,,,
,63,-20.9233623612334,437.787092499478,,,,,,,,,,,,,,,,,,,,,
,64,-3.905516856514,15.253061916515,,,,,,,,,,,,,,,,,,,,,
,65,23.1123286482054,534.179735542656,,,,,,,,,,,,,,,,,,,,,
,66,-27.8698258470752,776.727192746304,,,,,,,,,,,,,,,,,,,,,
,67,-9.85198034235586,97.0615166661663,,,,,,,,,,,,,,,,,,,,,
,68,-1.83413483763647,3.36405060263176,,,,,,,,,,,,,,,,,,,,,
,69,17.1837106670829,295.279912290019,,,,,,,,,,,,,,,,,,,,,
,70,30.2015561718023,912.13399519853,,,,,,,,,,,,,,,,,,,,,
,71,-22.7805983234783,518.955659975662,,,,,,,,,,,,,,,,,,,,,
,72,14.2372471812411,202.699207299757,,,,,,,,,,,,,,,,,,,,,
,73,-21.7449073140396,472.840994096171,,,,,,,,,,,,,,,,,,,,,
,74,17.2729381906798,298.354393739046,,,,,,,,,,,,,,,,,,,,,
,75,5.29078369539923,27.9923921115023,,,,,,,,,,,,,,,,,,,,,
,76,-15.6913707998814,246.21911757937,,,,,,,,,,,,,,,,,,,,,
,77,-12.673525295162,160.618243407111,,,,,,,,,,,,,,,,,,,,,
,78,6.34432020955737,40.250398921398,,,,,,,,,,,,,,,,,,,,,
,79,20.3621657142768,414.617792575668,,,,,,,,,,,,,,,,,,,,,
,80,10.3800112189961,107.744632906486,,,,,,,,,,,,,,,,,,,,,
,81,-25.6021432762845,655.469740339398,,,,,,,,,,,,,,,,,,,,,
,82,-27.5842977715651,760.89348355037,,,,,,,,,,,,,,,,,,,,,
,83,-23.5664522668457,555.377672445516,,,,,,,,,,,,,,,,,,,,,
,84,24.4513932378737,597.870631273134,,,,,,,,,,,,,,,,,,,,,
,85,12.4692387425931,155.481914819784,,,,,,,,,,,,,,,,,,,,,
,86,-25.5129157526875,650.908870203732,,,,,,,,,,,,,,,,,,,,,
,87,24.5049297520318,600.491582152013,,,,,,,,,,,,,,,,,,,,,
,88,-0.477224743248826,0.227743455568908,,,,,,,,,,,,,,,,,,,,,
,89,-11.4593792385294,131.31737253244,,,,,,,,,,,,,,,,,,,,,
,90,-3.44153373381005,11.8441544409525,,,,,,,,,,,,,,,,,,,,,
,91,14.5763117709093,212.46886484275,,,,,,,,,,,,,,,,,,,,,
,92,4.59415727562873,21.1062810732124,,,,,,,,,,,,,,,,,,,,,
,93,-19.3879972196519,375.894436189229,,,,,,,,,,,,,,,,,,,,,
,94,6.62984828506751,43.9548882830126,,,,,,,,,,,,,,,,,,,,,
,95,-15.3523062102131,235.693305972148,,,,,,,,,,,,,,,,,,,,,
,96,1.66553929450629,2.77402114154451,,,,,,,,,,,,,,,,,,,,,
,97,18.6833847992257,349.068867555937,,,,,,,,,,,,,,,,,,,,,
,98,-14.298769696055,204.454814820821,,,,,,,,,,,,,,,,,,,,,
,99,-21.2809241913356,452.877734437373,,,,,,,,,,,,,,,,,,,,,
,0,7.94828064799127,63.1751652592326,,,,,,,,,,,,,,,,,,,,,
,1,20.9661881299171,439.581044699077,,,,,,,,,,,,,,,,,,,,,
,2,-2.01590438815707,4.06387050219094,,,,,,,,,,,,,,,,,,,,,
,3,-15.9979969062312,255.935905011784,,,,,,,,,,,,,,,,,,,,,
,4,12.0199105756946,144.478250247695,,,,,,,,,,,,,,,,,,,,,
,5,-22.9621819423796,527.261799554943,,,,,,,,,,,,,,,,,,,,,
,6,-9.94427446045376,98.8885945448329,,,,,,,,,,,,,,,,,,,,,
,7,8.07363302147207,65.1835501654042,,,,,,,,,,,,,,,,,,,,,
,8,27.0915405033979,733.951566847249,,,,,,,,,,,,,,,,,,,,,
,9,-11.8905520146763,141.385227213722,,,,,,,,,,,,,,,,,,,,,
,10,-7.87264453275045,61.9785319390455,,,,,,,,,,,,,,,,,,,,,
,11,-19.8547370508246,394.210583357388,,,,,,,,,,,,,,,,,,,,,
,12,-19.8368295688988,393.499807345537,,,,,,,,,,,,,,,,,,,,,
,13,-6.81892208697296,46.4976984282077,,,,,,,,,,,,,,,,,,,,,
,14,22.1989853949529,492.794952565331,,,,,,,,,,,,,,,,,,,,,
,15,5.2168928768787,27.2159712888277,,,,,,,,,,,,,,,,,,,,,
,16,9.23480035880453,85.2815376669762,,,,,,,,,,,,,,,,,,,,,
,17,-6.74729215926965,45.5259514825417,,,,,,,,,,,,,,,,,,,,,
,18,-27.7293846773438,768.918774584111,,,,,,,,,,,,,,,,,,,,,
,19,-8.71147719541799,75.8898349262877,,,,,,,,,,,,,,,,,,,,,
,20,22.3064302865078,497.576832126834,,,,,,,,,,,,,,,,,,,,,
,21,-28.6756622315664,822.293604418881,,,,,,,,,,,,,,,,,,,,,
,22,-6.65775474964052,44.3256983063609,,,,,,,,,,,,,,,,,,,,,
,23,13.3601527322853,178.493681029991,,,,,,,,,,,,,,,,,,,,,
,24,-0.621939785788854,0.386809097147085,,,,,,,,,,,,,,,,,,,,,
,25,7.39596769613698,54.7003381623017,,,,,,,,,,,,,,,,,,,,,
,26,-28.5861248219372,817.166532335374,,,,,,,,,,,,,,,,,,,,,
,27,29.4317826599886,866.229830544807,,,,,,,,,,,,,,,,,,,,,
,28,-9.55030985808554,91.2084183854459,,,,,,,,,,,,,,,,,,,,,
,29,2.46759762384028,6.08903803318218,,,,,,,,,,,,,,,,,,,,,
,30,-18.5144948942339,342.786521188613,,,,,,,,,,,,,,,,,,,,,
,31,27.5034125876919,756.437703968811,,,,,,,,,,,,,,,,,,,,,
,32,-8.47867993038223,71.8880133618664,,,,,,,,,,,,,,,,,,,,,
,33,13.5392275515436,183.310682692477,,,,,,,,,,,,,,,,,,,,,
,34,-5.44286496653058,29.6247790438859,,,,,,,,,,,,,,,,,,,,,
,35,18.5750425153953,345.032204448741,,,,,,,,,,,,,,,,,,,,,
,36,-3.40705000267892,11.6079897207544,,,,,,,,,,,,,,,,,,,,,
,37,28.6108574792469,818.581165697779,,,,,,,,,,,,,,,,,,,,,
,38,11.6287649611727,135.228174522199,,,,,,,,,,,,,,,,,,,,,
,39,-2.35332755690143,5.53815059007167,,,,,,,,,,,,,,,,,,,,,
,40,29.6645799250244,879.987302128161,,,,,,,,,,,,,,,,,,,,,
,41,-14.3175125930498,204.991166852139,,,,,,,,,,,,,,,,,,,,,
,42,-15.299605111124,234.07791655633,,,,,,,,,,,,,,,,,,,,,
,43,16.7183023708019,279.501634161559,,,,,,,,,,,,,,,,,,,,,
,44,20.7362098527277,429.990399056362,,,,,,,,,,,,,,,,,,,,,
,45,13.7541173346535,189.175743655417,,,,,,,,,,,,,,,,,,,,,
,46,24.7720248165794,613.653213513224,,,,,,,,,,,,,,,,,,,,,
,47,21.7899322985052,474.80114957344,,,,,,,,,,,,,,,,,,,,,
,48,26.807839780431,718.660273693259,,,,,,,,,,,,,,,,,,,,,
,49,-27.1742527376431,738.440011849306,,,,,,,,,,,,,,,,,,,,,
,50,6.84365474428267,46.8356102589427,,,,,,,,,,,,,,,,,,,,,
,51,20.8615622262085,435.20477851797,,,,,,,,,,,,,,,,,,,,,
,52,-23.1205302918657,534.558920977078,,,,,,,,,,,,,,,,,,,,,
,53,-9.10262280993985,82.8577420200372,,,,,,,,,,,,,,,,,,,,,
,54,-21.084715328014,444.565220463388,,,,,,,,,,,,,,,,,,,,,
,55,8.93319215391182,79.8019220587117,,,,,,,,,,,,,,,,,,,,,
,56,-12.0489003641624,145.175999985512,,,,,,,,,,,,,,,,,,,,,
,57,-26.0309928822365,677.612590435048,,,,,,,,,,,,,,,,,,,,,
,58,-5.0130854003107,25.1310252308083,,,,,,,,,,,,,,,,,,,,,
,59,30.0048220816151,900.289348149378,,,,,,,,,,,,,,,,,,,,,
,60,-15.977270436459,255.273170599748,,,,,,,,,,,,,,,,,,,,,
,61,20.0406370454668,401.627133188136,,,,,,,,,,,,,,,,,,,,,
,62,28.0585445273926,787.281920995675,,,,,,,,,,,,,,,,,,,,,
,63,-20.9235479906816,437.794860518354,,,,,,,,,,,,,,,,,,,,,
,64,-3.90564050875574,15.2540277836338,,,,,,,,,,,,,,,,,,,,,
,65,23.1122669731701,534.17688463909,,,,,,,,,,,,,,,,,,,,,
,66,-27.8698255449041,776.727175903388,,,,,,,,,,,,,,,,,,,,,
,67,-9.85191806297823,97.0602895196367,,,,,,,,,,,,,,,,,,,,,
,68,-1.83401058105241,3.3635948114122,,,,,,,,,,,,,,,,,,,,,
,69,17.1838969008734,295.286312699847,,,,,,,,,,,,,,,,,,,,,
,70,30.2018043827993,912.148987976872,,,,,,,,,,,,,,,,,,,,,
,71,-22.7802881352749,518.941527526148,,,,,,,,,,,,,,,,,,,,,
,72,14.2376193466509,202.709804660128,,,,,,,,,,,,,,,,,,,,,
,73,-21.7444731714233,472.822113502746,,,,,,,,,,,,,,,,,,,,,
,74,17.2734343105026,298.371532879247,,,,,,,,,,,,,,,,,,,,,
,75,5.29134179242837,27.9982979642991,,,,,,,,,,,,,,,,,,,,,
,76,-15.6907507256458,246.199658334354,,,,,,,,,,,,,,,,,,,,,
,77,-12.67284324372,160.600955879899,,,,,,,,,,,,,,,,,,,,,
,78,6.34506423820588,40.2598401869592,,,,,,,,,,,,,,,,,,,,,
,79,20.3629717201317,414.650617274883,,,,,,,,,,,,,,,,,,,,,
,80,10.3808792020575,107.76265300771,,,,,,,,,,,,,,,,,,,,,
,81,-25.6012133160166,655.422123252188,,,,,,,,,,,,,,,,,,,,,
,82,-27.5833058340908,760.838760736989,,,,,,,,,,,,,,,,,,,,,
,83,-23.565398352165,555.32799949622,,,,,,,,,,,,,,,,,,,,,
,84,24.4525091297608,597.925202741037,,,,,,,,,,,,,,,,,,,,,
,85,12.4704166116867,155.511290469031,,,,,,,,,,,,,,,,,,,,,
,86,-25.5116759063875,650.845607552552,,,,,,,,,,,,,,,,,,,,,
,87,24.5062315755383,600.555386033912,,,,,,,,,,,,,,,,,,,,,
,88,-0.475860942535803,0.226443636631063,,,,,,,,,,,,,,,,,,,,,
,89,-11.45795346061,131.284697505504,,,,,,,,,,,,,,,,,,,,,
,90,-3.44004597868417,11.8339163354611,,,,,,,,,,,,,,,,,,,,,
,91,14.5778615032417,212.514046007695,,,,,,,,,,,,,,,,,,,,,
,92,4.59576898516747,21.1210925650272,,,,,,,,,,,,,,,,,,,,,
,93,-19.3863235329067,375.829540122531,,,,,,,,,,,,,,,,,,,,,
,94,6.63158394901916,43.9779056728886,,,,,,,,,,,,,,,,,,,,,
,95,-15.350508569055,235.638113328632,,,,,,,,,,,,,,,,,,,,,
,96,1.66739891287079,2.78021913464271,,,,,,,,,,,,,,,,,,,,,
,97,18.6853063947966,349.140675067427,,,,,,,,,,,,,,,,,,,,,
,98,-14.2967861232775,204.39809345474,,,,,,,,,,,,,,,,,,,,,
,99,-21.2788786413517,452.790676233373,,,,,,,,,,,,,,,,,,,,,
,0,7.94420051289428,63.1103217890697,,,,,,,,,,,,,,,,,,,,,
,1,20.9621698196159,439.412563546417,,,,,,,,,,,,,,,,,,,,,
,2,-2.0198608736624,4.07983794895222,,,,,,,,,,,,,,,,,,,,,
,3,-16.0018915669407,256.060533720129,,,,,,,,,,,,,,,,,,,,,
,4,12.0160777397809,144.386124248459,,,,,,,,,,,,,,,,,,,,,
,5,-22.9659529534974,527.434995062256,,,,,,,,,,,,,,,,,,,,,
,6,-9.94798364677575,98.9623786365177,,,,,,,,,,,,,,,,,,,,,
,7,8.06998565994592,65.1246685517327,,,,,,,,,,,,,,,,,,,,,
,8,27.0879549666676,733.757304276211,,,,,,,,,,,,,,,,,,,,,
,9,-11.8940757266108,141.469037390351,,,,,,,,,,,,,,,,,,,,,
,10,-7.8761064198891,62.0330523374183,,,,,,,,,,,,,,,,,,,,,
,11,-19.8581371131674,394.345609605358,,,,,,,,,,,,,,,,,,,,,
,12,-19.8401678064458,393.632258587927,,,,,,,,,,,,,,,,,,,,,
,13,-6.82219849972411,46.5423923696379,,,,,,,,,,,,,,,,,,,,,
,14,22.1957708069976,492.652241716765,,,,,,,,,,,,,,,,,,,,,
,15,5.21374011371922,27.1830859734049,,,,,,,,,,,,,,,,,,,,,
,16,9.23170942044088,85.2244588234569,,,,,,,,,,,,,,,,,,,,,
,17,-6.75032127283745,45.5668372865219,,,,,,,,,,,,,,,,,,,,,
,18,-27.7323519661158,769.083345572527,,,,,,,,,,,,,,,,,,,,,
,19,-8.71438265939413,75.9404651343492,,,,,,,,,,,,,,,,,,,,,
,20,22.3035866473275,497.449977334847,,,,,,,,,,,,,,,,,,,,,
,21,-28.6784440459508,822.453152896732,,,,,,,,,,,,,,,,,,,,,
,22,-6.66047473922914,44.3619237519095,,,,,,,,,,,,,,,,,,,,,
,23,13.3574945674925,178.422661120592,,,,,,,,,,,,,,,,,,,,,
,24,-0.624536125785824,0.390045372411566,,,,,,,,,,,,,,,,,,,,,
,25,7.39343318093584,54.6628542009631,,,,,,,,,,,,,,,,,,,,,
,26,-28.5885975123425,817.307907722715,,,,,,,,,,,,,,,,,,,,,
,27,29.4293717943792,866.0879242118,,,,,,,,,,,,,,,,,,,,,
,28,-9.55265889889917,91.2532920387175,,,,,,,,,,,,,,,,,,,,,
,29,2.4653104078225,6.07775540691794,,,,,,,,,,,,,,,,,,,,,
,30,-18.5167202854558,342.868930129812,,,,,,,,,,,,,,,,,,,,,
,31,27.5012490212658,756.318697729674,,,,,,,,,,,,,,,,,,,,,
,32,-8.48078167201251,71.9236577683433,,,,,,,,,,,,,,,,,,,,,
,33,13.5371876347091,183.255449057322,,,,,,,,,,,,,,,,,,,,,
,34,-5.44484305856919,29.6463159324491,,,,,,,,,,,,,,,,,,,,,
,35,18.5731262481525,344.961018629811,,,,,,,,,,,,,,,,,,,,,
,36,-3.40890444512587,11.6206295159989,,,,,,,,,,,,,,,,,,,,,
,37,28.6090648615958,818.478592254995,,,,,,,,,,,,,,,,,,,,,
,38,11.6270341683175,135.187923551222,,,,,,,,,,,,,,,,,,,,,
,39,-2.35499652496088,5.54600863257783,,,,,,,,,,,,,,,,,,,,,
,40,29.6629727817608,879.891954251481,,,,,,,,,,,,,,,,,,,,,
,41,-14.3190579115175,205.035419473393,,,,,,,,,,,,,,,,,,,,,
,42,-15.3010886047959,234.123312491815,,,,,,,,,,,,,,,,,,,,,
,43,16.7168807019258,279.454100402418,,,,,,,,,,,,,,,,,,,,,
,44,20.7348500086474,429.934004881107,,,,,,,,,,,,,,,,,,,,,
,45,13.7528193153691,189.140039121189,,,,,,,,,,,,,,,,,,,,,
,46,24.7707886220908,613.591968960301,,,,,,,,,,,,,,,,,,,,,
,47,21.7887579288124,474.749972080387,,,,,,,,,,,,,,,,,,,,,
,48,26.8067272355341,718.600625080325,,,,,,,,,,,,,,,,,,,,,
,49,-27.1753034577443,738.497118020487,,,,,,,,,,,,,,,,,,,,,
,50,6.84266584897742,46.8220759207619,,,,,,,,,,,,,,,,,,,,,
,51,20.8606351556991,435.166099099188,,,,,,,,,,,,,,,,,,,,,
,52,-23.1213955375793,534.598931605191,,,,,,,,,,,,,,,,,,,,,
,53,-9.10342623085759,82.8723691406661,,,,,,,,,,,,,,,,,,,,,
,54,-21.0854569241359,444.596493699592,,,,,,,,,,,,,,,,,,,,,
,55,8.93251238258571,79.7897774650471,,,,,,,,,,,,,,,,,,,,,
,56,-12.0495183106926,145.190891519716,,,,,,,,,,,,,,,,,,,,,
,57,-26.031549003971,677.641543546141,,,,,,,,,,,,,,,,,,,,,
,58,-5.0135796972493,25.1359813806704,,,,,,,,,,,,,,,,,,,,,
,59,30.0043896094724,900.263395837014,,,,,,,,,,,,,,,,,,,,,
,60,-15.977641083806,255.285014602924,,,,,,,,,,,,,,,,,,,,,
,61,20.0403282229157,401.614755282191,,,,,,,,,,,,,,,,,,,,,
,62,28.0582975296374,787.268060261655,,,,,,,,,,,,,,,,,,,,,
,63,-20.923733163641,437.802609503249,,,,,,,,,,,,,,,,,,,,,
,64,-3.90576385691932,15.2549913060173,,,,,,,,,,,,,,,,,,,,,
,65,23.1122054498024,534.174040753874,,,,,,,,,,,,,,,,,,,,,
,66,-27.869825243476,776.727159101891,,,,,,,,,,,,,,,,,,,,,
,67,-9.85185593675433,97.0590653985616,,,,,,,,,,,,,,,,,,,,,
,68,-1.83388663003265,3.36314017181252,,,,,,,,,,,,,,,,,,,,,
,69,17.184082676689,295.292697439283,,,,,,,,,,,,,,,,,,,,,
,70,30.2020519834107,912.16394400864,,,,,,,,,,,,,,,,,,,,,
,71,-22.7799787098677,518.927430022024,,,,,,,,,,,,,,,,,,,,,
,72,14.237990596854,202.720376236103,,,,,,,,,,,,,,,,,,,,,
,73,-21.7440400964244,472.80327971491,,,,,,,,,,,,,,,,,,,,,
,74,17.2739292102973,298.388630362363,,,,,,,,,,,,,,,,,,,,,
,75,5.29189851701898,28.0041899144277,,,,,,,,,,,,,,,,,,,,,
,76,-15.6901321762594,246.18024770849,,,,,,,,,,,,,,,,,,,,,
,77,-12.6721628695377,160.58371179209,,,,,,,,,,,,,,,,,,,,,
,78,6.34580643718397,40.2692593382055,,,,,,,,,,,,,,,,,,,,,
,79,20.3637757439056,414.683362548079,,,,,,,,,,,,,,,,,,,,,
,80,10.3817450506273,107.780630296224,,,,,,,,,,,,,,,,,,,,,
,81,-25.600285642651,655.374624985325,,,,,,,,,,,,,,,,,,,,,
,82,-27.5823163359294,760.784174455277,,,,,,,,,,,,,,,,,,,,,
,83,-23.5643470292077,555.27845091293,,,,,,,,,,,,,,,,,,,,,
,84,24.4536222775139,597.979642491326,,,,,,,,,,,,,,,,,,,,,
,85,12.4715915842356,155.540596643975,,,,,,,,,,,,,,,,,,,,,
,86,-25.5104391090428,650.782503536178,,,,,,,,,,,,,,,,,,,,,
,87,24.5075301976789,600.619036390142,,,,,,,,,,,,,,,,,,,,,
,88,-0.474500495599443,0.225150720324117,,,,,,,,,,,,,,,,,,,,,
,89,-11.4565311888778,131.252106881729,,,,,,,,,,,,,,,,,,,,,
,90,-3.43856188215614,11.8237078174172,,,,,,,,,,,,,,,,,,,,,
,91,14.5794074245655,212.559120851477,,,,,,,,,,,,,,,,,,,,,
,92,4.59737673128723,21.1358728093812,,,,,,,,,,,,,,,,,,,,,
,93,-19.3846539619911,375.764809226139,,,,,,,,,,,,,,,,,,,,,
,94,6.63331534473053,44.0008724626376,,,,,,,,,,,,,,,,,,,,,
,95,-15.3487153485478,235.583062850746,,,,,,,,,,,,,,,,,,,,,
,96,1.66925395817384,2.78640877687903,,,,,,,,,,,,,,,,,,,,,
,97,18.6872232648955,349.212313352052,,,,,,,,,,,,,,,,,,,,,
,98,-14.2948074283828,204.341519414548,,,,,,,,,,,,,,,,,,,,,
,99,-21.2768381216612,452.703840455374,,,,,,,,,,,,,,,,,,,,,
,0,7.94013041141951,63.0456709503489,,,,,,,,,,,,,,,,,,,,,
,1,20.9581613909012,439.244528887061,,,,,,,,,,,,,,,,,,,,,
,2,-2.02380762961712,4.09579732169647,,,,,,,,,,,,,,,,,,,,,
,3,-16.0057766501354,256.184886174021,,,,,,,,,,,,,,,,,,,,,
,4,12.0122543293463,144.294254072898,,,,,,,,,,,,,,,,,,,,,
,5,-22.9697146911721,527.607792993846,,,,,,,,,,,,,,,,,,,,,
,6,-9.95168371169037,99.0360086975235,,,,,,,,,,,,,,,,,,,,,
,7,8.06634726779132,65.0659582446044,,,,,,,,,,,,,,,,,,,,,
,8,27.084378247273,733.563545041355,,,,,,,,,,,,,,,,,,,,,
,9,-11.8975907732453,141.552666207612,,,,,,,,,,,,,,,,,,,,,
,10,-7.87955979376363,62.0874625434963,,,,,,,,,,,,,,,,,,,,,
,11,-19.8615288142819,394.480326840552,,,,,,,,,,,,,,,,,,,,,
,12,-19.8434978348003,393.764406319722,,,,,,,,,,,,,,,,,,,,,
,13,-6.82546685531857,46.5869977930523,,,,,,,,,,,,,,,,,,,,,
,14,22.1925641241631,492.509902405092,,,,,,,,,,,,,,,,,,,,,
,15,5.21059510364481,27.1503013341272,,,,,,,,,,,,,,,,,,,,,
,16,9.22862608312649,85.1675393821626,,,,,,,,,,,,,,,,,,,,,
,17,-6.75334293739182,45.60764083002,,,,,,,,,,,,,,,,,,,,,
,18,-27.7353119579101,769.247529402593,,,,,,,,,,,,,,,,,,,,,
,19,-8.71728097842845,75.9909876568704,,,,,,,,,,,,,,,,,,,,,
,20,22.3007500010532,497.323450609476,,,,,,,,,,,,,,,,,,,,,
,21,-28.6812190194651,822.612324442524,,,,,,,,,,,,,,,,,,,,,
,22,-6.66318803998338,44.3980748561776,,,,,,,,,,,,,,,,,,,,,
,23,13.3548429394983,178.351829938668,,,,,,,,,,,,,,,,,,,,,
,24,-0.627126081020009,0.393287121495515,,,,,,,,,,,,,,,,,,,,,
,25,7.39090489846168,54.6254752181049,,,,,,,,,,,,,,,,,,,,,
,26,-28.5910641220566,817.448947631554,,,,,,,,,,,,,,,,,,,,,
,27,29.4269668574251,865.946378427993,,,,,,,,,,,,,,,,,,,,,
,28,-9.55500216309326,91.2980663367169,,,,,,,,,,,,,,,,,,,,,
,29,2.46302881638843,6.06651095035979,,,,,,,,,,,,,,,,,,,,,
,30,-18.5189402041299,342.951146284138,,,,,,,,,,,,,,,,,,,,,
,31,27.4990907753518,756.199993471039,,,,,,,,,,,,,,,,,,,,,
,32,-8.4828782451665,71.9592233223191,,,,,,,,,,,,,,,,,,,,,
,33,13.5351527343152,183.20035954124,,,,,,,,,,,,,,,,,,,,,
,34,-5.44681628620313,29.6678076556477,,,,,,,,,,,,,,,,,,,,,
,35,18.5712146932786,344.890015183845,,,,,,,,,,,,,,,,,,,,,
,36,-3.41075432723976,11.6332450807847,,,,,,,,,,,,,,,,,,,,,
,37,28.6072766522419,818.376277457906,,,,,,,,,,,,,,,,,,,,,
,38,11.6253076317236,135.147777532211,,,,,,,,,,,,,,,,,,,,,
,39,-2.35666138879471,5.55385290143579,,,,,,,,,,,,,,,,,,,,,
,40,29.661369590687,879.796845995331,,,,,,,,,,,,,,,,,,,,,
,41,-14.3205994298313,205.079568029686,,,,,,,,,,,,,,,,,,,,,
,42,-15.3025684503496,234.168601177636,,,,,,,,,,,,,,,,,,,,,
,43,16.7154625291321,279.406687562818,,,,,,,,,,,,,,,,,,,,,
,44,20.7334935086137,429.877753071727,,,,,,,,,,,,,,,,,,,,,
,45,13.7515244880954,189.104425746688,,,,,,,,,,,,,,,,,,,,,
,46,24.7695554675771,613.530878061379,,,,,,,,,,,,,,,,,,,,,
,47,21.7875864470588,474.69892318806,,,,,,,,,,,,,,,,,,,,,
,48,26.8056174265405,718.541125618051,,,,,,,,,,,,,,,,,,,,,
,49,-27.1763515939778,738.554085959502,,,,,,,,,,,,,,,,,,,,,
,50,6.84167938550385,46.8085768140284,,,,,,,,,,,,,,,,,,,,,
,51,20.8597103649855,435.127516511085,,,,,,,,,,,,,,,,,,,,,
,52,-23.1222586555328,534.63884533336,,,,,,,,,,,,,,,,,,,,,
,53,-9.1042276760511,82.8869615773747,,,,,,,,,,,,,,,,,,,,,
,54,-21.0861966965694,444.627691126414,,,,,,,,,,,,,,,,,,,,,
,55,8.93183428291229,79.7776636574073,,,,,,,,,,,,,,,,,,,,,
,56,-12.050134737606,145.205747194459,,,,,,,,,,,,,,,,,,,,,
,57,-26.0321037581244,677.670426073752,,,,,,,,,,,,,,,,,,,,,
,58,-5.01407277864266,25.1409258295253,,,,,,,,,,,,,,,,,,,,,
,59,30.003958200839,900.237507717696,,,,,,,,,,,,,,,,,,,,,
,60,-15.9780108196793,255.296829753788,,,,,,,,,,,,,,,,,,,,,
,61,20.0400201598024,401.602408005286,,,,,,,,,,,,,,,,,,,,,
,62,28.0580511392841,787.254233734681,,,,,,,,,,,,,,,,,,,,,
,63,-20.9239178812342,437.810339500633,,,,,,,,,,,,,,,,,,,,,
,64,-3.90588690175252,15.2559524892819,,,,,,,,,,,,,,,,,,,,,
,65,23.1121440777292,534.171203869712,,,,,,,,,,,,,,,,,,,,,
,66,-27.8698249427892,776.727142341713,,,,,,,,,,,,,,,,,,,,,
,67,-9.85179396330747,97.0578442954616,,,,,,,,,,,,,,,,,,,,,
,68,-1.83376298382578,3.36268668084962,,,,,,,,,,,,,,,,,,,,,
,69,17.1842679956559,295.299066546524,,,,,,,,,,,,,,,,,,,,,
,70,30.2022989751376,912.178863383597,,,,,,,,,,,,,,,,,,,,,
,71,-22.7796700453807,518.913367376416,,,,,,,,,,,,,,,,,,,,,
,72,14.238360934101,202.730922089733,,,,,,,,,,,,,,,,,,,,,
,73,-21.7436080864173,472.784492615714,,,,,,,,,,,,,,,,,,,,,
,74,17.2744228930643,298.405686288425,,,,,,,,,,,,,,,,,,,,,
,75,5.29245387254602,28.0100679930274,,,,,,,,,,,,,,,,,,,,,
,76,-15.6895151479723,246.160885578452,,,,,,,,,,,,,,,,,,,,,
,77,-12.6714841684906,160.566511032308,,,,,,,,,,,,,,,,,,,,,
,78,6.34654681099107,40.2786564241009,,,,,,,,,,,,,,,,,,,,,
,79,20.3645777904728,414.716028584217,,,,,,,,,,,,,,,,,,,,,
,80,10.3826087699545,107.798564869935,,,,,,,,,,,,,,,,,,,,,
,81,-25.5993602505638,655.327245238148,,,,,,,,,,,,,,,,,,,,,
,82,-27.5813292710822,760.729724359853,,,,,,,,,,,,,,,,,,,,,
,83,-23.5632982916005,555.229026378943,,,,,,,,,,,,,,,,,,,,,
,84,24.4547326878812,598.033950835726,,,,,,,,,,,,,,,,,,,,,
,85,12.4727636673629,155.569833501887,,,,,,,,,,,,,,,,,,,,,
,86,-25.5092053531554,650.719557749454,,,,,,,,,,,,,,,,,,,,,
,87,24.5088256263263,600.682533581667,,,,,,,,,,,,,,,,,,,,,
,88,-0.47314339419205,0.223864671467574,,,,,,,,,,,,,,,,,,,,,
,89,-11.4551124147104,131.219600433653,,,,,,,,,,,,,,,,,,,,,
,90,-3.43708143522872,11.8135287923939,,,,,,,,,,,,,,,,,,,,,
,91,14.580949544253,212.604089612051,,,,,,,,,,,,,,,,,,,,,
,92,4.59898052373467,21.1506218576908,,,,,,,,,,,,,,,,,,,,,
,93,-19.3829884967836,375.700243066447,,,,,,,,,,,,,,,,,,,,,
,94,6.63504248269805,44.023788747208,,,,,,,,,,,,,,,,,,,,,
,95,-15.3469265378203,235.528154157252,,,,,,,,,,,,,,,,,,,,,
,96,1.67110444166144,2.7925900549406,,,,,,,,,,,,,,,,,,,,,
,97,18.6891354211431,349.283782789827,,,,,,,,,,,,,,,,,,,,,
,98,-14.2928335993752,204.285092299429,,,,,,,,,,,,,,,,,,,,,
,99,-21.2748026198935,452.617226515429,,,,,,,,,,,,,,,,,,,,,
,0,7.93607031889288,62.9812121064125,,,,,,,,,,,,,,,,,,,,,
,1,20.9541628194727,439.07693946497,,,,,,,,,,,,,,,,,,,,,
,2,-2.02774467994757,4.11174848705566,,,,,,,,,,,,,,,,,,,,,
,3,-16.0096521793678,256.308962904336,,,,,,,,,,,,,,,,,,,,,
,4,12.008440321212,144.20263894811,,,,,,,,,,,,,,,,,,,,,
,5,-22.9734671782082,527.780194188211,,,,,,,,,,,,,,,,,,,,,
,6,-9.95537467762846,99.1094849719659,,,,,,,,,,,,,,,,,,,,,
,7,8.06271782295132,65.0074186925369,,,,,,,,,,,,,,,,,,,,,
,8,27.0808103235311,733.370287779069,,,,,,,,,,,,,,,,,,,,,
,9,-11.9010971758891,141.636113989956,,,,,,,,,,,,,,,,,,,,,
,10,-7.88300467530934,62.141762710949,,,,,,,,,,,,,,,,,,,,,
,11,-19.8649121747296,394.614735709719,,,,,,,,,,,,,,,,,,,,,
,12,-19.8468196741498,393.896251178219,,,,,,,,,,,,,,,,,,,,,
,13,-6.82872717357001,46.6315148110534,,,,,,,,,,,,,,,,,,,,,
,14,22.1893653270098,492.367933615504,,,,,,,,,,,,,,,,,,,,,
,15,5.20745782758955,27.1176170261237,,,,,,,,,,,,,,,,,,,,,
,16,9.22555032816933,85.1107788575852,,,,,,,,,,,,,,,,,,,,,
,17,-6.75635717125089,45.6483622255133,,,,,,,,,,,,,,,,,,,,,
,18,-27.7382646706711,769.411326940201,,,,,,,,,,,,,,,,,,,,,
,19,-8.72017217009134,76.0414026760355,,,,,,,,,,,,,,,,,,,,,
,20,22.2979203304884,497.19725106481,,,,,,,,,,,,,,,,,,,,,
,21,-28.6839871689318,822.771119907444,,,,,,,,,,,,,,,,,,,,,
,22,-6.66589466835201,44.4341517295638,,,,,,,,,,,,,,,,,,,,,
,23,13.3521978322278,178.281186950948,,,,,,,,,,,,,,,,,,,,,
,24,-0.629709667192458,0.396534264955636,,,,,,,,,,,,,,,,,,,,,
,25,7.38838283338733,54.5882008926925,,,,,,,,,,,,,,,,,,,,,
,26,-28.5935246660329,817.589652827031,,,,,,,,,,,,,,,,,,,,,
,27,29.4245678345469,865.805192249851,,,,,,,,,,,,,,,,,,,,,
,28,-9.55733966487334,91.3427414697612,,,,,,,,,,,,,,,,,,,,,
,29,2.46075283570644,6.05530451843731,,,,,,,,,,,,,,,,,,,,,
,30,-18.5211546637138,343.033170077207,,,,,,,,,,,,,,,,,,,,,
,31,27.496937836866,756.081590404473,,,,,,,,,,,,,,,,,,,,,
,32,-8.48496966255422,71.9947101744655,,,,,,,,,,,,,,,,,,,,,
,33,13.5331228380255,183.145413749089,,,,,,,,,,,,,,,,,,,,,
,34,-5.44878466139467,29.6892542862498,,,,,,,,,,,,,,,,,,,,,
,35,18.5693078391851,344.819193626422,,,,,,,,,,,,,,,,,,,,,
,36,-3.41259966023512,11.6458364410368,,,,,,,,,,,,,,,,,,,,,
,37,28.6054928403447,818.27422063901,,,,,,,,,,,,,,,,,,,,,
,38,11.6235853409245,135.107736177754,,,,,,,,,,,,,,,,,,,,,
,39,-2.35832215849578,5.5616834032522,,,,,,,,,,,,,,,,,,,,,
,40,29.659770342084,879.701976745166,,,,,,,,,,,,,,,,,,,,,
,41,-14.3221371573362,205.123612753551,,,,,,,,,,,,,,,,,,,,,
,42,-15.3040446567564,234.213782855996,,,,,,,,,,,,,,,,,,,,,
,43,16.7140478438233,279.359395325615,,,,,,,,,,,,,,,,,,,,,
,44,20.7321403444031,429.821643260028,,,,,,,,,,,,,,,,,,,,,
,45,13.7502328449829,189.068903291246,,,,,,,,,,,,,,,,,,,,,
,46,24.7683253455627,613.469940423642,,,,,,,,,,,,,,,,,,,,,
,47,21.7864178461425,474.648002566714,,,,,,,,,,,,,,,,,,,,,
,48,26.8045103467222,718.481774927539,,,,,,,,,,,,,,,,,,,,,
,49,-27.177397152698,738.610915995478,,,,,,,,,,,,,,,,,,,,,
,50,6.84069534788179,46.7951128425316,,,,,,,,,,,,,,,,,,,,,
,51,20.8587878484616,435.089030507128,,,,,,,,,,,,,,,,,,,,,
,52,-23.1231196509587,534.678662392551,,,,,,,,,,,,,,,,,,,,,
,53,-9.10502715037887,82.9015194091364,,,,,,,,,,,,,,,,,,,,,
,54,-21.0869346497991,444.658812924898,,,,,,,,,,,,,,,,,,,,,
,55,8.93115785078066,79.7655805555611,,,,,,,,,,,,,,,,,,,,,
,56,-12.0507496486395,145.220567094186,,,,,,,,,,,,,,,,,,,,,
,57,-26.0326571480598,677.699238188427,,,,,,,,,,,,,,,,,,,,,
,58,-5.01456464748,25.1458586037562,,,,,,,,,,,,,,,,,,,,,
,59,30.0035278530998,900.211683631735,,,,,,,,,,,,,,,,,,,,,
,60,-15.9783796463204,255.308616121947,,,,,,,,,,,,,,,,,,,,,
,61,20.0397128542593,401.590091281167,,,,,,,,,,,,,,,,,,,,,
,62,28.0578053548391,787.24044133004,,,,,,,,,,,,,,,,,,,,,
,63,-20.9241021445811,437.818050556863,,,,,,,,,,,,,,,,,,,,,
,64,-3.90600964400133,15.2569113390314,,,,,,,,,,,,,,,,,,,,,
,65,23.1120828565785,534.168373969348,,,,,,,,,,,,,,,,,,,,,
,66,-27.8698246428418,776.72712562275,,,,,,,,,,,,,,,,,,,,,
,67,-9.85173214226199,97.0566262028781,,,,,,,,,,,,,,,,,,,,,
,68,-1.8336396416822,3.36223433554842,,,,,,,,,,,,,,,,,,,,,
,69,17.1844528588976,295.305420059673,,,,,,,,,,,,,,,,,,,,,
,70,30.2025453594773,912.193746191286,,,,,,,,,,,,,,,,,,,,,
,71,-22.7793621399429,518.899339502662,,,,,,,,,,,,,,,,,,,,,
,72,14.2387303606369,202.741442282923,,,,,,,,,,,,,,,,,,,,,
,73,-21.7431771387833,472.76575208851,,,,,,,,,,,,,,,,,,,,,
,74,17.2749153617965,298.422700757232,,,,,,,,,,,,,,,,,,,,,
,75,5.29300786237624,28.0159322311767,,,,,,,,,,,,,,,,,,,,,
,76,-15.688899637044,246.141571821239,,,,,,,,,,,,,,,,,,,,,
,77,-12.6708071364642,160.549353489472,,,,,,,,,,,,,,,,,,,,,
,78,6.34728536411558,40.2880314935158,,,,,,,,,,,,,,,,,,,,,
,79,20.3653778646953,414.748615571823,,,,,,,,,,,,,,,,,,,,,
,80,10.3834703652751,107.816456826547,,,,,,,,,,,,,,,,,,,,,
,81,-25.5984371341451,655.279983710778,,,,,,,,,,,,,,,,,,,,,
,82,-27.5803446335653,760.675410106235,,,,,,,,,,,,,,,,,,,,,
,83,-23.5622521329855,555.179725578381,,,,,,,,,,,,,,,,,,,,,
,84,24.4558403675943,598.088128085252,,,,,,,,,,,,,,,,,,,,,
,85,12.473932868174,155.599001199712,,,,,,,,,,,,,,,,,,,,,
,86,-25.5079746312462,650.6567697883,,,,,,,,,,,,,,,,,,,,,
,87,24.5101178693336,600.745877968624,,,,,,,,,,,,,,,,,,,,,
,88,-0.471789630086619,0.222585455057268,,,,,,,,,,,,,,,,,,,,,
,89,-11.4536971295069,131.187177934473,,,,,,,,,,,,,,,,,,,,,
,90,-3.43560462892708,11.8033791663052,,,,,,,,,,,,,,,,,,,,,
,91,14.5824878716527,212.648952526898,,,,,,,,,,,,,,,,,,,,,
,92,4.60058037223246,21.1653397613705,,,,,,,,,,,,,,,,,,,,,
,93,-19.3813271271878,375.635841211065,,,,,,,,,,,,,,,,,,,,,
,94,6.63676537339205,44.0466546214557,,,,,,,,,,,,,,,,,,,,,
,95,-15.3451421260282,235.473386868005,,,,,,,,,,,,,,,,,,,,,
,96,1.67295037455159,2.79876295571231,,,,,,,,,,,,,,,,,,,,,
,97,18.6910428751314,349.355083759999,,,,,,,,,,,,,,,,,,,,,
,98,-14.2908646242889,204.228811709751,,,,,,,,,,,,,,,,,,,,,
,99,-21.2727721237091,452.530833827255,,,,,,,,,,,,,,,,,,,,,
